name	type	source	detector	wavelength_nominal	units
M000S00-M000D00-690.0-sum	MISC	M000S00	M000D00	690.0	
M000S00-M000D00-690.0-mean	MISC	M000S00	M000D00	690.0	ps
M000S00-M000D00-690.0-variance	MISC	M000S00	M000D00	690.0	ps^2
M000S00-M000D00-905.0-sum	MISC	M000S00	M000D00	905.0	
M000S00-M000D00-905.0-mean	MISC	M000S00	M000D00	905.0	ps
M000S00-M000D00-905.0-variance	MISC	M000S00	M000D00	905.0	ps^2
M000S00-M000D01-690.0-sum	MISC	M000S00	M000D01	690.0	
M000S00-M000D01-690.0-mean	MISC	M000S00	M000D01	690.0	ps
M000S00-M000D01-690.0-variance	MISC	M000S00	M000D01	690.0	ps^2
M000S00-M000D01-905.0-sum	MISC	M000S00	M000D01	905.0	
M000S00-M000D01-905.0-mean	MISC	M000S00	M000D01	905.0	ps
M000S00-M000D01-905.0-variance	MISC	M000S00	M000D01	905.0	ps^2
M000S00-M000D02-690.0-sum	MISC	M000S00	M000D02	690.0	
M000S00-M000D02-690.0-mean	MISC	M000S00	M000D02	690.0	ps
M000S00-M000D02-690.0-variance	MISC	M000S00	M000D02	690.0	ps^2
M000S00-M000D02-905.0-sum	MISC	M000S00	M000D02	905.0	
M000S00-M000D02-905.0-mean	MISC	M000S00	M000D02	905.0	ps
M000S00-M000D02-905.0-variance	MISC	M000S00	M000D02	905.0	ps^2
M000S00-M000D03-690.0-sum	MISC	M000S00	M000D03	690.0	
M000S00-M000D03-690.0-mean	MISC	M000S00	M000D03	690.0	ps
M000S00-M000D03-690.0-variance	MISC	M000S00	M000D03	690.0	ps^2
M000S00-M000D03-905.0-sum	MISC	M000S00	M000D03	905.0	
M000S00-M000D03-905.0-mean	MISC	M000S00	M000D03	905.0	ps
M000S00-M000D03-905.0-variance	MISC	M000S00	M000D03	905.0	ps^2
M000S00-M000D04-690.0-sum	MISC	M000S00	M000D04	690.0	
M000S00-M000D04-690.0-mean	MISC	M000S00	M000D04	690.0	ps
M000S00-M000D04-690.0-variance	MISC	M000S00	M000D04	690.0	ps^2
M000S00-M000D04-905.0-sum	MISC	M000S00	M000D04	905.0	
M000S00-M000D04-905.0-mean	MISC	M000S00	M000D04	905.0	ps
M000S00-M000D04-905.0-variance	MISC	M000S00	M000D04	905.0	ps^2
M000S00-M000D05-690.0-sum	MISC	M000S00	M000D05	690.0	
M000S00-M000D05-690.0-mean	MISC	M000S00	M000D05	690.0	ps
M000S00-M000D05-690.0-variance	MISC	M000S00	M000D05	690.0	ps^2
M000S00-M000D05-905.0-sum	MISC	M000S00	M000D05	905.0	
M000S00-M000D05-905.0-mean	MISC	M000S00	M000D05	905.0	ps
M000S00-M000D05-905.0-variance	MISC	M000S00	M000D05	905.0	ps^2
M000S00-M001D04-690.0-sum	MISC	M000S00	M001D04	690.0	
M000S00-M001D04-690.0-mean	MISC	M000S00	M001D04	690.0	ps
M000S00-M001D04-690.0-variance	MISC	M000S00	M001D04	690.0	ps^2
M000S00-M001D04-905.0-sum	MISC	M000S00	M001D04	905.0	
M000S00-M001D04-905.0-mean	MISC	M000S00	M001D04	905.0	ps
M000S00-M001D04-905.0-variance	MISC	M000S00	M001D04	905.0	ps^2
M000S00-M001D05-690.0-sum	MISC	M000S00	M001D05	690.0	
M000S00-M001D05-690.0-mean	MISC	M000S00	M001D05	690.0	ps
M000S00-M001D05-690.0-variance	MISC	M000S00	M001D05	690.0	ps^2
M000S00-M001D05-905.0-sum	MISC	M000S00	M001D05	905.0	
M000S00-M001D05-905.0-mean	MISC	M000S00	M001D05	905.0	ps
M000S00-M001D05-905.0-variance	MISC	M000S00	M001D05	905.0	ps^2
M000S00-M002D02-690.0-sum	MISC	M000S00	M002D02	690.0	
M000S00-M002D02-690.0-mean	MISC	M000S00	M002D02	690.0	ps
M000S00-M002D02-690.0-variance	MISC	M000S00	M002D02	690.0	ps^2
M000S00-M002D02-905.0-sum	MISC	M000S00	M002D02	905.0	
M000S00-M002D02-905.0-mean	MISC	M000S00	M002D02	905.0	ps
M000S00-M002D02-905.0-variance	MISC	M000S00	M002D02	905.0	ps^2
M000S00-M002D03-690.0-sum	MISC	M000S00	M002D03	690.0	
M000S00-M002D03-690.0-mean	MISC	M000S00	M002D03	690.0	ps
M000S00-M002D03-690.0-variance	MISC	M000S00	M002D03	690.0	ps^2
M000S00-M002D03-905.0-sum	MISC	M000S00	M002D03	905.0	
M000S00-M002D03-905.0-mean	MISC	M000S00	M002D03	905.0	ps
M000S00-M002D03-905.0-variance	MISC	M000S00	M002D03	905.0	ps^2
M000S00-M003D00-690.0-sum	MISC	M000S00	M003D00	690.0	
M000S00-M003D00-690.0-mean	MISC	M000S00	M003D00	690.0	ps
M000S00-M003D00-690.0-variance	MISC	M000S00	M003D00	690.0	ps^2
M000S00-M003D00-905.0-sum	MISC	M000S00	M003D00	905.0	
M000S00-M003D00-905.0-mean	MISC	M000S00	M003D00	905.0	ps
M000S00-M003D00-905.0-variance	MISC	M000S00	M003D00	905.0	ps^2
M000S00-M003D01-690.0-sum	MISC	M000S00	M003D01	690.0	
M000S00-M003D01-690.0-mean	MISC	M000S00	M003D01	690.0	ps
M000S00-M003D01-690.0-variance	MISC	M000S00	M003D01	690.0	ps^2
M000S00-M003D01-905.0-sum	MISC	M000S00	M003D01	905.0	
M000S00-M003D01-905.0-mean	MISC	M000S00	M003D01	905.0	ps
M000S00-M003D01-905.0-variance	MISC	M000S00	M003D01	905.0	ps^2
M000S00-M003D02-690.0-sum	MISC	M000S00	M003D02	690.0	
M000S00-M003D02-690.0-mean	MISC	M000S00	M003D02	690.0	ps
M000S00-M003D02-690.0-variance	MISC	M000S00	M003D02	690.0	ps^2
M000S00-M003D02-905.0-sum	MISC	M000S00	M003D02	905.0	
M000S00-M003D02-905.0-mean	MISC	M000S00	M003D02	905.0	ps
M000S00-M003D02-905.0-variance	MISC	M000S00	M003D02	905.0	ps^2
M000S00-M003D03-690.0-sum	MISC	M000S00	M003D03	690.0	
M000S00-M003D03-690.0-mean	MISC	M000S00	M003D03	690.0	ps
M000S00-M003D03-690.0-variance	MISC	M000S00	M003D03	690.0	ps^2
M000S00-M003D03-905.0-sum	MISC	M000S00	M003D03	905.0	
M000S00-M003D03-905.0-mean	MISC	M000S00	M003D03	905.0	ps
M000S00-M003D03-905.0-variance	MISC	M000S00	M003D03	905.0	ps^2
M000S00-M003D04-690.0-sum	MISC	M000S00	M003D04	690.0	
M000S00-M003D04-690.0-mean	MISC	M000S00	M003D04	690.0	ps
M000S00-M003D04-690.0-variance	MISC	M000S00	M003D04	690.0	ps^2
M000S00-M003D04-905.0-sum	MISC	M000S00	M003D04	905.0	
M000S00-M003D04-905.0-mean	MISC	M000S00	M003D04	905.0	ps
M000S00-M003D04-905.0-variance	MISC	M000S00	M003D04	905.0	ps^2
M000S00-M003D05-690.0-sum	MISC	M000S00	M003D05	690.0	
M000S00-M003D05-690.0-mean	MISC	M000S00	M003D05	690.0	ps
M000S00-M003D05-690.0-variance	MISC	M000S00	M003D05	690.0	ps^2
M000S00-M003D05-905.0-sum	MISC	M000S00	M003D05	905.0	
M000S00-M003D05-905.0-mean	MISC	M000S00	M003D05	905.0	ps
M000S00-M003D05-905.0-variance	MISC	M000S00	M003D05	905.0	ps^2
M000S00-M005D04-690.0-sum	MISC	M000S00	M005D04	690.0	
M000S00-M005D04-690.0-mean	MISC	M000S00	M005D04	690.0	ps
M000S00-M005D04-690.0-variance	MISC	M000S00	M005D04	690.0	ps^2
M000S00-M005D04-905.0-sum	MISC	M000S00	M005D04	905.0	
M000S00-M005D04-905.0-mean	MISC	M000S00	M005D04	905.0	ps
M000S00-M005D04-905.0-variance	MISC	M000S00	M005D04	905.0	ps^2
M000S01-M000D00-690.0-sum	MISC	M000S01	M000D00	690.0	
M000S01-M000D00-690.0-mean	MISC	M000S01	M000D00	690.0	ps
M000S01-M000D00-690.0-variance	MISC	M000S01	M000D00	690.0	ps^2
M000S01-M000D00-905.0-sum	MISC	M000S01	M000D00	905.0	
M000S01-M000D00-905.0-mean	MISC	M000S01	M000D00	905.0	ps
M000S01-M000D00-905.0-variance	MISC	M000S01	M000D00	905.0	ps^2
M000S01-M000D01-690.0-sum	MISC	M000S01	M000D01	690.0	
M000S01-M000D01-690.0-mean	MISC	M000S01	M000D01	690.0	ps
M000S01-M000D01-690.0-variance	MISC	M000S01	M000D01	690.0	ps^2
M000S01-M000D01-905.0-sum	MISC	M000S01	M000D01	905.0	
M000S01-M000D01-905.0-mean	MISC	M000S01	M000D01	905.0	ps
M000S01-M000D01-905.0-variance	MISC	M000S01	M000D01	905.0	ps^2
M000S01-M000D02-690.0-sum	MISC	M000S01	M000D02	690.0	
M000S01-M000D02-690.0-mean	MISC	M000S01	M000D02	690.0	ps
M000S01-M000D02-690.0-variance	MISC	M000S01	M000D02	690.0	ps^2
M000S01-M000D02-905.0-sum	MISC	M000S01	M000D02	905.0	
M000S01-M000D02-905.0-mean	MISC	M000S01	M000D02	905.0	ps
M000S01-M000D02-905.0-variance	MISC	M000S01	M000D02	905.0	ps^2
M000S01-M000D03-690.0-sum	MISC	M000S01	M000D03	690.0	
M000S01-M000D03-690.0-mean	MISC	M000S01	M000D03	690.0	ps
M000S01-M000D03-690.0-variance	MISC	M000S01	M000D03	690.0	ps^2
M000S01-M000D03-905.0-sum	MISC	M000S01	M000D03	905.0	
M000S01-M000D03-905.0-mean	MISC	M000S01	M000D03	905.0	ps
M000S01-M000D03-905.0-variance	MISC	M000S01	M000D03	905.0	ps^2
M000S01-M000D04-690.0-sum	MISC	M000S01	M000D04	690.0	
M000S01-M000D04-690.0-mean	MISC	M000S01	M000D04	690.0	ps
M000S01-M000D04-690.0-variance	MISC	M000S01	M000D04	690.0	ps^2
M000S01-M000D04-905.0-sum	MISC	M000S01	M000D04	905.0	
M000S01-M000D04-905.0-mean	MISC	M000S01	M000D04	905.0	ps
M000S01-M000D04-905.0-variance	MISC	M000S01	M000D04	905.0	ps^2
M000S01-M000D05-690.0-sum	MISC	M000S01	M000D05	690.0	
M000S01-M000D05-690.0-mean	MISC	M000S01	M000D05	690.0	ps
M000S01-M000D05-690.0-variance	MISC	M000S01	M000D05	690.0	ps^2
M000S01-M000D05-905.0-sum	MISC	M000S01	M000D05	905.0	
M000S01-M000D05-905.0-mean	MISC	M000S01	M000D05	905.0	ps
M000S01-M000D05-905.0-variance	MISC	M000S01	M000D05	905.0	ps^2
M000S01-M001D00-690.0-sum	MISC	M000S01	M001D00	690.0	
M000S01-M001D00-690.0-mean	MISC	M000S01	M001D00	690.0	ps
M000S01-M001D00-690.0-variance	MISC	M000S01	M001D00	690.0	ps^2
M000S01-M001D00-905.0-sum	MISC	M000S01	M001D00	905.0	
M000S01-M001D00-905.0-mean	MISC	M000S01	M001D00	905.0	ps
M000S01-M001D00-905.0-variance	MISC	M000S01	M001D00	905.0	ps^2
M000S01-M001D02-690.0-sum	MISC	M000S01	M001D02	690.0	
M000S01-M001D02-690.0-mean	MISC	M000S01	M001D02	690.0	ps
M000S01-M001D02-690.0-variance	MISC	M000S01	M001D02	690.0	ps^2
M000S01-M001D02-905.0-sum	MISC	M000S01	M001D02	905.0	
M000S01-M001D02-905.0-mean	MISC	M000S01	M001D02	905.0	ps
M000S01-M001D02-905.0-variance	MISC	M000S01	M001D02	905.0	ps^2
M000S01-M001D03-690.0-sum	MISC	M000S01	M001D03	690.0	
M000S01-M001D03-690.0-mean	MISC	M000S01	M001D03	690.0	ps
M000S01-M001D03-690.0-variance	MISC	M000S01	M001D03	690.0	ps^2
M000S01-M001D03-905.0-sum	MISC	M000S01	M001D03	905.0	
M000S01-M001D03-905.0-mean	MISC	M000S01	M001D03	905.0	ps
M000S01-M001D03-905.0-variance	MISC	M000S01	M001D03	905.0	ps^2
M000S01-M001D04-690.0-sum	MISC	M000S01	M001D04	690.0	
M000S01-M001D04-690.0-mean	MISC	M000S01	M001D04	690.0	ps
M000S01-M001D04-690.0-variance	MISC	M000S01	M001D04	690.0	ps^2
M000S01-M001D04-905.0-sum	MISC	M000S01	M001D04	905.0	
M000S01-M001D04-905.0-mean	MISC	M000S01	M001D04	905.0	ps
M000S01-M001D04-905.0-variance	MISC	M000S01	M001D04	905.0	ps^2
M000S01-M001D05-690.0-sum	MISC	M000S01	M001D05	690.0	
M000S01-M001D05-690.0-mean	MISC	M000S01	M001D05	690.0	ps
M000S01-M001D05-690.0-variance	MISC	M000S01	M001D05	690.0	ps^2
M000S01-M001D05-905.0-sum	MISC	M000S01	M001D05	905.0	
M000S01-M001D05-905.0-mean	MISC	M000S01	M001D05	905.0	ps
M000S01-M001D05-905.0-variance	MISC	M000S01	M001D05	905.0	ps^2
M000S01-M002D02-690.0-sum	MISC	M000S01	M002D02	690.0	
M000S01-M002D02-690.0-mean	MISC	M000S01	M002D02	690.0	ps
M000S01-M002D02-690.0-variance	MISC	M000S01	M002D02	690.0	ps^2
M000S01-M002D02-905.0-sum	MISC	M000S01	M002D02	905.0	
M000S01-M002D02-905.0-mean	MISC	M000S01	M002D02	905.0	ps
M000S01-M002D02-905.0-variance	MISC	M000S01	M002D02	905.0	ps^2
M000S01-M002D03-690.0-sum	MISC	M000S01	M002D03	690.0	
M000S01-M002D03-690.0-mean	MISC	M000S01	M002D03	690.0	ps
M000S01-M002D03-690.0-variance	MISC	M000S01	M002D03	690.0	ps^2
M000S01-M002D03-905.0-sum	MISC	M000S01	M002D03	905.0	
M000S01-M002D03-905.0-mean	MISC	M000S01	M002D03	905.0	ps
M000S01-M002D03-905.0-variance	MISC	M000S01	M002D03	905.0	ps^2
M000S01-M002D04-690.0-sum	MISC	M000S01	M002D04	690.0	
M000S01-M002D04-690.0-mean	MISC	M000S01	M002D04	690.0	ps
M000S01-M002D04-690.0-variance	MISC	M000S01	M002D04	690.0	ps^2
M000S01-M002D04-905.0-sum	MISC	M000S01	M002D04	905.0	
M000S01-M002D04-905.0-mean	MISC	M000S01	M002D04	905.0	ps
M000S01-M002D04-905.0-variance	MISC	M000S01	M002D04	905.0	ps^2
M000S01-M002D05-690.0-sum	MISC	M000S01	M002D05	690.0	
M000S01-M002D05-690.0-mean	MISC	M000S01	M002D05	690.0	ps
M000S01-M002D05-690.0-variance	MISC	M000S01	M002D05	690.0	ps^2
M000S01-M002D05-905.0-sum	MISC	M000S01	M002D05	905.0	
M000S01-M002D05-905.0-mean	MISC	M000S01	M002D05	905.0	ps
M000S01-M002D05-905.0-variance	MISC	M000S01	M002D05	905.0	ps^2
M000S01-M003D00-690.0-sum	MISC	M000S01	M003D00	690.0	
M000S01-M003D00-690.0-mean	MISC	M000S01	M003D00	690.0	ps
M000S01-M003D00-690.0-variance	MISC	M000S01	M003D00	690.0	ps^2
M000S01-M003D00-905.0-sum	MISC	M000S01	M003D00	905.0	
M000S01-M003D00-905.0-mean	MISC	M000S01	M003D00	905.0	ps
M000S01-M003D00-905.0-variance	MISC	M000S01	M003D00	905.0	ps^2
M000S01-M003D01-690.0-sum	MISC	M000S01	M003D01	690.0	
M000S01-M003D01-690.0-mean	MISC	M000S01	M003D01	690.0	ps
M000S01-M003D01-690.0-variance	MISC	M000S01	M003D01	690.0	ps^2
M000S01-M003D01-905.0-sum	MISC	M000S01	M003D01	905.0	
M000S01-M003D01-905.0-mean	MISC	M000S01	M003D01	905.0	ps
M000S01-M003D01-905.0-variance	MISC	M000S01	M003D01	905.0	ps^2
M000S01-M003D02-690.0-sum	MISC	M000S01	M003D02	690.0	
M000S01-M003D02-690.0-mean	MISC	M000S01	M003D02	690.0	ps
M000S01-M003D02-690.0-variance	MISC	M000S01	M003D02	690.0	ps^2
M000S01-M003D02-905.0-sum	MISC	M000S01	M003D02	905.0	
M000S01-M003D02-905.0-mean	MISC	M000S01	M003D02	905.0	ps
M000S01-M003D02-905.0-variance	MISC	M000S01	M003D02	905.0	ps^2
M000S01-M003D03-690.0-sum	MISC	M000S01	M003D03	690.0	
M000S01-M003D03-690.0-mean	MISC	M000S01	M003D03	690.0	ps
M000S01-M003D03-690.0-variance	MISC	M000S01	M003D03	690.0	ps^2
M000S01-M003D03-905.0-sum	MISC	M000S01	M003D03	905.0	
M000S01-M003D03-905.0-mean	MISC	M000S01	M003D03	905.0	ps
M000S01-M003D03-905.0-variance	MISC	M000S01	M003D03	905.0	ps^2
M000S01-M004D01-690.0-sum	MISC	M000S01	M004D01	690.0	
M000S01-M004D01-690.0-mean	MISC	M000S01	M004D01	690.0	ps
M000S01-M004D01-690.0-variance	MISC	M000S01	M004D01	690.0	ps^2
M000S01-M004D01-905.0-sum	MISC	M000S01	M004D01	905.0	
M000S01-M004D01-905.0-mean	MISC	M000S01	M004D01	905.0	ps
M000S01-M004D01-905.0-variance	MISC	M000S01	M004D01	905.0	ps^2
M000S01-M005D04-690.0-sum	MISC	M000S01	M005D04	690.0	
M000S01-M005D04-690.0-mean	MISC	M000S01	M005D04	690.0	ps
M000S01-M005D04-690.0-variance	MISC	M000S01	M005D04	690.0	ps^2
M000S01-M005D04-905.0-sum	MISC	M000S01	M005D04	905.0	
M000S01-M005D04-905.0-mean	MISC	M000S01	M005D04	905.0	ps
M000S01-M005D04-905.0-variance	MISC	M000S01	M005D04	905.0	ps^2
M000S02-M000D00-690.0-sum	MISC	M000S02	M000D00	690.0	
M000S02-M000D00-690.0-mean	MISC	M000S02	M000D00	690.0	ps
M000S02-M000D00-690.0-variance	MISC	M000S02	M000D00	690.0	ps^2
M000S02-M000D00-905.0-sum	MISC	M000S02	M000D00	905.0	
M000S02-M000D00-905.0-mean	MISC	M000S02	M000D00	905.0	ps
M000S02-M000D00-905.0-variance	MISC	M000S02	M000D00	905.0	ps^2
M000S02-M000D01-690.0-sum	MISC	M000S02	M000D01	690.0	
M000S02-M000D01-690.0-mean	MISC	M000S02	M000D01	690.0	ps
M000S02-M000D01-690.0-variance	MISC	M000S02	M000D01	690.0	ps^2
M000S02-M000D01-905.0-sum	MISC	M000S02	M000D01	905.0	
M000S02-M000D01-905.0-mean	MISC	M000S02	M000D01	905.0	ps
M000S02-M000D01-905.0-variance	MISC	M000S02	M000D01	905.0	ps^2
M000S02-M000D02-690.0-sum	MISC	M000S02	M000D02	690.0	
M000S02-M000D02-690.0-mean	MISC	M000S02	M000D02	690.0	ps
M000S02-M000D02-690.0-variance	MISC	M000S02	M000D02	690.0	ps^2
M000S02-M000D02-905.0-sum	MISC	M000S02	M000D02	905.0	
M000S02-M000D02-905.0-mean	MISC	M000S02	M000D02	905.0	ps
M000S02-M000D02-905.0-variance	MISC	M000S02	M000D02	905.0	ps^2
M000S02-M000D03-690.0-sum	MISC	M000S02	M000D03	690.0	
M000S02-M000D03-690.0-mean	MISC	M000S02	M000D03	690.0	ps
M000S02-M000D03-690.0-variance	MISC	M000S02	M000D03	690.0	ps^2
M000S02-M000D03-905.0-sum	MISC	M000S02	M000D03	905.0	
M000S02-M000D03-905.0-mean	MISC	M000S02	M000D03	905.0	ps
M000S02-M000D03-905.0-variance	MISC	M000S02	M000D03	905.0	ps^2
M000S02-M000D04-690.0-sum	MISC	M000S02	M000D04	690.0	
M000S02-M000D04-690.0-mean	MISC	M000S02	M000D04	690.0	ps
M000S02-M000D04-690.0-variance	MISC	M000S02	M000D04	690.0	ps^2
M000S02-M000D04-905.0-sum	MISC	M000S02	M000D04	905.0	
M000S02-M000D04-905.0-mean	MISC	M000S02	M000D04	905.0	ps
M000S02-M000D04-905.0-variance	MISC	M000S02	M000D04	905.0	ps^2
M000S02-M000D05-690.0-sum	MISC	M000S02	M000D05	690.0	
M000S02-M000D05-690.0-mean	MISC	M000S02	M000D05	690.0	ps
M000S02-M000D05-690.0-variance	MISC	M000S02	M000D05	690.0	ps^2
M000S02-M000D05-905.0-sum	MISC	M000S02	M000D05	905.0	
M000S02-M000D05-905.0-mean	MISC	M000S02	M000D05	905.0	ps
M000S02-M000D05-905.0-variance	MISC	M000S02	M000D05	905.0	ps^2
M000S02-M001D04-690.0-sum	MISC	M000S02	M001D04	690.0	
M000S02-M001D04-690.0-mean	MISC	M000S02	M001D04	690.0	ps
M000S02-M001D04-690.0-variance	MISC	M000S02	M001D04	690.0	ps^2
M000S02-M001D04-905.0-sum	MISC	M000S02	M001D04	905.0	
M000S02-M001D04-905.0-mean	MISC	M000S02	M001D04	905.0	ps
M000S02-M001D04-905.0-variance	MISC	M000S02	M001D04	905.0	ps^2
M000S02-M001D05-690.0-sum	MISC	M000S02	M001D05	690.0	
M000S02-M001D05-690.0-mean	MISC	M000S02	M001D05	690.0	ps
M000S02-M001D05-690.0-variance	MISC	M000S02	M001D05	690.0	ps^2
M000S02-M001D05-905.0-sum	MISC	M000S02	M001D05	905.0	
M000S02-M001D05-905.0-mean	MISC	M000S02	M001D05	905.0	ps
M000S02-M001D05-905.0-variance	MISC	M000S02	M001D05	905.0	ps^2
M000S02-M002D01-690.0-sum	MISC	M000S02	M002D01	690.0	
M000S02-M002D01-690.0-mean	MISC	M000S02	M002D01	690.0	ps
M000S02-M002D01-690.0-variance	MISC	M000S02	M002D01	690.0	ps^2
M000S02-M002D01-905.0-sum	MISC	M000S02	M002D01	905.0	
M000S02-M002D01-905.0-mean	MISC	M000S02	M002D01	905.0	ps
M000S02-M002D01-905.0-variance	MISC	M000S02	M002D01	905.0	ps^2
M000S02-M002D02-690.0-sum	MISC	M000S02	M002D02	690.0	
M000S02-M002D02-690.0-mean	MISC	M000S02	M002D02	690.0	ps
M000S02-M002D02-690.0-variance	MISC	M000S02	M002D02	690.0	ps^2
M000S02-M002D02-905.0-sum	MISC	M000S02	M002D02	905.0	
M000S02-M002D02-905.0-mean	MISC	M000S02	M002D02	905.0	ps
M000S02-M002D02-905.0-variance	MISC	M000S02	M002D02	905.0	ps^2
M000S02-M002D03-690.0-sum	MISC	M000S02	M002D03	690.0	
M000S02-M002D03-690.0-mean	MISC	M000S02	M002D03	690.0	ps
M000S02-M002D03-690.0-variance	MISC	M000S02	M002D03	690.0	ps^2
M000S02-M002D03-905.0-sum	MISC	M000S02	M002D03	905.0	
M000S02-M002D03-905.0-mean	MISC	M000S02	M002D03	905.0	ps
M000S02-M002D03-905.0-variance	MISC	M000S02	M002D03	905.0	ps^2
M000S02-M002D04-690.0-sum	MISC	M000S02	M002D04	690.0	
M000S02-M002D04-690.0-mean	MISC	M000S02	M002D04	690.0	ps
M000S02-M002D04-690.0-variance	MISC	M000S02	M002D04	690.0	ps^2
M000S02-M002D04-905.0-sum	MISC	M000S02	M002D04	905.0	
M000S02-M002D04-905.0-mean	MISC	M000S02	M002D04	905.0	ps
M000S02-M002D04-905.0-variance	MISC	M000S02	M002D04	905.0	ps^2
M000S02-M003D02-690.0-sum	MISC	M000S02	M003D02	690.0	
M000S02-M003D02-690.0-mean	MISC	M000S02	M003D02	690.0	ps
M000S02-M003D02-690.0-variance	MISC	M000S02	M003D02	690.0	ps^2
M000S02-M003D02-905.0-sum	MISC	M000S02	M003D02	905.0	
M000S02-M003D02-905.0-mean	MISC	M000S02	M003D02	905.0	ps
M000S02-M003D02-905.0-variance	MISC	M000S02	M003D02	905.0	ps^2
M000S02-M003D03-690.0-sum	MISC	M000S02	M003D03	690.0	
M000S02-M003D03-690.0-mean	MISC	M000S02	M003D03	690.0	ps
M000S02-M003D03-690.0-variance	MISC	M000S02	M003D03	690.0	ps^2
M000S02-M003D03-905.0-sum	MISC	M000S02	M003D03	905.0	
M000S02-M003D03-905.0-mean	MISC	M000S02	M003D03	905.0	ps
M000S02-M003D03-905.0-variance	MISC	M000S02	M003D03	905.0	ps^2
M001S00-M000D00-690.0-sum	MISC	M001S00	M000D00	690.0	
M001S00-M000D00-690.0-mean	MISC	M001S00	M000D00	690.0	ps
M001S00-M000D00-690.0-variance	MISC	M001S00	M000D00	690.0	ps^2
M001S00-M000D00-905.0-sum	MISC	M001S00	M000D00	905.0	
M001S00-M000D00-905.0-mean	MISC	M001S00	M000D00	905.0	ps
M001S00-M000D00-905.0-variance	MISC	M001S00	M000D00	905.0	ps^2
M001S00-M000D01-690.0-sum	MISC	M001S00	M000D01	690.0	
M001S00-M000D01-690.0-mean	MISC	M001S00	M000D01	690.0	ps
M001S00-M000D01-690.0-variance	MISC	M001S00	M000D01	690.0	ps^2
M001S00-M000D01-905.0-sum	MISC	M001S00	M000D01	905.0	
M001S00-M000D01-905.0-mean	MISC	M001S00	M000D01	905.0	ps
M001S00-M000D01-905.0-variance	MISC	M001S00	M000D01	905.0	ps^2
M001S00-M000D02-690.0-sum	MISC	M001S00	M000D02	690.0	
M001S00-M000D02-690.0-mean	MISC	M001S00	M000D02	690.0	ps
M001S00-M000D02-690.0-variance	MISC	M001S00	M000D02	690.0	ps^2
M001S00-M000D02-905.0-sum	MISC	M001S00	M000D02	905.0	
M001S00-M000D02-905.0-mean	MISC	M001S00	M000D02	905.0	ps
M001S00-M000D02-905.0-variance	MISC	M001S00	M000D02	905.0	ps^2
M001S00-M000D03-690.0-sum	MISC	M001S00	M000D03	690.0	
M001S00-M000D03-690.0-mean	MISC	M001S00	M000D03	690.0	ps
M001S00-M000D03-690.0-variance	MISC	M001S00	M000D03	690.0	ps^2
M001S00-M000D03-905.0-sum	MISC	M001S00	M000D03	905.0	
M001S00-M000D03-905.0-mean	MISC	M001S00	M000D03	905.0	ps
M001S00-M000D03-905.0-variance	MISC	M001S00	M000D03	905.0	ps^2
M001S00-M000D05-690.0-sum	MISC	M001S00	M000D05	690.0	
M001S00-M000D05-690.0-mean	MISC	M001S00	M000D05	690.0	ps
M001S00-M000D05-690.0-variance	MISC	M001S00	M000D05	690.0	ps^2
M001S00-M000D05-905.0-sum	MISC	M001S00	M000D05	905.0	
M001S00-M000D05-905.0-mean	MISC	M001S00	M000D05	905.0	ps
M001S00-M000D05-905.0-variance	MISC	M001S00	M000D05	905.0	ps^2
M001S00-M001D00-690.0-sum	MISC	M001S00	M001D00	690.0	
M001S00-M001D00-690.0-mean	MISC	M001S00	M001D00	690.0	ps
M001S00-M001D00-690.0-variance	MISC	M001S00	M001D00	690.0	ps^2
M001S00-M001D00-905.0-sum	MISC	M001S00	M001D00	905.0	
M001S00-M001D00-905.0-mean	MISC	M001S00	M001D00	905.0	ps
M001S00-M001D00-905.0-variance	MISC	M001S00	M001D00	905.0	ps^2
M001S00-M001D01-690.0-sum	MISC	M001S00	M001D01	690.0	
M001S00-M001D01-690.0-mean	MISC	M001S00	M001D01	690.0	ps
M001S00-M001D01-690.0-variance	MISC	M001S00	M001D01	690.0	ps^2
M001S00-M001D01-905.0-sum	MISC	M001S00	M001D01	905.0	
M001S00-M001D01-905.0-mean	MISC	M001S00	M001D01	905.0	ps
M001S00-M001D01-905.0-variance	MISC	M001S00	M001D01	905.0	ps^2
M001S00-M001D02-690.0-sum	MISC	M001S00	M001D02	690.0	
M001S00-M001D02-690.0-mean	MISC	M001S00	M001D02	690.0	ps
M001S00-M001D02-690.0-variance	MISC	M001S00	M001D02	690.0	ps^2
M001S00-M001D02-905.0-sum	MISC	M001S00	M001D02	905.0	
M001S00-M001D02-905.0-mean	MISC	M001S00	M001D02	905.0	ps
M001S00-M001D02-905.0-variance	MISC	M001S00	M001D02	905.0	ps^2
M001S00-M001D03-690.0-sum	MISC	M001S00	M001D03	690.0	
M001S00-M001D03-690.0-mean	MISC	M001S00	M001D03	690.0	ps
M001S00-M001D03-690.0-variance	MISC	M001S00	M001D03	690.0	ps^2
M001S00-M001D03-905.0-sum	MISC	M001S00	M001D03	905.0	
M001S00-M001D03-905.0-mean	MISC	M001S00	M001D03	905.0	ps
M001S00-M001D03-905.0-variance	MISC	M001S00	M001D03	905.0	ps^2
M001S00-M001D04-690.0-sum	MISC	M001S00	M001D04	690.0	
M001S00-M001D04-690.0-mean	MISC	M001S00	M001D04	690.0	ps
M001S00-M001D04-690.0-variance	MISC	M001S00	M001D04	690.0	ps^2
M001S00-M001D04-905.0-sum	MISC	M001S00	M001D04	905.0	
M001S00-M001D04-905.0-mean	MISC	M001S00	M001D04	905.0	ps
M001S00-M001D04-905.0-variance	MISC	M001S00	M001D04	905.0	ps^2
M001S00-M001D05-690.0-sum	MISC	M001S00	M001D05	690.0	
M001S00-M001D05-690.0-mean	MISC	M001S00	M001D05	690.0	ps
M001S00-M001D05-690.0-variance	MISC	M001S00	M001D05	690.0	ps^2
M001S00-M001D05-905.0-sum	MISC	M001S00	M001D05	905.0	
M001S00-M001D05-905.0-mean	MISC	M001S00	M001D05	905.0	ps
M001S00-M001D05-905.0-variance	MISC	M001S00	M001D05	905.0	ps^2
M001S00-M003D00-690.0-sum	MISC	M001S00	M003D00	690.0	
M001S00-M003D00-690.0-mean	MISC	M001S00	M003D00	690.0	ps
M001S00-M003D00-690.0-variance	MISC	M001S00	M003D00	690.0	ps^2
M001S00-M003D00-905.0-sum	MISC	M001S00	M003D00	905.0	
M001S00-M003D00-905.0-mean	MISC	M001S00	M003D00	905.0	ps
M001S00-M003D00-905.0-variance	MISC	M001S00	M003D00	905.0	ps^2
M001S00-M003D01-690.0-sum	MISC	M001S00	M003D01	690.0	
M001S00-M003D01-690.0-mean	MISC	M001S00	M003D01	690.0	ps
M001S00-M003D01-690.0-variance	MISC	M001S00	M003D01	690.0	ps^2
M001S00-M003D01-905.0-sum	MISC	M001S00	M003D01	905.0	
M001S00-M003D01-905.0-mean	MISC	M001S00	M003D01	905.0	ps
M001S00-M003D01-905.0-variance	MISC	M001S00	M003D01	905.0	ps^2
M001S00-M003D02-690.0-sum	MISC	M001S00	M003D02	690.0	
M001S00-M003D02-690.0-mean	MISC	M001S00	M003D02	690.0	ps
M001S00-M003D02-690.0-variance	MISC	M001S00	M003D02	690.0	ps^2
M001S00-M003D02-905.0-sum	MISC	M001S00	M003D02	905.0	
M001S00-M003D02-905.0-mean	MISC	M001S00	M003D02	905.0	ps
M001S00-M003D02-905.0-variance	MISC	M001S00	M003D02	905.0	ps^2
M001S00-M003D03-690.0-sum	MISC	M001S00	M003D03	690.0	
M001S00-M003D03-690.0-mean	MISC	M001S00	M003D03	690.0	ps
M001S00-M003D03-690.0-variance	MISC	M001S00	M003D03	690.0	ps^2
M001S00-M003D03-905.0-sum	MISC	M001S00	M003D03	905.0	
M001S00-M003D03-905.0-mean	MISC	M001S00	M003D03	905.0	ps
M001S00-M003D03-905.0-variance	MISC	M001S00	M003D03	905.0	ps^2
M001S00-M003D05-690.0-sum	MISC	M001S00	M003D05	690.0	
M001S00-M003D05-690.0-mean	MISC	M001S00	M003D05	690.0	ps
M001S00-M003D05-690.0-variance	MISC	M001S00	M003D05	690.0	ps^2
M001S00-M003D05-905.0-sum	MISC	M001S00	M003D05	905.0	
M001S00-M003D05-905.0-mean	MISC	M001S00	M003D05	905.0	ps
M001S00-M003D05-905.0-variance	MISC	M001S00	M003D05	905.0	ps^2
M001S00-M005D02-690.0-sum	MISC	M001S00	M005D02	690.0	
M001S00-M005D02-690.0-mean	MISC	M001S00	M005D02	690.0	ps
M001S00-M005D02-690.0-variance	MISC	M001S00	M005D02	690.0	ps^2
M001S00-M005D02-905.0-sum	MISC	M001S00	M005D02	905.0	
M001S00-M005D02-905.0-mean	MISC	M001S00	M005D02	905.0	ps
M001S00-M005D02-905.0-variance	MISC	M001S00	M005D02	905.0	ps^2
M001S00-M005D03-690.0-sum	MISC	M001S00	M005D03	690.0	
M001S00-M005D03-690.0-mean	MISC	M001S00	M005D03	690.0	ps
M001S00-M005D03-690.0-variance	MISC	M001S00	M005D03	690.0	ps^2
M001S00-M005D03-905.0-sum	MISC	M001S00	M005D03	905.0	
M001S00-M005D03-905.0-mean	MISC	M001S00	M005D03	905.0	ps
M001S00-M005D03-905.0-variance	MISC	M001S00	M005D03	905.0	ps^2
M001S00-M005D04-690.0-sum	MISC	M001S00	M005D04	690.0	
M001S00-M005D04-690.0-mean	MISC	M001S00	M005D04	690.0	ps
M001S00-M005D04-690.0-variance	MISC	M001S00	M005D04	690.0	ps^2
M001S00-M005D04-905.0-sum	MISC	M001S00	M005D04	905.0	
M001S00-M005D04-905.0-mean	MISC	M001S00	M005D04	905.0	ps
M001S00-M005D04-905.0-variance	MISC	M001S00	M005D04	905.0	ps^2
M001S00-M005D05-690.0-sum	MISC	M001S00	M005D05	690.0	
M001S00-M005D05-690.0-mean	MISC	M001S00	M005D05	690.0	ps
M001S00-M005D05-690.0-variance	MISC	M001S00	M005D05	690.0	ps^2
M001S00-M005D05-905.0-sum	MISC	M001S00	M005D05	905.0	
M001S00-M005D05-905.0-mean	MISC	M001S00	M005D05	905.0	ps
M001S00-M005D05-905.0-variance	MISC	M001S00	M005D05	905.0	ps^2
M001S01-M001D00-690.0-sum	MISC	M001S01	M001D00	690.0	
M001S01-M001D00-690.0-mean	MISC	M001S01	M001D00	690.0	ps
M001S01-M001D00-690.0-variance	MISC	M001S01	M001D00	690.0	ps^2
M001S01-M001D00-905.0-sum	MISC	M001S01	M001D00	905.0	
M001S01-M001D00-905.0-mean	MISC	M001S01	M001D00	905.0	ps
M001S01-M001D00-905.0-variance	MISC	M001S01	M001D00	905.0	ps^2
M001S01-M001D01-690.0-sum	MISC	M001S01	M001D01	690.0	
M001S01-M001D01-690.0-mean	MISC	M001S01	M001D01	690.0	ps
M001S01-M001D01-690.0-variance	MISC	M001S01	M001D01	690.0	ps^2
M001S01-M001D01-905.0-sum	MISC	M001S01	M001D01	905.0	
M001S01-M001D01-905.0-mean	MISC	M001S01	M001D01	905.0	ps
M001S01-M001D01-905.0-variance	MISC	M001S01	M001D01	905.0	ps^2
M001S01-M001D02-690.0-sum	MISC	M001S01	M001D02	690.0	
M001S01-M001D02-690.0-mean	MISC	M001S01	M001D02	690.0	ps
M001S01-M001D02-690.0-variance	MISC	M001S01	M001D02	690.0	ps^2
M001S01-M001D02-905.0-sum	MISC	M001S01	M001D02	905.0	
M001S01-M001D02-905.0-mean	MISC	M001S01	M001D02	905.0	ps
M001S01-M001D02-905.0-variance	MISC	M001S01	M001D02	905.0	ps^2
M001S01-M001D03-690.0-sum	MISC	M001S01	M001D03	690.0	
M001S01-M001D03-690.0-mean	MISC	M001S01	M001D03	690.0	ps
M001S01-M001D03-690.0-variance	MISC	M001S01	M001D03	690.0	ps^2
M001S01-M001D03-905.0-sum	MISC	M001S01	M001D03	905.0	
M001S01-M001D03-905.0-mean	MISC	M001S01	M001D03	905.0	ps
M001S01-M001D03-905.0-variance	MISC	M001S01	M001D03	905.0	ps^2
M001S01-M001D04-690.0-sum	MISC	M001S01	M001D04	690.0	
M001S01-M001D04-690.0-mean	MISC	M001S01	M001D04	690.0	ps
M001S01-M001D04-690.0-variance	MISC	M001S01	M001D04	690.0	ps^2
M001S01-M001D04-905.0-sum	MISC	M001S01	M001D04	905.0	
M001S01-M001D04-905.0-mean	MISC	M001S01	M001D04	905.0	ps
M001S01-M001D04-905.0-variance	MISC	M001S01	M001D04	905.0	ps^2
M001S01-M001D05-690.0-sum	MISC	M001S01	M001D05	690.0	
M001S01-M001D05-690.0-mean	MISC	M001S01	M001D05	690.0	ps
M001S01-M001D05-690.0-variance	MISC	M001S01	M001D05	690.0	ps^2
M001S01-M001D05-905.0-sum	MISC	M001S01	M001D05	905.0	
M001S01-M001D05-905.0-mean	MISC	M001S01	M001D05	905.0	ps
M001S01-M001D05-905.0-variance	MISC	M001S01	M001D05	905.0	ps^2
M001S01-M004D02-690.0-sum	MISC	M001S01	M004D02	690.0	
M001S01-M004D02-690.0-mean	MISC	M001S01	M004D02	690.0	ps
M001S01-M004D02-690.0-variance	MISC	M001S01	M004D02	690.0	ps^2
M001S01-M004D02-905.0-sum	MISC	M001S01	M004D02	905.0	
M001S01-M004D02-905.0-mean	MISC	M001S01	M004D02	905.0	ps
M001S01-M004D02-905.0-variance	MISC	M001S01	M004D02	905.0	ps^2
M001S01-M004D03-690.0-sum	MISC	M001S01	M004D03	690.0	
M001S01-M004D03-690.0-mean	MISC	M001S01	M004D03	690.0	ps
M001S01-M004D03-690.0-variance	MISC	M001S01	M004D03	690.0	ps^2
M001S01-M004D03-905.0-sum	MISC	M001S01	M004D03	905.0	
M001S01-M004D03-905.0-mean	MISC	M001S01	M004D03	905.0	ps
M001S01-M004D03-905.0-variance	MISC	M001S01	M004D03	905.0	ps^2
M001S01-M005D02-690.0-sum	MISC	M001S01	M005D02	690.0	
M001S01-M005D02-690.0-mean	MISC	M001S01	M005D02	690.0	ps
M001S01-M005D02-690.0-variance	MISC	M001S01	M005D02	690.0	ps^2
M001S01-M005D02-905.0-sum	MISC	M001S01	M005D02	905.0	
M001S01-M005D02-905.0-mean	MISC	M001S01	M005D02	905.0	ps
M001S01-M005D02-905.0-variance	MISC	M001S01	M005D02	905.0	ps^2
M001S01-M005D03-690.0-sum	MISC	M001S01	M005D03	690.0	
M001S01-M005D03-690.0-mean	MISC	M001S01	M005D03	690.0	ps
M001S01-M005D03-690.0-variance	MISC	M001S01	M005D03	690.0	ps^2
M001S01-M005D03-905.0-sum	MISC	M001S01	M005D03	905.0	
M001S01-M005D03-905.0-mean	MISC	M001S01	M005D03	905.0	ps
M001S01-M005D03-905.0-variance	MISC	M001S01	M005D03	905.0	ps^2
M001S02-M000D00-690.0-sum	MISC	M001S02	M000D00	690.0	
M001S02-M000D00-690.0-mean	MISC	M001S02	M000D00	690.0	ps
M001S02-M000D00-690.0-variance	MISC	M001S02	M000D00	690.0	ps^2
M001S02-M000D00-905.0-sum	MISC	M001S02	M000D00	905.0	
M001S02-M000D00-905.0-mean	MISC	M001S02	M000D00	905.0	ps
M001S02-M000D00-905.0-variance	MISC	M001S02	M000D00	905.0	ps^2
M001S02-M000D01-690.0-sum	MISC	M001S02	M000D01	690.0	
M001S02-M000D01-690.0-mean	MISC	M001S02	M000D01	690.0	ps
M001S02-M000D01-690.0-variance	MISC	M001S02	M000D01	690.0	ps^2
M001S02-M000D01-905.0-sum	MISC	M001S02	M000D01	905.0	
M001S02-M000D01-905.0-mean	MISC	M001S02	M000D01	905.0	ps
M001S02-M000D01-905.0-variance	MISC	M001S02	M000D01	905.0	ps^2
M001S02-M000D02-690.0-sum	MISC	M001S02	M000D02	690.0	
M001S02-M000D02-690.0-mean	MISC	M001S02	M000D02	690.0	ps
M001S02-M000D02-690.0-variance	MISC	M001S02	M000D02	690.0	ps^2
M001S02-M000D02-905.0-sum	MISC	M001S02	M000D02	905.0	
M001S02-M000D02-905.0-mean	MISC	M001S02	M000D02	905.0	ps
M001S02-M000D02-905.0-variance	MISC	M001S02	M000D02	905.0	ps^2
M001S02-M000D03-690.0-sum	MISC	M001S02	M000D03	690.0	
M001S02-M000D03-690.0-mean	MISC	M001S02	M000D03	690.0	ps
M001S02-M000D03-690.0-variance	MISC	M001S02	M000D03	690.0	ps^2
M001S02-M000D03-905.0-sum	MISC	M001S02	M000D03	905.0	
M001S02-M000D03-905.0-mean	MISC	M001S02	M000D03	905.0	ps
M001S02-M000D03-905.0-variance	MISC	M001S02	M000D03	905.0	ps^2
M001S02-M001D00-690.0-sum	MISC	M001S02	M001D00	690.0	
M001S02-M001D00-690.0-mean	MISC	M001S02	M001D00	690.0	ps
M001S02-M001D00-690.0-variance	MISC	M001S02	M001D00	690.0	ps^2
M001S02-M001D00-905.0-sum	MISC	M001S02	M001D00	905.0	
M001S02-M001D00-905.0-mean	MISC	M001S02	M001D00	905.0	ps
M001S02-M001D00-905.0-variance	MISC	M001S02	M001D00	905.0	ps^2
M001S02-M001D01-690.0-sum	MISC	M001S02	M001D01	690.0	
M001S02-M001D01-690.0-mean	MISC	M001S02	M001D01	690.0	ps
M001S02-M001D01-690.0-variance	MISC	M001S02	M001D01	690.0	ps^2
M001S02-M001D01-905.0-sum	MISC	M001S02	M001D01	905.0	
M001S02-M001D01-905.0-mean	MISC	M001S02	M001D01	905.0	ps
M001S02-M001D01-905.0-variance	MISC	M001S02	M001D01	905.0	ps^2
M001S02-M001D02-690.0-sum	MISC	M001S02	M001D02	690.0	
M001S02-M001D02-690.0-mean	MISC	M001S02	M001D02	690.0	ps
M001S02-M001D02-690.0-variance	MISC	M001S02	M001D02	690.0	ps^2
M001S02-M001D02-905.0-sum	MISC	M001S02	M001D02	905.0	
M001S02-M001D02-905.0-mean	MISC	M001S02	M001D02	905.0	ps
M001S02-M001D02-905.0-variance	MISC	M001S02	M001D02	905.0	ps^2
M001S02-M001D03-690.0-sum	MISC	M001S02	M001D03	690.0	
M001S02-M001D03-690.0-mean	MISC	M001S02	M001D03	690.0	ps
M001S02-M001D03-690.0-variance	MISC	M001S02	M001D03	690.0	ps^2
M001S02-M001D03-905.0-sum	MISC	M001S02	M001D03	905.0	
M001S02-M001D03-905.0-mean	MISC	M001S02	M001D03	905.0	ps
M001S02-M001D03-905.0-variance	MISC	M001S02	M001D03	905.0	ps^2
M001S02-M001D04-690.0-sum	MISC	M001S02	M001D04	690.0	
M001S02-M001D04-690.0-mean	MISC	M001S02	M001D04	690.0	ps
M001S02-M001D04-690.0-variance	MISC	M001S02	M001D04	690.0	ps^2
M001S02-M001D04-905.0-sum	MISC	M001S02	M001D04	905.0	
M001S02-M001D04-905.0-mean	MISC	M001S02	M001D04	905.0	ps
M001S02-M001D04-905.0-variance	MISC	M001S02	M001D04	905.0	ps^2
M001S02-M001D05-690.0-sum	MISC	M001S02	M001D05	690.0	
M001S02-M001D05-690.0-mean	MISC	M001S02	M001D05	690.0	ps
M001S02-M001D05-690.0-variance	MISC	M001S02	M001D05	690.0	ps^2
M001S02-M001D05-905.0-sum	MISC	M001S02	M001D05	905.0	
M001S02-M001D05-905.0-mean	MISC	M001S02	M001D05	905.0	ps
M001S02-M001D05-905.0-variance	MISC	M001S02	M001D05	905.0	ps^2
M001S02-M002D03-690.0-sum	MISC	M001S02	M002D03	690.0	
M001S02-M002D03-690.0-mean	MISC	M001S02	M002D03	690.0	ps
M001S02-M002D03-690.0-variance	MISC	M001S02	M002D03	690.0	ps^2
M001S02-M002D03-905.0-sum	MISC	M001S02	M002D03	905.0	
M001S02-M002D03-905.0-mean	MISC	M001S02	M002D03	905.0	ps
M001S02-M002D03-905.0-variance	MISC	M001S02	M002D03	905.0	ps^2
M001S02-M002D04-690.0-sum	MISC	M001S02	M002D04	690.0	
M001S02-M002D04-690.0-mean	MISC	M001S02	M002D04	690.0	ps
M001S02-M002D04-690.0-variance	MISC	M001S02	M002D04	690.0	ps^2
M001S02-M002D04-905.0-sum	MISC	M001S02	M002D04	905.0	
M001S02-M002D04-905.0-mean	MISC	M001S02	M002D04	905.0	ps
M001S02-M002D04-905.0-variance	MISC	M001S02	M002D04	905.0	ps^2
M001S02-M002D05-690.0-sum	MISC	M001S02	M002D05	690.0	
M001S02-M002D05-690.0-mean	MISC	M001S02	M002D05	690.0	ps
M001S02-M002D05-690.0-variance	MISC	M001S02	M002D05	690.0	ps^2
M001S02-M002D05-905.0-sum	MISC	M001S02	M002D05	905.0	
M001S02-M002D05-905.0-mean	MISC	M001S02	M002D05	905.0	ps
M001S02-M002D05-905.0-variance	MISC	M001S02	M002D05	905.0	ps^2
M001S02-M004D00-690.0-sum	MISC	M001S02	M004D00	690.0	
M001S02-M004D00-690.0-mean	MISC	M001S02	M004D00	690.0	ps
M001S02-M004D00-690.0-variance	MISC	M001S02	M004D00	690.0	ps^2
M001S02-M004D00-905.0-sum	MISC	M001S02	M004D00	905.0	
M001S02-M004D00-905.0-mean	MISC	M001S02	M004D00	905.0	ps
M001S02-M004D00-905.0-variance	MISC	M001S02	M004D00	905.0	ps^2
M001S02-M004D01-690.0-sum	MISC	M001S02	M004D01	690.0	
M001S02-M004D01-690.0-mean	MISC	M001S02	M004D01	690.0	ps
M001S02-M004D01-690.0-variance	MISC	M001S02	M004D01	690.0	ps^2
M001S02-M004D01-905.0-sum	MISC	M001S02	M004D01	905.0	
M001S02-M004D01-905.0-mean	MISC	M001S02	M004D01	905.0	ps
M001S02-M004D01-905.0-variance	MISC	M001S02	M004D01	905.0	ps^2
M001S02-M004D02-690.0-sum	MISC	M001S02	M004D02	690.0	
M001S02-M004D02-690.0-mean	MISC	M001S02	M004D02	690.0	ps
M001S02-M004D02-690.0-variance	MISC	M001S02	M004D02	690.0	ps^2
M001S02-M004D02-905.0-sum	MISC	M001S02	M004D02	905.0	
M001S02-M004D02-905.0-mean	MISC	M001S02	M004D02	905.0	ps
M001S02-M004D02-905.0-variance	MISC	M001S02	M004D02	905.0	ps^2
M001S02-M004D03-690.0-sum	MISC	M001S02	M004D03	690.0	
M001S02-M004D03-690.0-mean	MISC	M001S02	M004D03	690.0	ps
M001S02-M004D03-690.0-variance	MISC	M001S02	M004D03	690.0	ps^2
M001S02-M004D03-905.0-sum	MISC	M001S02	M004D03	905.0	
M001S02-M004D03-905.0-mean	MISC	M001S02	M004D03	905.0	ps
M001S02-M004D03-905.0-variance	MISC	M001S02	M004D03	905.0	ps^2
M002S00-M002D00-690.0-sum	MISC	M002S00	M002D00	690.0	
M002S00-M002D00-690.0-mean	MISC	M002S00	M002D00	690.0	ps
M002S00-M002D00-690.0-variance	MISC	M002S00	M002D00	690.0	ps^2
M002S00-M002D00-905.0-sum	MISC	M002S00	M002D00	905.0	
M002S00-M002D00-905.0-mean	MISC	M002S00	M002D00	905.0	ps
M002S00-M002D00-905.0-variance	MISC	M002S00	M002D00	905.0	ps^2
M002S00-M002D01-690.0-sum	MISC	M002S00	M002D01	690.0	
M002S00-M002D01-690.0-mean	MISC	M002S00	M002D01	690.0	ps
M002S00-M002D01-690.0-variance	MISC	M002S00	M002D01	690.0	ps^2
M002S00-M002D01-905.0-sum	MISC	M002S00	M002D01	905.0	
M002S00-M002D01-905.0-mean	MISC	M002S00	M002D01	905.0	ps
M002S00-M002D01-905.0-variance	MISC	M002S00	M002D01	905.0	ps^2
M002S00-M002D02-690.0-sum	MISC	M002S00	M002D02	690.0	
M002S00-M002D02-690.0-mean	MISC	M002S00	M002D02	690.0	ps
M002S00-M002D02-690.0-variance	MISC	M002S00	M002D02	690.0	ps^2
M002S00-M002D02-905.0-sum	MISC	M002S00	M002D02	905.0	
M002S00-M002D02-905.0-mean	MISC	M002S00	M002D02	905.0	ps
M002S00-M002D02-905.0-variance	MISC	M002S00	M002D02	905.0	ps^2
M002S00-M002D03-690.0-sum	MISC	M002S00	M002D03	690.0	
M002S00-M002D03-690.0-mean	MISC	M002S00	M002D03	690.0	ps
M002S00-M002D03-690.0-variance	MISC	M002S00	M002D03	690.0	ps^2
M002S00-M002D03-905.0-sum	MISC	M002S00	M002D03	905.0	
M002S00-M002D03-905.0-mean	MISC	M002S00	M002D03	905.0	ps
M002S00-M002D03-905.0-variance	MISC	M002S00	M002D03	905.0	ps^2
M002S00-M002D04-690.0-sum	MISC	M002S00	M002D04	690.0	
M002S00-M002D04-690.0-mean	MISC	M002S00	M002D04	690.0	ps
M002S00-M002D04-690.0-variance	MISC	M002S00	M002D04	690.0	ps^2
M002S00-M002D04-905.0-sum	MISC	M002S00	M002D04	905.0	
M002S00-M002D04-905.0-mean	MISC	M002S00	M002D04	905.0	ps
M002S00-M002D04-905.0-variance	MISC	M002S00	M002D04	905.0	ps^2
M002S00-M002D05-690.0-sum	MISC	M002S00	M002D05	690.0	
M002S00-M002D05-690.0-mean	MISC	M002S00	M002D05	690.0	ps
M002S00-M002D05-690.0-variance	MISC	M002S00	M002D05	690.0	ps^2
M002S00-M002D05-905.0-sum	MISC	M002S00	M002D05	905.0	
M002S00-M002D05-905.0-mean	MISC	M002S00	M002D05	905.0	ps
M002S00-M002D05-905.0-variance	MISC	M002S00	M002D05	905.0	ps^2
M002S00-M004D00-690.0-sum	MISC	M002S00	M004D00	690.0	
M002S00-M004D00-690.0-mean	MISC	M002S00	M004D00	690.0	ps
M002S00-M004D00-690.0-variance	MISC	M002S00	M004D00	690.0	ps^2
M002S00-M004D00-905.0-sum	MISC	M002S00	M004D00	905.0	
M002S00-M004D00-905.0-mean	MISC	M002S00	M004D00	905.0	ps
M002S00-M004D00-905.0-variance	MISC	M002S00	M004D00	905.0	ps^2
M002S00-M004D01-690.0-sum	MISC	M002S00	M004D01	690.0	
M002S00-M004D01-690.0-mean	MISC	M002S00	M004D01	690.0	ps
M002S00-M004D01-690.0-variance	MISC	M002S00	M004D01	690.0	ps^2
M002S00-M004D01-905.0-sum	MISC	M002S00	M004D01	905.0	
M002S00-M004D01-905.0-mean	MISC	M002S00	M004D01	905.0	ps
M002S00-M004D01-905.0-variance	MISC	M002S00	M004D01	905.0	ps^2
M002S00-M006D00-690.0-sum	MISC	M002S00	M006D00	690.0	
M002S00-M006D00-690.0-mean	MISC	M002S00	M006D00	690.0	ps
M002S00-M006D00-690.0-variance	MISC	M002S00	M006D00	690.0	ps^2
M002S00-M006D00-905.0-sum	MISC	M002S00	M006D00	905.0	
M002S00-M006D00-905.0-mean	MISC	M002S00	M006D00	905.0	ps
M002S00-M006D00-905.0-variance	MISC	M002S00	M006D00	905.0	ps^2
M002S00-M006D01-690.0-sum	MISC	M002S00	M006D01	690.0	
M002S00-M006D01-690.0-mean	MISC	M002S00	M006D01	690.0	ps
M002S00-M006D01-690.0-variance	MISC	M002S00	M006D01	690.0	ps^2
M002S00-M006D01-905.0-sum	MISC	M002S00	M006D01	905.0	
M002S00-M006D01-905.0-mean	MISC	M002S00	M006D01	905.0	ps
M002S00-M006D01-905.0-variance	MISC	M002S00	M006D01	905.0	ps^2
M002S00-M006D02-690.0-sum	MISC	M002S00	M006D02	690.0	
M002S00-M006D02-690.0-mean	MISC	M002S00	M006D02	690.0	ps
M002S00-M006D02-690.0-variance	MISC	M002S00	M006D02	690.0	ps^2
M002S00-M006D02-905.0-sum	MISC	M002S00	M006D02	905.0	
M002S00-M006D02-905.0-mean	MISC	M002S00	M006D02	905.0	ps
M002S00-M006D02-905.0-variance	MISC	M002S00	M006D02	905.0	ps^2
M002S00-M006D03-690.0-sum	MISC	M002S00	M006D03	690.0	
M002S00-M006D03-690.0-mean	MISC	M002S00	M006D03	690.0	ps
M002S00-M006D03-690.0-variance	MISC	M002S00	M006D03	690.0	ps^2
M002S00-M006D03-905.0-sum	MISC	M002S00	M006D03	905.0	
M002S00-M006D03-905.0-mean	MISC	M002S00	M006D03	905.0	ps
M002S00-M006D03-905.0-variance	MISC	M002S00	M006D03	905.0	ps^2
M002S00-M008D04-690.0-sum	MISC	M002S00	M008D04	690.0	
M002S00-M008D04-690.0-mean	MISC	M002S00	M008D04	690.0	ps
M002S00-M008D04-690.0-variance	MISC	M002S00	M008D04	690.0	ps^2
M002S00-M008D04-905.0-sum	MISC	M002S00	M008D04	905.0	
M002S00-M008D04-905.0-mean	MISC	M002S00	M008D04	905.0	ps
M002S00-M008D04-905.0-variance	MISC	M002S00	M008D04	905.0	ps^2
M002S01-M000D02-690.0-sum	MISC	M002S01	M000D02	690.0	
M002S01-M000D02-690.0-mean	MISC	M002S01	M000D02	690.0	ps
M002S01-M000D02-690.0-variance	MISC	M002S01	M000D02	690.0	ps^2
M002S01-M000D02-905.0-sum	MISC	M002S01	M000D02	905.0	
M002S01-M000D02-905.0-mean	MISC	M002S01	M000D02	905.0	ps
M002S01-M000D02-905.0-variance	MISC	M002S01	M000D02	905.0	ps^2
M002S01-M000D03-690.0-sum	MISC	M002S01	M000D03	690.0	
M002S01-M000D03-690.0-mean	MISC	M002S01	M000D03	690.0	ps
M002S01-M000D03-690.0-variance	MISC	M002S01	M000D03	690.0	ps^2
M002S01-M000D03-905.0-sum	MISC	M002S01	M000D03	905.0	
M002S01-M000D03-905.0-mean	MISC	M002S01	M000D03	905.0	ps
M002S01-M000D03-905.0-variance	MISC	M002S01	M000D03	905.0	ps^2
M002S01-M000D04-690.0-sum	MISC	M002S01	M000D04	690.0	
M002S01-M000D04-690.0-mean	MISC	M002S01	M000D04	690.0	ps
M002S01-M000D04-690.0-variance	MISC	M002S01	M000D04	690.0	ps^2
M002S01-M000D04-905.0-sum	MISC	M002S01	M000D04	905.0	
M002S01-M000D04-905.0-mean	MISC	M002S01	M000D04	905.0	ps
M002S01-M000D04-905.0-variance	MISC	M002S01	M000D04	905.0	ps^2
M002S01-M000D05-690.0-sum	MISC	M002S01	M000D05	690.0	
M002S01-M000D05-690.0-mean	MISC	M002S01	M000D05	690.0	ps
M002S01-M000D05-690.0-variance	MISC	M002S01	M000D05	690.0	ps^2
M002S01-M000D05-905.0-sum	MISC	M002S01	M000D05	905.0	
M002S01-M000D05-905.0-mean	MISC	M002S01	M000D05	905.0	ps
M002S01-M000D05-905.0-variance	MISC	M002S01	M000D05	905.0	ps^2
M002S01-M002D00-690.0-sum	MISC	M002S01	M002D00	690.0	
M002S01-M002D00-690.0-mean	MISC	M002S01	M002D00	690.0	ps
M002S01-M002D00-690.0-variance	MISC	M002S01	M002D00	690.0	ps^2
M002S01-M002D00-905.0-sum	MISC	M002S01	M002D00	905.0	
M002S01-M002D00-905.0-mean	MISC	M002S01	M002D00	905.0	ps
M002S01-M002D00-905.0-variance	MISC	M002S01	M002D00	905.0	ps^2
M002S01-M002D01-690.0-sum	MISC	M002S01	M002D01	690.0	
M002S01-M002D01-690.0-mean	MISC	M002S01	M002D01	690.0	ps
M002S01-M002D01-690.0-variance	MISC	M002S01	M002D01	690.0	ps^2
M002S01-M002D01-905.0-sum	MISC	M002S01	M002D01	905.0	
M002S01-M002D01-905.0-mean	MISC	M002S01	M002D01	905.0	ps
M002S01-M002D01-905.0-variance	MISC	M002S01	M002D01	905.0	ps^2
M002S01-M002D02-690.0-sum	MISC	M002S01	M002D02	690.0	
M002S01-M002D02-690.0-mean	MISC	M002S01	M002D02	690.0	ps
M002S01-M002D02-690.0-variance	MISC	M002S01	M002D02	690.0	ps^2
M002S01-M002D02-905.0-sum	MISC	M002S01	M002D02	905.0	
M002S01-M002D02-905.0-mean	MISC	M002S01	M002D02	905.0	ps
M002S01-M002D02-905.0-variance	MISC	M002S01	M002D02	905.0	ps^2
M002S01-M002D03-690.0-sum	MISC	M002S01	M002D03	690.0	
M002S01-M002D03-690.0-mean	MISC	M002S01	M002D03	690.0	ps
M002S01-M002D03-690.0-variance	MISC	M002S01	M002D03	690.0	ps^2
M002S01-M002D03-905.0-sum	MISC	M002S01	M002D03	905.0	
M002S01-M002D03-905.0-mean	MISC	M002S01	M002D03	905.0	ps
M002S01-M002D03-905.0-variance	MISC	M002S01	M002D03	905.0	ps^2
M002S01-M002D04-690.0-sum	MISC	M002S01	M002D04	690.0	
M002S01-M002D04-690.0-mean	MISC	M002S01	M002D04	690.0	ps
M002S01-M002D04-690.0-variance	MISC	M002S01	M002D04	690.0	ps^2
M002S01-M002D04-905.0-sum	MISC	M002S01	M002D04	905.0	
M002S01-M002D04-905.0-mean	MISC	M002S01	M002D04	905.0	ps
M002S01-M002D04-905.0-variance	MISC	M002S01	M002D04	905.0	ps^2
M002S01-M002D05-690.0-sum	MISC	M002S01	M002D05	690.0	
M002S01-M002D05-690.0-mean	MISC	M002S01	M002D05	690.0	ps
M002S01-M002D05-690.0-variance	MISC	M002S01	M002D05	690.0	ps^2
M002S01-M002D05-905.0-sum	MISC	M002S01	M002D05	905.0	
M002S01-M002D05-905.0-mean	MISC	M002S01	M002D05	905.0	ps
M002S01-M002D05-905.0-variance	MISC	M002S01	M002D05	905.0	ps^2
M002S01-M006D00-690.0-sum	MISC	M002S01	M006D00	690.0	
M002S01-M006D00-690.0-mean	MISC	M002S01	M006D00	690.0	ps
M002S01-M006D00-690.0-variance	MISC	M002S01	M006D00	690.0	ps^2
M002S01-M006D00-905.0-sum	MISC	M002S01	M006D00	905.0	
M002S01-M006D00-905.0-mean	MISC	M002S01	M006D00	905.0	ps
M002S01-M006D00-905.0-variance	MISC	M002S01	M006D00	905.0	ps^2
M002S01-M006D01-690.0-sum	MISC	M002S01	M006D01	690.0	
M002S01-M006D01-690.0-mean	MISC	M002S01	M006D01	690.0	ps
M002S01-M006D01-690.0-variance	MISC	M002S01	M006D01	690.0	ps^2
M002S01-M006D01-905.0-sum	MISC	M002S01	M006D01	905.0	
M002S01-M006D01-905.0-mean	MISC	M002S01	M006D01	905.0	ps
M002S01-M006D01-905.0-variance	MISC	M002S01	M006D01	905.0	ps^2
M002S01-M006D05-690.0-sum	MISC	M002S01	M006D05	690.0	
M002S01-M006D05-690.0-mean	MISC	M002S01	M006D05	690.0	ps
M002S01-M006D05-690.0-variance	MISC	M002S01	M006D05	690.0	ps^2
M002S01-M006D05-905.0-sum	MISC	M002S01	M006D05	905.0	
M002S01-M006D05-905.0-mean	MISC	M002S01	M006D05	905.0	ps
M002S01-M006D05-905.0-variance	MISC	M002S01	M006D05	905.0	ps^2
M002S02-M000D00-690.0-sum	MISC	M002S02	M000D00	690.0	
M002S02-M000D00-690.0-mean	MISC	M002S02	M000D00	690.0	ps
M002S02-M000D00-690.0-variance	MISC	M002S02	M000D00	690.0	ps^2
M002S02-M000D00-905.0-sum	MISC	M002S02	M000D00	905.0	
M002S02-M000D00-905.0-mean	MISC	M002S02	M000D00	905.0	ps
M002S02-M000D00-905.0-variance	MISC	M002S02	M000D00	905.0	ps^2
M002S02-M000D01-690.0-sum	MISC	M002S02	M000D01	690.0	
M002S02-M000D01-690.0-mean	MISC	M002S02	M000D01	690.0	ps
M002S02-M000D01-690.0-variance	MISC	M002S02	M000D01	690.0	ps^2
M002S02-M000D01-905.0-sum	MISC	M002S02	M000D01	905.0	
M002S02-M000D01-905.0-mean	MISC	M002S02	M000D01	905.0	ps
M002S02-M000D01-905.0-variance	MISC	M002S02	M000D01	905.0	ps^2
M002S02-M000D02-690.0-sum	MISC	M002S02	M000D02	690.0	
M002S02-M000D02-690.0-mean	MISC	M002S02	M000D02	690.0	ps
M002S02-M000D02-690.0-variance	MISC	M002S02	M000D02	690.0	ps^2
M002S02-M000D02-905.0-sum	MISC	M002S02	M000D02	905.0	
M002S02-M000D02-905.0-mean	MISC	M002S02	M000D02	905.0	ps
M002S02-M000D02-905.0-variance	MISC	M002S02	M000D02	905.0	ps^2
M002S02-M000D03-690.0-sum	MISC	M002S02	M000D03	690.0	
M002S02-M000D03-690.0-mean	MISC	M002S02	M000D03	690.0	ps
M002S02-M000D03-690.0-variance	MISC	M002S02	M000D03	690.0	ps^2
M002S02-M000D03-905.0-sum	MISC	M002S02	M000D03	905.0	
M002S02-M000D03-905.0-mean	MISC	M002S02	M000D03	905.0	ps
M002S02-M000D03-905.0-variance	MISC	M002S02	M000D03	905.0	ps^2
M002S02-M000D04-690.0-sum	MISC	M002S02	M000D04	690.0	
M002S02-M000D04-690.0-mean	MISC	M002S02	M000D04	690.0	ps
M002S02-M000D04-690.0-variance	MISC	M002S02	M000D04	690.0	ps^2
M002S02-M000D04-905.0-sum	MISC	M002S02	M000D04	905.0	
M002S02-M000D04-905.0-mean	MISC	M002S02	M000D04	905.0	ps
M002S02-M000D04-905.0-variance	MISC	M002S02	M000D04	905.0	ps^2
M002S02-M000D05-690.0-sum	MISC	M002S02	M000D05	690.0	
M002S02-M000D05-690.0-mean	MISC	M002S02	M000D05	690.0	ps
M002S02-M000D05-690.0-variance	MISC	M002S02	M000D05	690.0	ps^2
M002S02-M000D05-905.0-sum	MISC	M002S02	M000D05	905.0	
M002S02-M000D05-905.0-mean	MISC	M002S02	M000D05	905.0	ps
M002S02-M000D05-905.0-variance	MISC	M002S02	M000D05	905.0	ps^2
M002S02-M001D02-690.0-sum	MISC	M002S02	M001D02	690.0	
M002S02-M001D02-690.0-mean	MISC	M002S02	M001D02	690.0	ps
M002S02-M001D02-690.0-variance	MISC	M002S02	M001D02	690.0	ps^2
M002S02-M001D02-905.0-sum	MISC	M002S02	M001D02	905.0	
M002S02-M001D02-905.0-mean	MISC	M002S02	M001D02	905.0	ps
M002S02-M001D02-905.0-variance	MISC	M002S02	M001D02	905.0	ps^2
M002S02-M001D03-690.0-sum	MISC	M002S02	M001D03	690.0	
M002S02-M001D03-690.0-mean	MISC	M002S02	M001D03	690.0	ps
M002S02-M001D03-690.0-variance	MISC	M002S02	M001D03	690.0	ps^2
M002S02-M001D03-905.0-sum	MISC	M002S02	M001D03	905.0	
M002S02-M001D03-905.0-mean	MISC	M002S02	M001D03	905.0	ps
M002S02-M001D03-905.0-variance	MISC	M002S02	M001D03	905.0	ps^2
M002S02-M001D04-690.0-sum	MISC	M002S02	M001D04	690.0	
M002S02-M001D04-690.0-mean	MISC	M002S02	M001D04	690.0	ps
M002S02-M001D04-690.0-variance	MISC	M002S02	M001D04	690.0	ps^2
M002S02-M001D04-905.0-sum	MISC	M002S02	M001D04	905.0	
M002S02-M001D04-905.0-mean	MISC	M002S02	M001D04	905.0	ps
M002S02-M001D04-905.0-variance	MISC	M002S02	M001D04	905.0	ps^2
M002S02-M001D05-690.0-sum	MISC	M002S02	M001D05	690.0	
M002S02-M001D05-690.0-mean	MISC	M002S02	M001D05	690.0	ps
M002S02-M001D05-690.0-variance	MISC	M002S02	M001D05	690.0	ps^2
M002S02-M001D05-905.0-sum	MISC	M002S02	M001D05	905.0	
M002S02-M001D05-905.0-mean	MISC	M002S02	M001D05	905.0	ps
M002S02-M001D05-905.0-variance	MISC	M002S02	M001D05	905.0	ps^2
M002S02-M002D00-690.0-sum	MISC	M002S02	M002D00	690.0	
M002S02-M002D00-690.0-mean	MISC	M002S02	M002D00	690.0	ps
M002S02-M002D00-690.0-variance	MISC	M002S02	M002D00	690.0	ps^2
M002S02-M002D00-905.0-sum	MISC	M002S02	M002D00	905.0	
M002S02-M002D00-905.0-mean	MISC	M002S02	M002D00	905.0	ps
M002S02-M002D00-905.0-variance	MISC	M002S02	M002D00	905.0	ps^2
M002S02-M002D01-690.0-sum	MISC	M002S02	M002D01	690.0	
M002S02-M002D01-690.0-mean	MISC	M002S02	M002D01	690.0	ps
M002S02-M002D01-690.0-variance	MISC	M002S02	M002D01	690.0	ps^2
M002S02-M002D01-905.0-sum	MISC	M002S02	M002D01	905.0	
M002S02-M002D01-905.0-mean	MISC	M002S02	M002D01	905.0	ps
M002S02-M002D01-905.0-variance	MISC	M002S02	M002D01	905.0	ps^2
M002S02-M002D02-690.0-sum	MISC	M002S02	M002D02	690.0	
M002S02-M002D02-690.0-mean	MISC	M002S02	M002D02	690.0	ps
M002S02-M002D02-690.0-variance	MISC	M002S02	M002D02	690.0	ps^2
M002S02-M002D02-905.0-sum	MISC	M002S02	M002D02	905.0	
M002S02-M002D02-905.0-mean	MISC	M002S02	M002D02	905.0	ps
M002S02-M002D02-905.0-variance	MISC	M002S02	M002D02	905.0	ps^2
M002S02-M002D03-690.0-sum	MISC	M002S02	M002D03	690.0	
M002S02-M002D03-690.0-mean	MISC	M002S02	M002D03	690.0	ps
M002S02-M002D03-690.0-variance	MISC	M002S02	M002D03	690.0	ps^2
M002S02-M002D03-905.0-sum	MISC	M002S02	M002D03	905.0	
M002S02-M002D03-905.0-mean	MISC	M002S02	M002D03	905.0	ps
M002S02-M002D03-905.0-variance	MISC	M002S02	M002D03	905.0	ps^2
M002S02-M002D04-690.0-sum	MISC	M002S02	M002D04	690.0	
M002S02-M002D04-690.0-mean	MISC	M002S02	M002D04	690.0	ps
M002S02-M002D04-690.0-variance	MISC	M002S02	M002D04	690.0	ps^2
M002S02-M002D04-905.0-sum	MISC	M002S02	M002D04	905.0	
M002S02-M002D04-905.0-mean	MISC	M002S02	M002D04	905.0	ps
M002S02-M002D04-905.0-variance	MISC	M002S02	M002D04	905.0	ps^2
M002S02-M002D05-690.0-sum	MISC	M002S02	M002D05	690.0	
M002S02-M002D05-690.0-mean	MISC	M002S02	M002D05	690.0	ps
M002S02-M002D05-690.0-variance	MISC	M002S02	M002D05	690.0	ps^2
M002S02-M002D05-905.0-sum	MISC	M002S02	M002D05	905.0	
M002S02-M002D05-905.0-mean	MISC	M002S02	M002D05	905.0	ps
M002S02-M002D05-905.0-variance	MISC	M002S02	M002D05	905.0	ps^2
M002S02-M004D00-690.0-sum	MISC	M002S02	M004D00	690.0	
M002S02-M004D00-690.0-mean	MISC	M002S02	M004D00	690.0	ps
M002S02-M004D00-690.0-variance	MISC	M002S02	M004D00	690.0	ps^2
M002S02-M004D00-905.0-sum	MISC	M002S02	M004D00	905.0	
M002S02-M004D00-905.0-mean	MISC	M002S02	M004D00	905.0	ps
M002S02-M004D00-905.0-variance	MISC	M002S02	M004D00	905.0	ps^2
M002S02-M004D01-690.0-sum	MISC	M002S02	M004D01	690.0	
M002S02-M004D01-690.0-mean	MISC	M002S02	M004D01	690.0	ps
M002S02-M004D01-690.0-variance	MISC	M002S02	M004D01	690.0	ps^2
M002S02-M004D01-905.0-sum	MISC	M002S02	M004D01	905.0	
M002S02-M004D01-905.0-mean	MISC	M002S02	M004D01	905.0	ps
M002S02-M004D01-905.0-variance	MISC	M002S02	M004D01	905.0	ps^2
M002S02-M004D02-690.0-sum	MISC	M002S02	M004D02	690.0	
M002S02-M004D02-690.0-mean	MISC	M002S02	M004D02	690.0	ps
M002S02-M004D02-690.0-variance	MISC	M002S02	M004D02	690.0	ps^2
M002S02-M004D02-905.0-sum	MISC	M002S02	M004D02	905.0	
M002S02-M004D02-905.0-mean	MISC	M002S02	M004D02	905.0	ps
M002S02-M004D02-905.0-variance	MISC	M002S02	M004D02	905.0	ps^2
M003S00-M000D00-690.0-sum	MISC	M003S00	M000D00	690.0	
M003S00-M000D00-690.0-mean	MISC	M003S00	M000D00	690.0	ps
M003S00-M000D00-690.0-variance	MISC	M003S00	M000D00	690.0	ps^2
M003S00-M000D00-905.0-sum	MISC	M003S00	M000D00	905.0	
M003S00-M000D00-905.0-mean	MISC	M003S00	M000D00	905.0	ps
M003S00-M000D00-905.0-variance	MISC	M003S00	M000D00	905.0	ps^2
M003S00-M000D01-690.0-sum	MISC	M003S00	M000D01	690.0	
M003S00-M000D01-690.0-mean	MISC	M003S00	M000D01	690.0	ps
M003S00-M000D01-690.0-variance	MISC	M003S00	M000D01	690.0	ps^2
M003S00-M000D01-905.0-sum	MISC	M003S00	M000D01	905.0	
M003S00-M000D01-905.0-mean	MISC	M003S00	M000D01	905.0	ps
M003S00-M000D01-905.0-variance	MISC	M003S00	M000D01	905.0	ps^2
M003S00-M001D05-690.0-sum	MISC	M003S00	M001D05	690.0	
M003S00-M001D05-690.0-mean	MISC	M003S00	M001D05	690.0	ps
M003S00-M001D05-690.0-variance	MISC	M003S00	M001D05	690.0	ps^2
M003S00-M001D05-905.0-sum	MISC	M003S00	M001D05	905.0	
M003S00-M001D05-905.0-mean	MISC	M003S00	M001D05	905.0	ps
M003S00-M001D05-905.0-variance	MISC	M003S00	M001D05	905.0	ps^2
M003S00-M003D00-690.0-sum	MISC	M003S00	M003D00	690.0	
M003S00-M003D00-690.0-mean	MISC	M003S00	M003D00	690.0	ps
M003S00-M003D00-690.0-variance	MISC	M003S00	M003D00	690.0	ps^2
M003S00-M003D00-905.0-sum	MISC	M003S00	M003D00	905.0	
M003S00-M003D00-905.0-mean	MISC	M003S00	M003D00	905.0	ps
M003S00-M003D00-905.0-variance	MISC	M003S00	M003D00	905.0	ps^2
M003S00-M003D01-690.0-sum	MISC	M003S00	M003D01	690.0	
M003S00-M003D01-690.0-mean	MISC	M003S00	M003D01	690.0	ps
M003S00-M003D01-690.0-variance	MISC	M003S00	M003D01	690.0	ps^2
M003S00-M003D01-905.0-sum	MISC	M003S00	M003D01	905.0	
M003S00-M003D01-905.0-mean	MISC	M003S00	M003D01	905.0	ps
M003S00-M003D01-905.0-variance	MISC	M003S00	M003D01	905.0	ps^2
M003S00-M003D02-690.0-sum	MISC	M003S00	M003D02	690.0	
M003S00-M003D02-690.0-mean	MISC	M003S00	M003D02	690.0	ps
M003S00-M003D02-690.0-variance	MISC	M003S00	M003D02	690.0	ps^2
M003S00-M003D02-905.0-sum	MISC	M003S00	M003D02	905.0	
M003S00-M003D02-905.0-mean	MISC	M003S00	M003D02	905.0	ps
M003S00-M003D02-905.0-variance	MISC	M003S00	M003D02	905.0	ps^2
M003S00-M003D03-690.0-sum	MISC	M003S00	M003D03	690.0	
M003S00-M003D03-690.0-mean	MISC	M003S00	M003D03	690.0	ps
M003S00-M003D03-690.0-variance	MISC	M003S00	M003D03	690.0	ps^2
M003S00-M003D03-905.0-sum	MISC	M003S00	M003D03	905.0	
M003S00-M003D03-905.0-mean	MISC	M003S00	M003D03	905.0	ps
M003S00-M003D03-905.0-variance	MISC	M003S00	M003D03	905.0	ps^2
M003S00-M003D04-690.0-sum	MISC	M003S00	M003D04	690.0	
M003S00-M003D04-690.0-mean	MISC	M003S00	M003D04	690.0	ps
M003S00-M003D04-690.0-variance	MISC	M003S00	M003D04	690.0	ps^2
M003S00-M003D04-905.0-sum	MISC	M003S00	M003D04	905.0	
M003S00-M003D04-905.0-mean	MISC	M003S00	M003D04	905.0	ps
M003S00-M003D04-905.0-variance	MISC	M003S00	M003D04	905.0	ps^2
M003S00-M003D05-690.0-sum	MISC	M003S00	M003D05	690.0	
M003S00-M003D05-690.0-mean	MISC	M003S00	M003D05	690.0	ps
M003S00-M003D05-690.0-variance	MISC	M003S00	M003D05	690.0	ps^2
M003S00-M003D05-905.0-sum	MISC	M003S00	M003D05	905.0	
M003S00-M003D05-905.0-mean	MISC	M003S00	M003D05	905.0	ps
M003S00-M003D05-905.0-variance	MISC	M003S00	M003D05	905.0	ps^2
M003S00-M005D04-690.0-sum	MISC	M003S00	M005D04	690.0	
M003S00-M005D04-690.0-mean	MISC	M003S00	M005D04	690.0	ps
M003S00-M005D04-690.0-variance	MISC	M003S00	M005D04	690.0	ps^2
M003S00-M005D04-905.0-sum	MISC	M003S00	M005D04	905.0	
M003S00-M005D04-905.0-mean	MISC	M003S00	M005D04	905.0	ps
M003S00-M005D04-905.0-variance	MISC	M003S00	M005D04	905.0	ps^2
M003S00-M005D05-690.0-sum	MISC	M003S00	M005D05	690.0	
M003S00-M005D05-690.0-mean	MISC	M003S00	M005D05	690.0	ps
M003S00-M005D05-690.0-variance	MISC	M003S00	M005D05	690.0	ps^2
M003S00-M005D05-905.0-sum	MISC	M003S00	M005D05	905.0	
M003S00-M005D05-905.0-mean	MISC	M003S00	M005D05	905.0	ps
M003S00-M005D05-905.0-variance	MISC	M003S00	M005D05	905.0	ps^2
M003S00-M007D02-690.0-sum	MISC	M003S00	M007D02	690.0	
M003S00-M007D02-690.0-mean	MISC	M003S00	M007D02	690.0	ps
M003S00-M007D02-690.0-variance	MISC	M003S00	M007D02	690.0	ps^2
M003S00-M007D02-905.0-sum	MISC	M003S00	M007D02	905.0	
M003S00-M007D02-905.0-mean	MISC	M003S00	M007D02	905.0	ps
M003S00-M007D02-905.0-variance	MISC	M003S00	M007D02	905.0	ps^2
M003S00-M007D03-690.0-sum	MISC	M003S00	M007D03	690.0	
M003S00-M007D03-690.0-mean	MISC	M003S00	M007D03	690.0	ps
M003S00-M007D03-690.0-variance	MISC	M003S00	M007D03	690.0	ps^2
M003S00-M007D03-905.0-sum	MISC	M003S00	M007D03	905.0	
M003S00-M007D03-905.0-mean	MISC	M003S00	M007D03	905.0	ps
M003S00-M007D03-905.0-variance	MISC	M003S00	M007D03	905.0	ps^2
M003S00-M007D04-690.0-sum	MISC	M003S00	M007D04	690.0	
M003S00-M007D04-690.0-mean	MISC	M003S00	M007D04	690.0	ps
M003S00-M007D04-690.0-variance	MISC	M003S00	M007D04	690.0	ps^2
M003S00-M007D04-905.0-sum	MISC	M003S00	M007D04	905.0	
M003S00-M007D04-905.0-mean	MISC	M003S00	M007D04	905.0	ps
M003S00-M007D04-905.0-variance	MISC	M003S00	M007D04	905.0	ps^2
M003S00-M007D05-690.0-sum	MISC	M003S00	M007D05	690.0	
M003S00-M007D05-690.0-mean	MISC	M003S00	M007D05	690.0	ps
M003S00-M007D05-690.0-variance	MISC	M003S00	M007D05	690.0	ps^2
M003S00-M007D05-905.0-sum	MISC	M003S00	M007D05	905.0	
M003S00-M007D05-905.0-mean	MISC	M003S00	M007D05	905.0	ps
M003S00-M007D05-905.0-variance	MISC	M003S00	M007D05	905.0	ps^2
M003S00-M009D01-690.0-sum	MISC	M003S00	M009D01	690.0	
M003S00-M009D01-690.0-mean	MISC	M003S00	M009D01	690.0	ps
M003S00-M009D01-690.0-variance	MISC	M003S00	M009D01	690.0	ps^2
M003S00-M009D01-905.0-sum	MISC	M003S00	M009D01	905.0	
M003S00-M009D01-905.0-mean	MISC	M003S00	M009D01	905.0	ps
M003S00-M009D01-905.0-variance	MISC	M003S00	M009D01	905.0	ps^2
M003S00-M009D02-690.0-sum	MISC	M003S00	M009D02	690.0	
M003S00-M009D02-690.0-mean	MISC	M003S00	M009D02	690.0	ps
M003S00-M009D02-690.0-variance	MISC	M003S00	M009D02	690.0	ps^2
M003S00-M009D02-905.0-sum	MISC	M003S00	M009D02	905.0	
M003S00-M009D02-905.0-mean	MISC	M003S00	M009D02	905.0	ps
M003S00-M009D02-905.0-variance	MISC	M003S00	M009D02	905.0	ps^2
M003S01-M000D00-690.0-sum	MISC	M003S01	M000D00	690.0	
M003S01-M000D00-690.0-mean	MISC	M003S01	M000D00	690.0	ps
M003S01-M000D00-690.0-variance	MISC	M003S01	M000D00	690.0	ps^2
M003S01-M000D00-905.0-sum	MISC	M003S01	M000D00	905.0	
M003S01-M000D00-905.0-mean	MISC	M003S01	M000D00	905.0	ps
M003S01-M000D00-905.0-variance	MISC	M003S01	M000D00	905.0	ps^2
M003S01-M000D01-690.0-sum	MISC	M003S01	M000D01	690.0	
M003S01-M000D01-690.0-mean	MISC	M003S01	M000D01	690.0	ps
M003S01-M000D01-690.0-variance	MISC	M003S01	M000D01	690.0	ps^2
M003S01-M000D01-905.0-sum	MISC	M003S01	M000D01	905.0	
M003S01-M000D01-905.0-mean	MISC	M003S01	M000D01	905.0	ps
M003S01-M000D01-905.0-variance	MISC	M003S01	M000D01	905.0	ps^2
M003S01-M000D02-690.0-sum	MISC	M003S01	M000D02	690.0	
M003S01-M000D02-690.0-mean	MISC	M003S01	M000D02	690.0	ps
M003S01-M000D02-690.0-variance	MISC	M003S01	M000D02	690.0	ps^2
M003S01-M000D02-905.0-sum	MISC	M003S01	M000D02	905.0	
M003S01-M000D02-905.0-mean	MISC	M003S01	M000D02	905.0	ps
M003S01-M000D02-905.0-variance	MISC	M003S01	M000D02	905.0	ps^2
M003S01-M000D03-690.0-sum	MISC	M003S01	M000D03	690.0	
M003S01-M000D03-690.0-mean	MISC	M003S01	M000D03	690.0	ps
M003S01-M000D03-690.0-variance	MISC	M003S01	M000D03	690.0	ps^2
M003S01-M000D03-905.0-sum	MISC	M003S01	M000D03	905.0	
M003S01-M000D03-905.0-mean	MISC	M003S01	M000D03	905.0	ps
M003S01-M000D03-905.0-variance	MISC	M003S01	M000D03	905.0	ps^2
M003S01-M000D04-690.0-sum	MISC	M003S01	M000D04	690.0	
M003S01-M000D04-690.0-mean	MISC	M003S01	M000D04	690.0	ps
M003S01-M000D04-690.0-variance	MISC	M003S01	M000D04	690.0	ps^2
M003S01-M000D04-905.0-sum	MISC	M003S01	M000D04	905.0	
M003S01-M000D04-905.0-mean	MISC	M003S01	M000D04	905.0	ps
M003S01-M000D04-905.0-variance	MISC	M003S01	M000D04	905.0	ps^2
M003S01-M000D05-690.0-sum	MISC	M003S01	M000D05	690.0	
M003S01-M000D05-690.0-mean	MISC	M003S01	M000D05	690.0	ps
M003S01-M000D05-690.0-variance	MISC	M003S01	M000D05	690.0	ps^2
M003S01-M000D05-905.0-sum	MISC	M003S01	M000D05	905.0	
M003S01-M000D05-905.0-mean	MISC	M003S01	M000D05	905.0	ps
M003S01-M000D05-905.0-variance	MISC	M003S01	M000D05	905.0	ps^2
M003S01-M001D00-690.0-sum	MISC	M003S01	M001D00	690.0	
M003S01-M001D00-690.0-mean	MISC	M003S01	M001D00	690.0	ps
M003S01-M001D00-690.0-variance	MISC	M003S01	M001D00	690.0	ps^2
M003S01-M001D00-905.0-sum	MISC	M003S01	M001D00	905.0	
M003S01-M001D00-905.0-mean	MISC	M003S01	M001D00	905.0	ps
M003S01-M001D00-905.0-variance	MISC	M003S01	M001D00	905.0	ps^2
M003S01-M001D04-690.0-sum	MISC	M003S01	M001D04	690.0	
M003S01-M001D04-690.0-mean	MISC	M003S01	M001D04	690.0	ps
M003S01-M001D04-690.0-variance	MISC	M003S01	M001D04	690.0	ps^2
M003S01-M001D04-905.0-sum	MISC	M003S01	M001D04	905.0	
M003S01-M001D04-905.0-mean	MISC	M003S01	M001D04	905.0	ps
M003S01-M001D04-905.0-variance	MISC	M003S01	M001D04	905.0	ps^2
M003S01-M001D05-690.0-sum	MISC	M003S01	M001D05	690.0	
M003S01-M001D05-690.0-mean	MISC	M003S01	M001D05	690.0	ps
M003S01-M001D05-690.0-variance	MISC	M003S01	M001D05	690.0	ps^2
M003S01-M001D05-905.0-sum	MISC	M003S01	M001D05	905.0	
M003S01-M001D05-905.0-mean	MISC	M003S01	M001D05	905.0	ps
M003S01-M001D05-905.0-variance	MISC	M003S01	M001D05	905.0	ps^2
M003S01-M003D00-690.0-sum	MISC	M003S01	M003D00	690.0	
M003S01-M003D00-690.0-mean	MISC	M003S01	M003D00	690.0	ps
M003S01-M003D00-690.0-variance	MISC	M003S01	M003D00	690.0	ps^2
M003S01-M003D00-905.0-sum	MISC	M003S01	M003D00	905.0	
M003S01-M003D00-905.0-mean	MISC	M003S01	M003D00	905.0	ps
M003S01-M003D00-905.0-variance	MISC	M003S01	M003D00	905.0	ps^2
M003S01-M003D01-690.0-sum	MISC	M003S01	M003D01	690.0	
M003S01-M003D01-690.0-mean	MISC	M003S01	M003D01	690.0	ps
M003S01-M003D01-690.0-variance	MISC	M003S01	M003D01	690.0	ps^2
M003S01-M003D01-905.0-sum	MISC	M003S01	M003D01	905.0	
M003S01-M003D01-905.0-mean	MISC	M003S01	M003D01	905.0	ps
M003S01-M003D01-905.0-variance	MISC	M003S01	M003D01	905.0	ps^2
M003S01-M003D02-690.0-sum	MISC	M003S01	M003D02	690.0	
M003S01-M003D02-690.0-mean	MISC	M003S01	M003D02	690.0	ps
M003S01-M003D02-690.0-variance	MISC	M003S01	M003D02	690.0	ps^2
M003S01-M003D02-905.0-sum	MISC	M003S01	M003D02	905.0	
M003S01-M003D02-905.0-mean	MISC	M003S01	M003D02	905.0	ps
M003S01-M003D02-905.0-variance	MISC	M003S01	M003D02	905.0	ps^2
M003S01-M003D03-690.0-sum	MISC	M003S01	M003D03	690.0	
M003S01-M003D03-690.0-mean	MISC	M003S01	M003D03	690.0	ps
M003S01-M003D03-690.0-variance	MISC	M003S01	M003D03	690.0	ps^2
M003S01-M003D03-905.0-sum	MISC	M003S01	M003D03	905.0	
M003S01-M003D03-905.0-mean	MISC	M003S01	M003D03	905.0	ps
M003S01-M003D03-905.0-variance	MISC	M003S01	M003D03	905.0	ps^2
M003S01-M003D04-690.0-sum	MISC	M003S01	M003D04	690.0	
M003S01-M003D04-690.0-mean	MISC	M003S01	M003D04	690.0	ps
M003S01-M003D04-690.0-variance	MISC	M003S01	M003D04	690.0	ps^2
M003S01-M003D04-905.0-sum	MISC	M003S01	M003D04	905.0	
M003S01-M003D04-905.0-mean	MISC	M003S01	M003D04	905.0	ps
M003S01-M003D04-905.0-variance	MISC	M003S01	M003D04	905.0	ps^2
M003S01-M003D05-690.0-sum	MISC	M003S01	M003D05	690.0	
M003S01-M003D05-690.0-mean	MISC	M003S01	M003D05	690.0	ps
M003S01-M003D05-690.0-variance	MISC	M003S01	M003D05	690.0	ps^2
M003S01-M003D05-905.0-sum	MISC	M003S01	M003D05	905.0	
M003S01-M003D05-905.0-mean	MISC	M003S01	M003D05	905.0	ps
M003S01-M003D05-905.0-variance	MISC	M003S01	M003D05	905.0	ps^2
M003S01-M005D03-690.0-sum	MISC	M003S01	M005D03	690.0	
M003S01-M005D03-690.0-mean	MISC	M003S01	M005D03	690.0	ps
M003S01-M005D03-690.0-variance	MISC	M003S01	M005D03	690.0	ps^2
M003S01-M005D03-905.0-sum	MISC	M003S01	M005D03	905.0	
M003S01-M005D03-905.0-mean	MISC	M003S01	M005D03	905.0	ps
M003S01-M005D03-905.0-variance	MISC	M003S01	M005D03	905.0	ps^2
M003S01-M005D04-690.0-sum	MISC	M003S01	M005D04	690.0	
M003S01-M005D04-690.0-mean	MISC	M003S01	M005D04	690.0	ps
M003S01-M005D04-690.0-variance	MISC	M003S01	M005D04	690.0	ps^2
M003S01-M005D04-905.0-sum	MISC	M003S01	M005D04	905.0	
M003S01-M005D04-905.0-mean	MISC	M003S01	M005D04	905.0	ps
M003S01-M005D04-905.0-variance	MISC	M003S01	M005D04	905.0	ps^2
M003S01-M005D05-690.0-sum	MISC	M003S01	M005D05	690.0	
M003S01-M005D05-690.0-mean	MISC	M003S01	M005D05	690.0	ps
M003S01-M005D05-690.0-variance	MISC	M003S01	M005D05	690.0	ps^2
M003S01-M005D05-905.0-sum	MISC	M003S01	M005D05	905.0	
M003S01-M005D05-905.0-mean	MISC	M003S01	M005D05	905.0	ps
M003S01-M005D05-905.0-variance	MISC	M003S01	M005D05	905.0	ps^2
M003S02-M000D00-690.0-sum	MISC	M003S02	M000D00	690.0	
M003S02-M000D00-690.0-mean	MISC	M003S02	M000D00	690.0	ps
M003S02-M000D00-690.0-variance	MISC	M003S02	M000D00	690.0	ps^2
M003S02-M000D00-905.0-sum	MISC	M003S02	M000D00	905.0	
M003S02-M000D00-905.0-mean	MISC	M003S02	M000D00	905.0	ps
M003S02-M000D00-905.0-variance	MISC	M003S02	M000D00	905.0	ps^2
M003S02-M000D01-690.0-sum	MISC	M003S02	M000D01	690.0	
M003S02-M000D01-690.0-mean	MISC	M003S02	M000D01	690.0	ps
M003S02-M000D01-690.0-variance	MISC	M003S02	M000D01	690.0	ps^2
M003S02-M000D01-905.0-sum	MISC	M003S02	M000D01	905.0	
M003S02-M000D01-905.0-mean	MISC	M003S02	M000D01	905.0	ps
M003S02-M000D01-905.0-variance	MISC	M003S02	M000D01	905.0	ps^2
M003S02-M000D03-690.0-sum	MISC	M003S02	M000D03	690.0	
M003S02-M000D03-690.0-mean	MISC	M003S02	M000D03	690.0	ps
M003S02-M000D03-690.0-variance	MISC	M003S02	M000D03	690.0	ps^2
M003S02-M000D03-905.0-sum	MISC	M003S02	M000D03	905.0	
M003S02-M000D03-905.0-mean	MISC	M003S02	M000D03	905.0	ps
M003S02-M000D03-905.0-variance	MISC	M003S02	M000D03	905.0	ps^2
M003S02-M000D04-690.0-sum	MISC	M003S02	M000D04	690.0	
M003S02-M000D04-690.0-mean	MISC	M003S02	M000D04	690.0	ps
M003S02-M000D04-690.0-variance	MISC	M003S02	M000D04	690.0	ps^2
M003S02-M000D04-905.0-sum	MISC	M003S02	M000D04	905.0	
M003S02-M000D04-905.0-mean	MISC	M003S02	M000D04	905.0	ps
M003S02-M000D04-905.0-variance	MISC	M003S02	M000D04	905.0	ps^2
M003S02-M000D05-690.0-sum	MISC	M003S02	M000D05	690.0	
M003S02-M000D05-690.0-mean	MISC	M003S02	M000D05	690.0	ps
M003S02-M000D05-690.0-variance	MISC	M003S02	M000D05	690.0	ps^2
M003S02-M000D05-905.0-sum	MISC	M003S02	M000D05	905.0	
M003S02-M000D05-905.0-mean	MISC	M003S02	M000D05	905.0	ps
M003S02-M000D05-905.0-variance	MISC	M003S02	M000D05	905.0	ps^2
M003S02-M001D05-690.0-sum	MISC	M003S02	M001D05	690.0	
M003S02-M001D05-690.0-mean	MISC	M003S02	M001D05	690.0	ps
M003S02-M001D05-690.0-variance	MISC	M003S02	M001D05	690.0	ps^2
M003S02-M001D05-905.0-sum	MISC	M003S02	M001D05	905.0	
M003S02-M001D05-905.0-mean	MISC	M003S02	M001D05	905.0	ps
M003S02-M001D05-905.0-variance	MISC	M003S02	M001D05	905.0	ps^2
M003S02-M003D00-690.0-sum	MISC	M003S02	M003D00	690.0	
M003S02-M003D00-690.0-mean	MISC	M003S02	M003D00	690.0	ps
M003S02-M003D00-690.0-variance	MISC	M003S02	M003D00	690.0	ps^2
M003S02-M003D00-905.0-sum	MISC	M003S02	M003D00	905.0	
M003S02-M003D00-905.0-mean	MISC	M003S02	M003D00	905.0	ps
M003S02-M003D00-905.0-variance	MISC	M003S02	M003D00	905.0	ps^2
M003S02-M003D01-690.0-sum	MISC	M003S02	M003D01	690.0	
M003S02-M003D01-690.0-mean	MISC	M003S02	M003D01	690.0	ps
M003S02-M003D01-690.0-variance	MISC	M003S02	M003D01	690.0	ps^2
M003S02-M003D01-905.0-sum	MISC	M003S02	M003D01	905.0	
M003S02-M003D01-905.0-mean	MISC	M003S02	M003D01	905.0	ps
M003S02-M003D01-905.0-variance	MISC	M003S02	M003D01	905.0	ps^2
M003S02-M003D02-690.0-sum	MISC	M003S02	M003D02	690.0	
M003S02-M003D02-690.0-mean	MISC	M003S02	M003D02	690.0	ps
M003S02-M003D02-690.0-variance	MISC	M003S02	M003D02	690.0	ps^2
M003S02-M003D02-905.0-sum	MISC	M003S02	M003D02	905.0	
M003S02-M003D02-905.0-mean	MISC	M003S02	M003D02	905.0	ps
M003S02-M003D02-905.0-variance	MISC	M003S02	M003D02	905.0	ps^2
M003S02-M003D03-690.0-sum	MISC	M003S02	M003D03	690.0	
M003S02-M003D03-690.0-mean	MISC	M003S02	M003D03	690.0	ps
M003S02-M003D03-690.0-variance	MISC	M003S02	M003D03	690.0	ps^2
M003S02-M003D03-905.0-sum	MISC	M003S02	M003D03	905.0	
M003S02-M003D03-905.0-mean	MISC	M003S02	M003D03	905.0	ps
M003S02-M003D03-905.0-variance	MISC	M003S02	M003D03	905.0	ps^2
M003S02-M003D04-690.0-sum	MISC	M003S02	M003D04	690.0	
M003S02-M003D04-690.0-mean	MISC	M003S02	M003D04	690.0	ps
M003S02-M003D04-690.0-variance	MISC	M003S02	M003D04	690.0	ps^2
M003S02-M003D04-905.0-sum	MISC	M003S02	M003D04	905.0	
M003S02-M003D04-905.0-mean	MISC	M003S02	M003D04	905.0	ps
M003S02-M003D04-905.0-variance	MISC	M003S02	M003D04	905.0	ps^2
M003S02-M003D05-690.0-sum	MISC	M003S02	M003D05	690.0	
M003S02-M003D05-690.0-mean	MISC	M003S02	M003D05	690.0	ps
M003S02-M003D05-690.0-variance	MISC	M003S02	M003D05	690.0	ps^2
M003S02-M003D05-905.0-sum	MISC	M003S02	M003D05	905.0	
M003S02-M003D05-905.0-mean	MISC	M003S02	M003D05	905.0	ps
M003S02-M003D05-905.0-variance	MISC	M003S02	M003D05	905.0	ps^2
M003S02-M005D04-690.0-sum	MISC	M003S02	M005D04	690.0	
M003S02-M005D04-690.0-mean	MISC	M003S02	M005D04	690.0	ps
M003S02-M005D04-690.0-variance	MISC	M003S02	M005D04	690.0	ps^2
M003S02-M005D04-905.0-sum	MISC	M003S02	M005D04	905.0	
M003S02-M005D04-905.0-mean	MISC	M003S02	M005D04	905.0	ps
M003S02-M005D04-905.0-variance	MISC	M003S02	M005D04	905.0	ps^2
M003S02-M007D04-690.0-sum	MISC	M003S02	M007D04	690.0	
M003S02-M007D04-690.0-mean	MISC	M003S02	M007D04	690.0	ps
M003S02-M007D04-690.0-variance	MISC	M003S02	M007D04	690.0	ps^2
M003S02-M007D04-905.0-sum	MISC	M003S02	M007D04	905.0	
M003S02-M007D04-905.0-mean	MISC	M003S02	M007D04	905.0	ps
M003S02-M007D04-905.0-variance	MISC	M003S02	M007D04	905.0	ps^2
M003S02-M007D05-690.0-sum	MISC	M003S02	M007D05	690.0	
M003S02-M007D05-690.0-mean	MISC	M003S02	M007D05	690.0	ps
M003S02-M007D05-690.0-variance	MISC	M003S02	M007D05	690.0	ps^2
M003S02-M007D05-905.0-sum	MISC	M003S02	M007D05	905.0	
M003S02-M007D05-905.0-mean	MISC	M003S02	M007D05	905.0	ps
M003S02-M007D05-905.0-variance	MISC	M003S02	M007D05	905.0	ps^2
M004S00-M002D00-690.0-sum	MISC	M004S00	M002D00	690.0	
M004S00-M002D00-690.0-mean	MISC	M004S00	M002D00	690.0	ps
M004S00-M002D00-690.0-variance	MISC	M004S00	M002D00	690.0	ps^2
M004S00-M002D00-905.0-sum	MISC	M004S00	M002D00	905.0	
M004S00-M002D00-905.0-mean	MISC	M004S00	M002D00	905.0	ps
M004S00-M002D00-905.0-variance	MISC	M004S00	M002D00	905.0	ps^2
M004S00-M002D04-690.0-sum	MISC	M004S00	M002D04	690.0	
M004S00-M002D04-690.0-mean	MISC	M004S00	M002D04	690.0	ps
M004S00-M002D04-690.0-variance	MISC	M004S00	M002D04	690.0	ps^2
M004S00-M002D04-905.0-sum	MISC	M004S00	M002D04	905.0	
M004S00-M002D04-905.0-mean	MISC	M004S00	M002D04	905.0	ps
M004S00-M002D04-905.0-variance	MISC	M004S00	M002D04	905.0	ps^2
M004S00-M002D05-690.0-sum	MISC	M004S00	M002D05	690.0	
M004S00-M002D05-690.0-mean	MISC	M004S00	M002D05	690.0	ps
M004S00-M002D05-690.0-variance	MISC	M004S00	M002D05	690.0	ps^2
M004S00-M002D05-905.0-sum	MISC	M004S00	M002D05	905.0	
M004S00-M002D05-905.0-mean	MISC	M004S00	M002D05	905.0	ps
M004S00-M002D05-905.0-variance	MISC	M004S00	M002D05	905.0	ps^2
M004S00-M004D00-690.0-sum	MISC	M004S00	M004D00	690.0	
M004S00-M004D00-690.0-mean	MISC	M004S00	M004D00	690.0	ps
M004S00-M004D00-690.0-variance	MISC	M004S00	M004D00	690.0	ps^2
M004S00-M004D00-905.0-sum	MISC	M004S00	M004D00	905.0	
M004S00-M004D00-905.0-mean	MISC	M004S00	M004D00	905.0	ps
M004S00-M004D00-905.0-variance	MISC	M004S00	M004D00	905.0	ps^2
M004S00-M004D01-690.0-sum	MISC	M004S00	M004D01	690.0	
M004S00-M004D01-690.0-mean	MISC	M004S00	M004D01	690.0	ps
M004S00-M004D01-690.0-variance	MISC	M004S00	M004D01	690.0	ps^2
M004S00-M004D01-905.0-sum	MISC	M004S00	M004D01	905.0	
M004S00-M004D01-905.0-mean	MISC	M004S00	M004D01	905.0	ps
M004S00-M004D01-905.0-variance	MISC	M004S00	M004D01	905.0	ps^2
M004S00-M004D02-690.0-sum	MISC	M004S00	M004D02	690.0	
M004S00-M004D02-690.0-mean	MISC	M004S00	M004D02	690.0	ps
M004S00-M004D02-690.0-variance	MISC	M004S00	M004D02	690.0	ps^2
M004S00-M004D02-905.0-sum	MISC	M004S00	M004D02	905.0	
M004S00-M004D02-905.0-mean	MISC	M004S00	M004D02	905.0	ps
M004S00-M004D02-905.0-variance	MISC	M004S00	M004D02	905.0	ps^2
M004S00-M004D03-690.0-sum	MISC	M004S00	M004D03	690.0	
M004S00-M004D03-690.0-mean	MISC	M004S00	M004D03	690.0	ps
M004S00-M004D03-690.0-variance	MISC	M004S00	M004D03	690.0	ps^2
M004S00-M004D03-905.0-sum	MISC	M004S00	M004D03	905.0	
M004S00-M004D03-905.0-mean	MISC	M004S00	M004D03	905.0	ps
M004S00-M004D03-905.0-variance	MISC	M004S00	M004D03	905.0	ps^2
M004S00-M004D04-690.0-sum	MISC	M004S00	M004D04	690.0	
M004S00-M004D04-690.0-mean	MISC	M004S00	M004D04	690.0	ps
M004S00-M004D04-690.0-variance	MISC	M004S00	M004D04	690.0	ps^2
M004S00-M004D04-905.0-sum	MISC	M004S00	M004D04	905.0	
M004S00-M004D04-905.0-mean	MISC	M004S00	M004D04	905.0	ps
M004S00-M004D04-905.0-variance	MISC	M004S00	M004D04	905.0	ps^2
M004S00-M004D05-690.0-sum	MISC	M004S00	M004D05	690.0	
M004S00-M004D05-690.0-mean	MISC	M004S00	M004D05	690.0	ps
M004S00-M004D05-690.0-variance	MISC	M004S00	M004D05	690.0	ps^2
M004S00-M004D05-905.0-sum	MISC	M004S00	M004D05	905.0	
M004S00-M004D05-905.0-mean	MISC	M004S00	M004D05	905.0	ps
M004S00-M004D05-905.0-variance	MISC	M004S00	M004D05	905.0	ps^2
M004S00-M006D01-690.0-sum	MISC	M004S00	M006D01	690.0	
M004S00-M006D01-690.0-mean	MISC	M004S00	M006D01	690.0	ps
M004S00-M006D01-690.0-variance	MISC	M004S00	M006D01	690.0	ps^2
M004S00-M006D01-905.0-sum	MISC	M004S00	M006D01	905.0	
M004S00-M006D01-905.0-mean	MISC	M004S00	M006D01	905.0	ps
M004S00-M006D01-905.0-variance	MISC	M004S00	M006D01	905.0	ps^2
M004S00-M006D02-690.0-sum	MISC	M004S00	M006D02	690.0	
M004S00-M006D02-690.0-mean	MISC	M004S00	M006D02	690.0	ps
M004S00-M006D02-690.0-variance	MISC	M004S00	M006D02	690.0	ps^2
M004S00-M006D02-905.0-sum	MISC	M004S00	M006D02	905.0	
M004S00-M006D02-905.0-mean	MISC	M004S00	M006D02	905.0	ps
M004S00-M006D02-905.0-variance	MISC	M004S00	M006D02	905.0	ps^2
M004S00-M008D03-690.0-sum	MISC	M004S00	M008D03	690.0	
M004S00-M008D03-690.0-mean	MISC	M004S00	M008D03	690.0	ps
M004S00-M008D03-690.0-variance	MISC	M004S00	M008D03	690.0	ps^2
M004S00-M008D03-905.0-sum	MISC	M004S00	M008D03	905.0	
M004S00-M008D03-905.0-mean	MISC	M004S00	M008D03	905.0	ps
M004S00-M008D03-905.0-variance	MISC	M004S00	M008D03	905.0	ps^2
M004S00-M008D04-690.0-sum	MISC	M004S00	M008D04	690.0	
M004S00-M008D04-690.0-mean	MISC	M004S00	M008D04	690.0	ps
M004S00-M008D04-690.0-variance	MISC	M004S00	M008D04	690.0	ps^2
M004S00-M008D04-905.0-sum	MISC	M004S00	M008D04	905.0	
M004S00-M008D04-905.0-mean	MISC	M004S00	M008D04	905.0	ps
M004S00-M008D04-905.0-variance	MISC	M004S00	M008D04	905.0	ps^2
M004S00-M008D05-690.0-sum	MISC	M004S00	M008D05	690.0	
M004S00-M008D05-690.0-mean	MISC	M004S00	M008D05	690.0	ps
M004S00-M008D05-690.0-variance	MISC	M004S00	M008D05	690.0	ps^2
M004S00-M008D05-905.0-sum	MISC	M004S00	M008D05	905.0	
M004S00-M008D05-905.0-mean	MISC	M004S00	M008D05	905.0	ps
M004S00-M008D05-905.0-variance	MISC	M004S00	M008D05	905.0	ps^2
M004S01-M000D02-690.0-sum	MISC	M004S01	M000D02	690.0	
M004S01-M000D02-690.0-mean	MISC	M004S01	M000D02	690.0	ps
M004S01-M000D02-690.0-variance	MISC	M004S01	M000D02	690.0	ps^2
M004S01-M000D02-905.0-sum	MISC	M004S01	M000D02	905.0	
M004S01-M000D02-905.0-mean	MISC	M004S01	M000D02	905.0	ps
M004S01-M000D02-905.0-variance	MISC	M004S01	M000D02	905.0	ps^2
M004S01-M000D03-690.0-sum	MISC	M004S01	M000D03	690.0	
M004S01-M000D03-690.0-mean	MISC	M004S01	M000D03	690.0	ps
M004S01-M000D03-690.0-variance	MISC	M004S01	M000D03	690.0	ps^2
M004S01-M000D03-905.0-sum	MISC	M004S01	M000D03	905.0	
M004S01-M000D03-905.0-mean	MISC	M004S01	M000D03	905.0	ps
M004S01-M000D03-905.0-variance	MISC	M004S01	M000D03	905.0	ps^2
M004S01-M001D02-690.0-sum	MISC	M004S01	M001D02	690.0	
M004S01-M001D02-690.0-mean	MISC	M004S01	M001D02	690.0	ps
M004S01-M001D02-690.0-variance	MISC	M004S01	M001D02	690.0	ps^2
M004S01-M001D02-905.0-sum	MISC	M004S01	M001D02	905.0	
M004S01-M001D02-905.0-mean	MISC	M004S01	M001D02	905.0	ps
M004S01-M001D02-905.0-variance	MISC	M004S01	M001D02	905.0	ps^2
M004S01-M001D03-690.0-sum	MISC	M004S01	M001D03	690.0	
M004S01-M001D03-690.0-mean	MISC	M004S01	M001D03	690.0	ps
M004S01-M001D03-690.0-variance	MISC	M004S01	M001D03	690.0	ps^2
M004S01-M001D03-905.0-sum	MISC	M004S01	M001D03	905.0	
M004S01-M001D03-905.0-mean	MISC	M004S01	M001D03	905.0	ps
M004S01-M001D03-905.0-variance	MISC	M004S01	M001D03	905.0	ps^2
M004S01-M001D04-690.0-sum	MISC	M004S01	M001D04	690.0	
M004S01-M001D04-690.0-mean	MISC	M004S01	M001D04	690.0	ps
M004S01-M001D04-690.0-variance	MISC	M004S01	M001D04	690.0	ps^2
M004S01-M001D04-905.0-sum	MISC	M004S01	M001D04	905.0	
M004S01-M001D04-905.0-mean	MISC	M004S01	M001D04	905.0	ps
M004S01-M001D04-905.0-variance	MISC	M004S01	M001D04	905.0	ps^2
M004S01-M001D05-690.0-sum	MISC	M004S01	M001D05	690.0	
M004S01-M001D05-690.0-mean	MISC	M004S01	M001D05	690.0	ps
M004S01-M001D05-690.0-variance	MISC	M004S01	M001D05	690.0	ps^2
M004S01-M001D05-905.0-sum	MISC	M004S01	M001D05	905.0	
M004S01-M001D05-905.0-mean	MISC	M004S01	M001D05	905.0	ps
M004S01-M001D05-905.0-variance	MISC	M004S01	M001D05	905.0	ps^2
M004S01-M002D03-690.0-sum	MISC	M004S01	M002D03	690.0	
M004S01-M002D03-690.0-mean	MISC	M004S01	M002D03	690.0	ps
M004S01-M002D03-690.0-variance	MISC	M004S01	M002D03	690.0	ps^2
M004S01-M002D03-905.0-sum	MISC	M004S01	M002D03	905.0	
M004S01-M002D03-905.0-mean	MISC	M004S01	M002D03	905.0	ps
M004S01-M002D03-905.0-variance	MISC	M004S01	M002D03	905.0	ps^2
M004S01-M002D04-690.0-sum	MISC	M004S01	M002D04	690.0	
M004S01-M002D04-690.0-mean	MISC	M004S01	M002D04	690.0	ps
M004S01-M002D04-690.0-variance	MISC	M004S01	M002D04	690.0	ps^2
M004S01-M002D04-905.0-sum	MISC	M004S01	M002D04	905.0	
M004S01-M002D04-905.0-mean	MISC	M004S01	M002D04	905.0	ps
M004S01-M002D04-905.0-variance	MISC	M004S01	M002D04	905.0	ps^2
M004S01-M002D05-690.0-sum	MISC	M004S01	M002D05	690.0	
M004S01-M002D05-690.0-mean	MISC	M004S01	M002D05	690.0	ps
M004S01-M002D05-690.0-variance	MISC	M004S01	M002D05	690.0	ps^2
M004S01-M002D05-905.0-sum	MISC	M004S01	M002D05	905.0	
M004S01-M002D05-905.0-mean	MISC	M004S01	M002D05	905.0	ps
M004S01-M002D05-905.0-variance	MISC	M004S01	M002D05	905.0	ps^2
M004S01-M004D00-690.0-sum	MISC	M004S01	M004D00	690.0	
M004S01-M004D00-690.0-mean	MISC	M004S01	M004D00	690.0	ps
M004S01-M004D00-690.0-variance	MISC	M004S01	M004D00	690.0	ps^2
M004S01-M004D00-905.0-sum	MISC	M004S01	M004D00	905.0	
M004S01-M004D00-905.0-mean	MISC	M004S01	M004D00	905.0	ps
M004S01-M004D00-905.0-variance	MISC	M004S01	M004D00	905.0	ps^2
M004S01-M004D01-690.0-sum	MISC	M004S01	M004D01	690.0	
M004S01-M004D01-690.0-mean	MISC	M004S01	M004D01	690.0	ps
M004S01-M004D01-690.0-variance	MISC	M004S01	M004D01	690.0	ps^2
M004S01-M004D01-905.0-sum	MISC	M004S01	M004D01	905.0	
M004S01-M004D01-905.0-mean	MISC	M004S01	M004D01	905.0	ps
M004S01-M004D01-905.0-variance	MISC	M004S01	M004D01	905.0	ps^2
M004S01-M004D02-690.0-sum	MISC	M004S01	M004D02	690.0	
M004S01-M004D02-690.0-mean	MISC	M004S01	M004D02	690.0	ps
M004S01-M004D02-690.0-variance	MISC	M004S01	M004D02	690.0	ps^2
M004S01-M004D02-905.0-sum	MISC	M004S01	M004D02	905.0	
M004S01-M004D02-905.0-mean	MISC	M004S01	M004D02	905.0	ps
M004S01-M004D02-905.0-variance	MISC	M004S01	M004D02	905.0	ps^2
M004S01-M004D03-690.0-sum	MISC	M004S01	M004D03	690.0	
M004S01-M004D03-690.0-mean	MISC	M004S01	M004D03	690.0	ps
M004S01-M004D03-690.0-variance	MISC	M004S01	M004D03	690.0	ps^2
M004S01-M004D03-905.0-sum	MISC	M004S01	M004D03	905.0	
M004S01-M004D03-905.0-mean	MISC	M004S01	M004D03	905.0	ps
M004S01-M004D03-905.0-variance	MISC	M004S01	M004D03	905.0	ps^2
M004S01-M004D04-690.0-sum	MISC	M004S01	M004D04	690.0	
M004S01-M004D04-690.0-mean	MISC	M004S01	M004D04	690.0	ps
M004S01-M004D04-690.0-variance	MISC	M004S01	M004D04	690.0	ps^2
M004S01-M004D04-905.0-sum	MISC	M004S01	M004D04	905.0	
M004S01-M004D04-905.0-mean	MISC	M004S01	M004D04	905.0	ps
M004S01-M004D04-905.0-variance	MISC	M004S01	M004D04	905.0	ps^2
M004S01-M004D05-690.0-sum	MISC	M004S01	M004D05	690.0	
M004S01-M004D05-690.0-mean	MISC	M004S01	M004D05	690.0	ps
M004S01-M004D05-690.0-variance	MISC	M004S01	M004D05	690.0	ps^2
M004S01-M004D05-905.0-sum	MISC	M004S01	M004D05	905.0	
M004S01-M004D05-905.0-mean	MISC	M004S01	M004D05	905.0	ps
M004S01-M004D05-905.0-variance	MISC	M004S01	M004D05	905.0	ps^2
M004S02-M001D02-690.0-sum	MISC	M004S02	M001D02	690.0	
M004S02-M001D02-690.0-mean	MISC	M004S02	M001D02	690.0	ps
M004S02-M001D02-690.0-variance	MISC	M004S02	M001D02	690.0	ps^2
M004S02-M001D02-905.0-sum	MISC	M004S02	M001D02	905.0	
M004S02-M001D02-905.0-mean	MISC	M004S02	M001D02	905.0	ps
M004S02-M001D02-905.0-variance	MISC	M004S02	M001D02	905.0	ps^2
M004S02-M001D03-690.0-sum	MISC	M004S02	M001D03	690.0	
M004S02-M001D03-690.0-mean	MISC	M004S02	M001D03	690.0	ps
M004S02-M001D03-690.0-variance	MISC	M004S02	M001D03	690.0	ps^2
M004S02-M001D03-905.0-sum	MISC	M004S02	M001D03	905.0	
M004S02-M001D03-905.0-mean	MISC	M004S02	M001D03	905.0	ps
M004S02-M001D03-905.0-variance	MISC	M004S02	M001D03	905.0	ps^2
M004S02-M004D00-690.0-sum	MISC	M004S02	M004D00	690.0	
M004S02-M004D00-690.0-mean	MISC	M004S02	M004D00	690.0	ps
M004S02-M004D00-690.0-variance	MISC	M004S02	M004D00	690.0	ps^2
M004S02-M004D00-905.0-sum	MISC	M004S02	M004D00	905.0	
M004S02-M004D00-905.0-mean	MISC	M004S02	M004D00	905.0	ps
M004S02-M004D00-905.0-variance	MISC	M004S02	M004D00	905.0	ps^2
M004S02-M004D01-690.0-sum	MISC	M004S02	M004D01	690.0	
M004S02-M004D01-690.0-mean	MISC	M004S02	M004D01	690.0	ps
M004S02-M004D01-690.0-variance	MISC	M004S02	M004D01	690.0	ps^2
M004S02-M004D01-905.0-sum	MISC	M004S02	M004D01	905.0	
M004S02-M004D01-905.0-mean	MISC	M004S02	M004D01	905.0	ps
M004S02-M004D01-905.0-variance	MISC	M004S02	M004D01	905.0	ps^2
M004S02-M004D02-690.0-sum	MISC	M004S02	M004D02	690.0	
M004S02-M004D02-690.0-mean	MISC	M004S02	M004D02	690.0	ps
M004S02-M004D02-690.0-variance	MISC	M004S02	M004D02	690.0	ps^2
M004S02-M004D02-905.0-sum	MISC	M004S02	M004D02	905.0	
M004S02-M004D02-905.0-mean	MISC	M004S02	M004D02	905.0	ps
M004S02-M004D02-905.0-variance	MISC	M004S02	M004D02	905.0	ps^2
M004S02-M004D03-690.0-sum	MISC	M004S02	M004D03	690.0	
M004S02-M004D03-690.0-mean	MISC	M004S02	M004D03	690.0	ps
M004S02-M004D03-690.0-variance	MISC	M004S02	M004D03	690.0	ps^2
M004S02-M004D03-905.0-sum	MISC	M004S02	M004D03	905.0	
M004S02-M004D03-905.0-mean	MISC	M004S02	M004D03	905.0	ps
M004S02-M004D03-905.0-variance	MISC	M004S02	M004D03	905.0	ps^2
M004S02-M004D04-690.0-sum	MISC	M004S02	M004D04	690.0	
M004S02-M004D04-690.0-mean	MISC	M004S02	M004D04	690.0	ps
M004S02-M004D04-690.0-variance	MISC	M004S02	M004D04	690.0	ps^2
M004S02-M004D04-905.0-sum	MISC	M004S02	M004D04	905.0	
M004S02-M004D04-905.0-mean	MISC	M004S02	M004D04	905.0	ps
M004S02-M004D04-905.0-variance	MISC	M004S02	M004D04	905.0	ps^2
M004S02-M004D05-690.0-sum	MISC	M004S02	M004D05	690.0	
M004S02-M004D05-690.0-mean	MISC	M004S02	M004D05	690.0	ps
M004S02-M004D05-690.0-variance	MISC	M004S02	M004D05	690.0	ps^2
M004S02-M004D05-905.0-sum	MISC	M004S02	M004D05	905.0	
M004S02-M004D05-905.0-mean	MISC	M004S02	M004D05	905.0	ps
M004S02-M004D05-905.0-variance	MISC	M004S02	M004D05	905.0	ps^2
M004S02-M010D03-690.0-sum	MISC	M004S02	M010D03	690.0	
M004S02-M010D03-690.0-mean	MISC	M004S02	M010D03	690.0	ps
M004S02-M010D03-690.0-variance	MISC	M004S02	M010D03	690.0	ps^2
M004S02-M010D03-905.0-sum	MISC	M004S02	M010D03	905.0	
M004S02-M010D03-905.0-mean	MISC	M004S02	M010D03	905.0	ps
M004S02-M010D03-905.0-variance	MISC	M004S02	M010D03	905.0	ps^2
M004S02-M010D04-690.0-sum	MISC	M004S02	M010D04	690.0	
M004S02-M010D04-690.0-mean	MISC	M004S02	M010D04	690.0	ps
M004S02-M010D04-690.0-variance	MISC	M004S02	M010D04	690.0	ps^2
M004S02-M010D04-905.0-sum	MISC	M004S02	M010D04	905.0	
M004S02-M010D04-905.0-mean	MISC	M004S02	M010D04	905.0	ps
M004S02-M010D04-905.0-variance	MISC	M004S02	M010D04	905.0	ps^2
M005S00-M003D00-690.0-sum	MISC	M005S00	M003D00	690.0	
M005S00-M003D00-690.0-mean	MISC	M005S00	M003D00	690.0	ps
M005S00-M003D00-690.0-variance	MISC	M005S00	M003D00	690.0	ps^2
M005S00-M003D00-905.0-sum	MISC	M005S00	M003D00	905.0	
M005S00-M003D00-905.0-mean	MISC	M005S00	M003D00	905.0	ps
M005S00-M003D00-905.0-variance	MISC	M005S00	M003D00	905.0	ps^2
M005S00-M003D01-690.0-sum	MISC	M005S00	M003D01	690.0	
M005S00-M003D01-690.0-mean	MISC	M005S00	M003D01	690.0	ps
M005S00-M003D01-690.0-variance	MISC	M005S00	M003D01	690.0	ps^2
M005S00-M003D01-905.0-sum	MISC	M005S00	M003D01	905.0	
M005S00-M003D01-905.0-mean	MISC	M005S00	M003D01	905.0	ps
M005S00-M003D01-905.0-variance	MISC	M005S00	M003D01	905.0	ps^2
M005S00-M003D05-690.0-sum	MISC	M005S00	M003D05	690.0	
M005S00-M003D05-690.0-mean	MISC	M005S00	M003D05	690.0	ps
M005S00-M003D05-690.0-variance	MISC	M005S00	M003D05	690.0	ps^2
M005S00-M003D05-905.0-sum	MISC	M005S00	M003D05	905.0	
M005S00-M003D05-905.0-mean	MISC	M005S00	M003D05	905.0	ps
M005S00-M003D05-905.0-variance	MISC	M005S00	M003D05	905.0	ps^2
M005S00-M005D00-690.0-sum	MISC	M005S00	M005D00	690.0	
M005S00-M005D00-690.0-mean	MISC	M005S00	M005D00	690.0	ps
M005S00-M005D00-690.0-variance	MISC	M005S00	M005D00	690.0	ps^2
M005S00-M005D00-905.0-sum	MISC	M005S00	M005D00	905.0	
M005S00-M005D00-905.0-mean	MISC	M005S00	M005D00	905.0	ps
M005S00-M005D00-905.0-variance	MISC	M005S00	M005D00	905.0	ps^2
M005S00-M005D01-690.0-sum	MISC	M005S00	M005D01	690.0	
M005S00-M005D01-690.0-mean	MISC	M005S00	M005D01	690.0	ps
M005S00-M005D01-690.0-variance	MISC	M005S00	M005D01	690.0	ps^2
M005S00-M005D01-905.0-sum	MISC	M005S00	M005D01	905.0	
M005S00-M005D01-905.0-mean	MISC	M005S00	M005D01	905.0	ps
M005S00-M005D01-905.0-variance	MISC	M005S00	M005D01	905.0	ps^2
M005S00-M005D02-690.0-sum	MISC	M005S00	M005D02	690.0	
M005S00-M005D02-690.0-mean	MISC	M005S00	M005D02	690.0	ps
M005S00-M005D02-690.0-variance	MISC	M005S00	M005D02	690.0	ps^2
M005S00-M005D02-905.0-sum	MISC	M005S00	M005D02	905.0	
M005S00-M005D02-905.0-mean	MISC	M005S00	M005D02	905.0	ps
M005S00-M005D02-905.0-variance	MISC	M005S00	M005D02	905.0	ps^2
M005S00-M005D03-690.0-sum	MISC	M005S00	M005D03	690.0	
M005S00-M005D03-690.0-mean	MISC	M005S00	M005D03	690.0	ps
M005S00-M005D03-690.0-variance	MISC	M005S00	M005D03	690.0	ps^2
M005S00-M005D03-905.0-sum	MISC	M005S00	M005D03	905.0	
M005S00-M005D03-905.0-mean	MISC	M005S00	M005D03	905.0	ps
M005S00-M005D03-905.0-variance	MISC	M005S00	M005D03	905.0	ps^2
M005S00-M005D04-690.0-sum	MISC	M005S00	M005D04	690.0	
M005S00-M005D04-690.0-mean	MISC	M005S00	M005D04	690.0	ps
M005S00-M005D04-690.0-variance	MISC	M005S00	M005D04	690.0	ps^2
M005S00-M005D04-905.0-sum	MISC	M005S00	M005D04	905.0	
M005S00-M005D04-905.0-mean	MISC	M005S00	M005D04	905.0	ps
M005S00-M005D04-905.0-variance	MISC	M005S00	M005D04	905.0	ps^2
M005S00-M005D05-690.0-sum	MISC	M005S00	M005D05	690.0	
M005S00-M005D05-690.0-mean	MISC	M005S00	M005D05	690.0	ps
M005S00-M005D05-690.0-variance	MISC	M005S00	M005D05	690.0	ps^2
M005S00-M005D05-905.0-sum	MISC	M005S00	M005D05	905.0	
M005S00-M005D05-905.0-mean	MISC	M005S00	M005D05	905.0	ps
M005S00-M005D05-905.0-variance	MISC	M005S00	M005D05	905.0	ps^2
M005S00-M007D03-690.0-sum	MISC	M005S00	M007D03	690.0	
M005S00-M007D03-690.0-mean	MISC	M005S00	M007D03	690.0	ps
M005S00-M007D03-690.0-variance	MISC	M005S00	M007D03	690.0	ps^2
M005S00-M007D03-905.0-sum	MISC	M005S00	M007D03	905.0	
M005S00-M007D03-905.0-mean	MISC	M005S00	M007D03	905.0	ps
M005S00-M007D03-905.0-variance	MISC	M005S00	M007D03	905.0	ps^2
M005S00-M009D00-690.0-sum	MISC	M005S00	M009D00	690.0	
M005S00-M009D00-690.0-mean	MISC	M005S00	M009D00	690.0	ps
M005S00-M009D00-690.0-variance	MISC	M005S00	M009D00	690.0	ps^2
M005S00-M009D00-905.0-sum	MISC	M005S00	M009D00	905.0	
M005S00-M009D00-905.0-mean	MISC	M005S00	M009D00	905.0	ps
M005S00-M009D00-905.0-variance	MISC	M005S00	M009D00	905.0	ps^2
M005S00-M009D01-690.0-sum	MISC	M005S00	M009D01	690.0	
M005S00-M009D01-690.0-mean	MISC	M005S00	M009D01	690.0	ps
M005S00-M009D01-690.0-variance	MISC	M005S00	M009D01	690.0	ps^2
M005S00-M009D01-905.0-sum	MISC	M005S00	M009D01	905.0	
M005S00-M009D01-905.0-mean	MISC	M005S00	M009D01	905.0	ps
M005S00-M009D01-905.0-variance	MISC	M005S00	M009D01	905.0	ps^2
M005S00-M009D02-690.0-sum	MISC	M005S00	M009D02	690.0	
M005S00-M009D02-690.0-mean	MISC	M005S00	M009D02	690.0	ps
M005S00-M009D02-690.0-variance	MISC	M005S00	M009D02	690.0	ps^2
M005S00-M009D02-905.0-sum	MISC	M005S00	M009D02	905.0	
M005S00-M009D02-905.0-mean	MISC	M005S00	M009D02	905.0	ps
M005S00-M009D02-905.0-variance	MISC	M005S00	M009D02	905.0	ps^2
M005S01-M005D00-690.0-sum	MISC	M005S01	M005D00	690.0	
M005S01-M005D00-690.0-mean	MISC	M005S01	M005D00	690.0	ps
M005S01-M005D00-690.0-variance	MISC	M005S01	M005D00	690.0	ps^2
M005S01-M005D00-905.0-sum	MISC	M005S01	M005D00	905.0	
M005S01-M005D00-905.0-mean	MISC	M005S01	M005D00	905.0	ps
M005S01-M005D00-905.0-variance	MISC	M005S01	M005D00	905.0	ps^2
M005S01-M005D01-690.0-sum	MISC	M005S01	M005D01	690.0	
M005S01-M005D01-690.0-mean	MISC	M005S01	M005D01	690.0	ps
M005S01-M005D01-690.0-variance	MISC	M005S01	M005D01	690.0	ps^2
M005S01-M005D01-905.0-sum	MISC	M005S01	M005D01	905.0	
M005S01-M005D01-905.0-mean	MISC	M005S01	M005D01	905.0	ps
M005S01-M005D01-905.0-variance	MISC	M005S01	M005D01	905.0	ps^2
M005S01-M005D02-690.0-sum	MISC	M005S01	M005D02	690.0	
M005S01-M005D02-690.0-mean	MISC	M005S01	M005D02	690.0	ps
M005S01-M005D02-690.0-variance	MISC	M005S01	M005D02	690.0	ps^2
M005S01-M005D02-905.0-sum	MISC	M005S01	M005D02	905.0	
M005S01-M005D02-905.0-mean	MISC	M005S01	M005D02	905.0	ps
M005S01-M005D02-905.0-variance	MISC	M005S01	M005D02	905.0	ps^2
M005S01-M005D03-690.0-sum	MISC	M005S01	M005D03	690.0	
M005S01-M005D03-690.0-mean	MISC	M005S01	M005D03	690.0	ps
M005S01-M005D03-690.0-variance	MISC	M005S01	M005D03	690.0	ps^2
M005S01-M005D03-905.0-sum	MISC	M005S01	M005D03	905.0	
M005S01-M005D03-905.0-mean	MISC	M005S01	M005D03	905.0	ps
M005S01-M005D03-905.0-variance	MISC	M005S01	M005D03	905.0	ps^2
M005S01-M005D04-690.0-sum	MISC	M005S01	M005D04	690.0	
M005S01-M005D04-690.0-mean	MISC	M005S01	M005D04	690.0	ps
M005S01-M005D04-690.0-variance	MISC	M005S01	M005D04	690.0	ps^2
M005S01-M005D04-905.0-sum	MISC	M005S01	M005D04	905.0	
M005S01-M005D04-905.0-mean	MISC	M005S01	M005D04	905.0	ps
M005S01-M005D04-905.0-variance	MISC	M005S01	M005D04	905.0	ps^2
M005S01-M005D05-690.0-sum	MISC	M005S01	M005D05	690.0	
M005S01-M005D05-690.0-mean	MISC	M005S01	M005D05	690.0	ps
M005S01-M005D05-690.0-variance	MISC	M005S01	M005D05	690.0	ps^2
M005S01-M005D05-905.0-sum	MISC	M005S01	M005D05	905.0	
M005S01-M005D05-905.0-mean	MISC	M005S01	M005D05	905.0	ps
M005S01-M005D05-905.0-variance	MISC	M005S01	M005D05	905.0	ps^2
M005S01-M011D01-690.0-sum	MISC	M005S01	M011D01	690.0	
M005S01-M011D01-690.0-mean	MISC	M005S01	M011D01	690.0	ps
M005S01-M011D01-690.0-variance	MISC	M005S01	M011D01	690.0	ps^2
M005S01-M011D01-905.0-sum	MISC	M005S01	M011D01	905.0	
M005S01-M011D01-905.0-mean	MISC	M005S01	M011D01	905.0	ps
M005S01-M011D01-905.0-variance	MISC	M005S01	M011D01	905.0	ps^2
M005S01-M011D02-690.0-sum	MISC	M005S01	M011D02	690.0	
M005S01-M011D02-690.0-mean	MISC	M005S01	M011D02	690.0	ps
M005S01-M011D02-690.0-variance	MISC	M005S01	M011D02	690.0	ps^2
M005S01-M011D02-905.0-sum	MISC	M005S01	M011D02	905.0	
M005S01-M011D02-905.0-mean	MISC	M005S01	M011D02	905.0	ps
M005S01-M011D02-905.0-variance	MISC	M005S01	M011D02	905.0	ps^2
M005S02-M000D00-690.0-sum	MISC	M005S02	M000D00	690.0	
M005S02-M000D00-690.0-mean	MISC	M005S02	M000D00	690.0	ps
M005S02-M000D00-690.0-variance	MISC	M005S02	M000D00	690.0	ps^2
M005S02-M000D00-905.0-sum	MISC	M005S02	M000D00	905.0	
M005S02-M000D00-905.0-mean	MISC	M005S02	M000D00	905.0	ps
M005S02-M000D00-905.0-variance	MISC	M005S02	M000D00	905.0	ps^2
M005S02-M000D01-690.0-sum	MISC	M005S02	M000D01	690.0	
M005S02-M000D01-690.0-mean	MISC	M005S02	M000D01	690.0	ps
M005S02-M000D01-690.0-variance	MISC	M005S02	M000D01	690.0	ps^2
M005S02-M000D01-905.0-sum	MISC	M005S02	M000D01	905.0	
M005S02-M000D01-905.0-mean	MISC	M005S02	M000D01	905.0	ps
M005S02-M000D01-905.0-variance	MISC	M005S02	M000D01	905.0	ps^2
M005S02-M001D00-690.0-sum	MISC	M005S02	M001D00	690.0	
M005S02-M001D00-690.0-mean	MISC	M005S02	M001D00	690.0	ps
M005S02-M001D00-690.0-variance	MISC	M005S02	M001D00	690.0	ps^2
M005S02-M001D00-905.0-sum	MISC	M005S02	M001D00	905.0	
M005S02-M001D00-905.0-mean	MISC	M005S02	M001D00	905.0	ps
M005S02-M001D00-905.0-variance	MISC	M005S02	M001D00	905.0	ps^2
M005S02-M001D01-690.0-sum	MISC	M005S02	M001D01	690.0	
M005S02-M001D01-690.0-mean	MISC	M005S02	M001D01	690.0	ps
M005S02-M001D01-690.0-variance	MISC	M005S02	M001D01	690.0	ps^2
M005S02-M001D01-905.0-sum	MISC	M005S02	M001D01	905.0	
M005S02-M001D01-905.0-mean	MISC	M005S02	M001D01	905.0	ps
M005S02-M001D01-905.0-variance	MISC	M005S02	M001D01	905.0	ps^2
M005S02-M001D04-690.0-sum	MISC	M005S02	M001D04	690.0	
M005S02-M001D04-690.0-mean	MISC	M005S02	M001D04	690.0	ps
M005S02-M001D04-690.0-variance	MISC	M005S02	M001D04	690.0	ps^2
M005S02-M001D04-905.0-sum	MISC	M005S02	M001D04	905.0	
M005S02-M001D04-905.0-mean	MISC	M005S02	M001D04	905.0	ps
M005S02-M001D04-905.0-variance	MISC	M005S02	M001D04	905.0	ps^2
M005S02-M001D05-690.0-sum	MISC	M005S02	M001D05	690.0	
M005S02-M001D05-690.0-mean	MISC	M005S02	M001D05	690.0	ps
M005S02-M001D05-690.0-variance	MISC	M005S02	M001D05	690.0	ps^2
M005S02-M001D05-905.0-sum	MISC	M005S02	M001D05	905.0	
M005S02-M001D05-905.0-mean	MISC	M005S02	M001D05	905.0	ps
M005S02-M001D05-905.0-variance	MISC	M005S02	M001D05	905.0	ps^2
M005S02-M003D00-690.0-sum	MISC	M005S02	M003D00	690.0	
M005S02-M003D00-690.0-mean	MISC	M005S02	M003D00	690.0	ps
M005S02-M003D00-690.0-variance	MISC	M005S02	M003D00	690.0	ps^2
M005S02-M003D00-905.0-sum	MISC	M005S02	M003D00	905.0	
M005S02-M003D00-905.0-mean	MISC	M005S02	M003D00	905.0	ps
M005S02-M003D00-905.0-variance	MISC	M005S02	M003D00	905.0	ps^2
M005S02-M003D01-690.0-sum	MISC	M005S02	M003D01	690.0	
M005S02-M003D01-690.0-mean	MISC	M005S02	M003D01	690.0	ps
M005S02-M003D01-690.0-variance	MISC	M005S02	M003D01	690.0	ps^2
M005S02-M003D01-905.0-sum	MISC	M005S02	M003D01	905.0	
M005S02-M003D01-905.0-mean	MISC	M005S02	M003D01	905.0	ps
M005S02-M003D01-905.0-variance	MISC	M005S02	M003D01	905.0	ps^2
M005S02-M003D02-690.0-sum	MISC	M005S02	M003D02	690.0	
M005S02-M003D02-690.0-mean	MISC	M005S02	M003D02	690.0	ps
M005S02-M003D02-690.0-variance	MISC	M005S02	M003D02	690.0	ps^2
M005S02-M003D02-905.0-sum	MISC	M005S02	M003D02	905.0	
M005S02-M003D02-905.0-mean	MISC	M005S02	M003D02	905.0	ps
M005S02-M003D02-905.0-variance	MISC	M005S02	M003D02	905.0	ps^2
M005S02-M003D03-690.0-sum	MISC	M005S02	M003D03	690.0	
M005S02-M003D03-690.0-mean	MISC	M005S02	M003D03	690.0	ps
M005S02-M003D03-690.0-variance	MISC	M005S02	M003D03	690.0	ps^2
M005S02-M003D03-905.0-sum	MISC	M005S02	M003D03	905.0	
M005S02-M003D03-905.0-mean	MISC	M005S02	M003D03	905.0	ps
M005S02-M003D03-905.0-variance	MISC	M005S02	M003D03	905.0	ps^2
M005S02-M003D05-690.0-sum	MISC	M005S02	M003D05	690.0	
M005S02-M003D05-690.0-mean	MISC	M005S02	M003D05	690.0	ps
M005S02-M003D05-690.0-variance	MISC	M005S02	M003D05	690.0	ps^2
M005S02-M003D05-905.0-sum	MISC	M005S02	M003D05	905.0	
M005S02-M003D05-905.0-mean	MISC	M005S02	M003D05	905.0	ps
M005S02-M003D05-905.0-variance	MISC	M005S02	M003D05	905.0	ps^2
M005S02-M005D00-690.0-sum	MISC	M005S02	M005D00	690.0	
M005S02-M005D00-690.0-mean	MISC	M005S02	M005D00	690.0	ps
M005S02-M005D00-690.0-variance	MISC	M005S02	M005D00	690.0	ps^2
M005S02-M005D00-905.0-sum	MISC	M005S02	M005D00	905.0	
M005S02-M005D00-905.0-mean	MISC	M005S02	M005D00	905.0	ps
M005S02-M005D00-905.0-variance	MISC	M005S02	M005D00	905.0	ps^2
M005S02-M005D01-690.0-sum	MISC	M005S02	M005D01	690.0	
M005S02-M005D01-690.0-mean	MISC	M005S02	M005D01	690.0	ps
M005S02-M005D01-690.0-variance	MISC	M005S02	M005D01	690.0	ps^2
M005S02-M005D01-905.0-sum	MISC	M005S02	M005D01	905.0	
M005S02-M005D01-905.0-mean	MISC	M005S02	M005D01	905.0	ps
M005S02-M005D01-905.0-variance	MISC	M005S02	M005D01	905.0	ps^2
M005S02-M005D02-690.0-sum	MISC	M005S02	M005D02	690.0	
M005S02-M005D02-690.0-mean	MISC	M005S02	M005D02	690.0	ps
M005S02-M005D02-690.0-variance	MISC	M005S02	M005D02	690.0	ps^2
M005S02-M005D02-905.0-sum	MISC	M005S02	M005D02	905.0	
M005S02-M005D02-905.0-mean	MISC	M005S02	M005D02	905.0	ps
M005S02-M005D02-905.0-variance	MISC	M005S02	M005D02	905.0	ps^2
M005S02-M005D03-690.0-sum	MISC	M005S02	M005D03	690.0	
M005S02-M005D03-690.0-mean	MISC	M005S02	M005D03	690.0	ps
M005S02-M005D03-690.0-variance	MISC	M005S02	M005D03	690.0	ps^2
M005S02-M005D03-905.0-sum	MISC	M005S02	M005D03	905.0	
M005S02-M005D03-905.0-mean	MISC	M005S02	M005D03	905.0	ps
M005S02-M005D03-905.0-variance	MISC	M005S02	M005D03	905.0	ps^2
M005S02-M005D04-690.0-sum	MISC	M005S02	M005D04	690.0	
M005S02-M005D04-690.0-mean	MISC	M005S02	M005D04	690.0	ps
M005S02-M005D04-690.0-variance	MISC	M005S02	M005D04	690.0	ps^2
M005S02-M005D04-905.0-sum	MISC	M005S02	M005D04	905.0	
M005S02-M005D04-905.0-mean	MISC	M005S02	M005D04	905.0	ps
M005S02-M005D04-905.0-variance	MISC	M005S02	M005D04	905.0	ps^2
M005S02-M005D05-690.0-sum	MISC	M005S02	M005D05	690.0	
M005S02-M005D05-690.0-mean	MISC	M005S02	M005D05	690.0	ps
M005S02-M005D05-690.0-variance	MISC	M005S02	M005D05	690.0	ps^2
M005S02-M005D05-905.0-sum	MISC	M005S02	M005D05	905.0	
M005S02-M005D05-905.0-mean	MISC	M005S02	M005D05	905.0	ps
M005S02-M005D05-905.0-variance	MISC	M005S02	M005D05	905.0	ps^2
M006S00-M002D00-690.0-sum	MISC	M006S00	M002D00	690.0	
M006S00-M002D00-690.0-mean	MISC	M006S00	M002D00	690.0	ps
M006S00-M002D00-690.0-variance	MISC	M006S00	M002D00	690.0	ps^2
M006S00-M002D00-905.0-sum	MISC	M006S00	M002D00	905.0	
M006S00-M002D00-905.0-mean	MISC	M006S00	M002D00	905.0	ps
M006S00-M002D00-905.0-variance	MISC	M006S00	M002D00	905.0	ps^2
M006S00-M002D01-690.0-sum	MISC	M006S00	M002D01	690.0	
M006S00-M002D01-690.0-mean	MISC	M006S00	M002D01	690.0	ps
M006S00-M002D01-690.0-variance	MISC	M006S00	M002D01	690.0	ps^2
M006S00-M002D01-905.0-sum	MISC	M006S00	M002D01	905.0	
M006S00-M002D01-905.0-mean	MISC	M006S00	M002D01	905.0	ps
M006S00-M002D01-905.0-variance	MISC	M006S00	M002D01	905.0	ps^2
M006S00-M006D00-690.0-sum	MISC	M006S00	M006D00	690.0	
M006S00-M006D00-690.0-mean	MISC	M006S00	M006D00	690.0	ps
M006S00-M006D00-690.0-variance	MISC	M006S00	M006D00	690.0	ps^2
M006S00-M006D00-905.0-sum	MISC	M006S00	M006D00	905.0	
M006S00-M006D00-905.0-mean	MISC	M006S00	M006D00	905.0	ps
M006S00-M006D00-905.0-variance	MISC	M006S00	M006D00	905.0	ps^2
M006S00-M006D01-690.0-sum	MISC	M006S00	M006D01	690.0	
M006S00-M006D01-690.0-mean	MISC	M006S00	M006D01	690.0	ps
M006S00-M006D01-690.0-variance	MISC	M006S00	M006D01	690.0	ps^2
M006S00-M006D01-905.0-sum	MISC	M006S00	M006D01	905.0	
M006S00-M006D01-905.0-mean	MISC	M006S00	M006D01	905.0	ps
M006S00-M006D01-905.0-variance	MISC	M006S00	M006D01	905.0	ps^2
M006S00-M006D02-690.0-sum	MISC	M006S00	M006D02	690.0	
M006S00-M006D02-690.0-mean	MISC	M006S00	M006D02	690.0	ps
M006S00-M006D02-690.0-variance	MISC	M006S00	M006D02	690.0	ps^2
M006S00-M006D02-905.0-sum	MISC	M006S00	M006D02	905.0	
M006S00-M006D02-905.0-mean	MISC	M006S00	M006D02	905.0	ps
M006S00-M006D02-905.0-variance	MISC	M006S00	M006D02	905.0	ps^2
M006S00-M006D03-690.0-sum	MISC	M006S00	M006D03	690.0	
M006S00-M006D03-690.0-mean	MISC	M006S00	M006D03	690.0	ps
M006S00-M006D03-690.0-variance	MISC	M006S00	M006D03	690.0	ps^2
M006S00-M006D03-905.0-sum	MISC	M006S00	M006D03	905.0	
M006S00-M006D03-905.0-mean	MISC	M006S00	M006D03	905.0	ps
M006S00-M006D03-905.0-variance	MISC	M006S00	M006D03	905.0	ps^2
M006S00-M006D04-690.0-sum	MISC	M006S00	M006D04	690.0	
M006S00-M006D04-690.0-mean	MISC	M006S00	M006D04	690.0	ps
M006S00-M006D04-690.0-variance	MISC	M006S00	M006D04	690.0	ps^2
M006S00-M006D04-905.0-sum	MISC	M006S00	M006D04	905.0	
M006S00-M006D04-905.0-mean	MISC	M006S00	M006D04	905.0	ps
M006S00-M006D04-905.0-variance	MISC	M006S00	M006D04	905.0	ps^2
M006S00-M006D05-690.0-sum	MISC	M006S00	M006D05	690.0	
M006S00-M006D05-690.0-mean	MISC	M006S00	M006D05	690.0	ps
M006S00-M006D05-690.0-variance	MISC	M006S00	M006D05	690.0	ps^2
M006S00-M006D05-905.0-sum	MISC	M006S00	M006D05	905.0	
M006S00-M006D05-905.0-mean	MISC	M006S00	M006D05	905.0	ps
M006S00-M006D05-905.0-variance	MISC	M006S00	M006D05	905.0	ps^2
M006S00-M008D03-690.0-sum	MISC	M006S00	M008D03	690.0	
M006S00-M008D03-690.0-mean	MISC	M006S00	M008D03	690.0	ps
M006S00-M008D03-690.0-variance	MISC	M006S00	M008D03	690.0	ps^2
M006S00-M008D03-905.0-sum	MISC	M006S00	M008D03	905.0	
M006S00-M008D03-905.0-mean	MISC	M006S00	M008D03	905.0	ps
M006S00-M008D03-905.0-variance	MISC	M006S00	M008D03	905.0	ps^2
M006S00-M014D00-690.0-sum	MISC	M006S00	M014D00	690.0	
M006S00-M014D00-690.0-mean	MISC	M006S00	M014D00	690.0	ps
M006S00-M014D00-690.0-variance	MISC	M006S00	M014D00	690.0	ps^2
M006S00-M014D00-905.0-sum	MISC	M006S00	M014D00	905.0	
M006S00-M014D00-905.0-mean	MISC	M006S00	M014D00	905.0	ps
M006S00-M014D00-905.0-variance	MISC	M006S00	M014D00	905.0	ps^2
M006S00-M014D01-690.0-sum	MISC	M006S00	M014D01	690.0	
M006S00-M014D01-690.0-mean	MISC	M006S00	M014D01	690.0	ps
M006S00-M014D01-690.0-variance	MISC	M006S00	M014D01	690.0	ps^2
M006S00-M014D01-905.0-sum	MISC	M006S00	M014D01	905.0	
M006S00-M014D01-905.0-mean	MISC	M006S00	M014D01	905.0	ps
M006S00-M014D01-905.0-variance	MISC	M006S00	M014D01	905.0	ps^2
M006S01-M002D00-690.0-sum	MISC	M006S01	M002D00	690.0	
M006S01-M002D00-690.0-mean	MISC	M006S01	M002D00	690.0	ps
M006S01-M002D00-690.0-variance	MISC	M006S01	M002D00	690.0	ps^2
M006S01-M002D00-905.0-sum	MISC	M006S01	M002D00	905.0	
M006S01-M002D00-905.0-mean	MISC	M006S01	M002D00	905.0	ps
M006S01-M002D00-905.0-variance	MISC	M006S01	M002D00	905.0	ps^2
M006S01-M002D01-690.0-sum	MISC	M006S01	M002D01	690.0	
M006S01-M002D01-690.0-mean	MISC	M006S01	M002D01	690.0	ps
M006S01-M002D01-690.0-variance	MISC	M006S01	M002D01	690.0	ps^2
M006S01-M002D01-905.0-sum	MISC	M006S01	M002D01	905.0	
M006S01-M002D01-905.0-mean	MISC	M006S01	M002D01	905.0	ps
M006S01-M002D01-905.0-variance	MISC	M006S01	M002D01	905.0	ps^2
M006S01-M002D04-690.0-sum	MISC	M006S01	M002D04	690.0	
M006S01-M002D04-690.0-mean	MISC	M006S01	M002D04	690.0	ps
M006S01-M002D04-690.0-variance	MISC	M006S01	M002D04	690.0	ps^2
M006S01-M002D04-905.0-sum	MISC	M006S01	M002D04	905.0	
M006S01-M002D04-905.0-mean	MISC	M006S01	M002D04	905.0	ps
M006S01-M002D04-905.0-variance	MISC	M006S01	M002D04	905.0	ps^2
M006S01-M002D05-690.0-sum	MISC	M006S01	M002D05	690.0	
M006S01-M002D05-690.0-mean	MISC	M006S01	M002D05	690.0	ps
M006S01-M002D05-690.0-variance	MISC	M006S01	M002D05	690.0	ps^2
M006S01-M002D05-905.0-sum	MISC	M006S01	M002D05	905.0	
M006S01-M002D05-905.0-mean	MISC	M006S01	M002D05	905.0	ps
M006S01-M002D05-905.0-variance	MISC	M006S01	M002D05	905.0	ps^2
M006S01-M004D00-690.0-sum	MISC	M006S01	M004D00	690.0	
M006S01-M004D00-690.0-mean	MISC	M006S01	M004D00	690.0	ps
M006S01-M004D00-690.0-variance	MISC	M006S01	M004D00	690.0	ps^2
M006S01-M004D00-905.0-sum	MISC	M006S01	M004D00	905.0	
M006S01-M004D00-905.0-mean	MISC	M006S01	M004D00	905.0	ps
M006S01-M004D00-905.0-variance	MISC	M006S01	M004D00	905.0	ps^2
M006S01-M004D01-690.0-sum	MISC	M006S01	M004D01	690.0	
M006S01-M004D01-690.0-mean	MISC	M006S01	M004D01	690.0	ps
M006S01-M004D01-690.0-variance	MISC	M006S01	M004D01	690.0	ps^2
M006S01-M004D01-905.0-sum	MISC	M006S01	M004D01	905.0	
M006S01-M004D01-905.0-mean	MISC	M006S01	M004D01	905.0	ps
M006S01-M004D01-905.0-variance	MISC	M006S01	M004D01	905.0	ps^2
M006S01-M004D05-690.0-sum	MISC	M006S01	M004D05	690.0	
M006S01-M004D05-690.0-mean	MISC	M006S01	M004D05	690.0	ps
M006S01-M004D05-690.0-variance	MISC	M006S01	M004D05	690.0	ps^2
M006S01-M004D05-905.0-sum	MISC	M006S01	M004D05	905.0	
M006S01-M004D05-905.0-mean	MISC	M006S01	M004D05	905.0	ps
M006S01-M004D05-905.0-variance	MISC	M006S01	M004D05	905.0	ps^2
M006S01-M006D00-690.0-sum	MISC	M006S01	M006D00	690.0	
M006S01-M006D00-690.0-mean	MISC	M006S01	M006D00	690.0	ps
M006S01-M006D00-690.0-variance	MISC	M006S01	M006D00	690.0	ps^2
M006S01-M006D00-905.0-sum	MISC	M006S01	M006D00	905.0	
M006S01-M006D00-905.0-mean	MISC	M006S01	M006D00	905.0	ps
M006S01-M006D00-905.0-variance	MISC	M006S01	M006D00	905.0	ps^2
M006S01-M006D01-690.0-sum	MISC	M006S01	M006D01	690.0	
M006S01-M006D01-690.0-mean	MISC	M006S01	M006D01	690.0	ps
M006S01-M006D01-690.0-variance	MISC	M006S01	M006D01	690.0	ps^2
M006S01-M006D01-905.0-sum	MISC	M006S01	M006D01	905.0	
M006S01-M006D01-905.0-mean	MISC	M006S01	M006D01	905.0	ps
M006S01-M006D01-905.0-variance	MISC	M006S01	M006D01	905.0	ps^2
M006S01-M006D02-690.0-sum	MISC	M006S01	M006D02	690.0	
M006S01-M006D02-690.0-mean	MISC	M006S01	M006D02	690.0	ps
M006S01-M006D02-690.0-variance	MISC	M006S01	M006D02	690.0	ps^2
M006S01-M006D02-905.0-sum	MISC	M006S01	M006D02	905.0	
M006S01-M006D02-905.0-mean	MISC	M006S01	M006D02	905.0	ps
M006S01-M006D02-905.0-variance	MISC	M006S01	M006D02	905.0	ps^2
M006S01-M006D03-690.0-sum	MISC	M006S01	M006D03	690.0	
M006S01-M006D03-690.0-mean	MISC	M006S01	M006D03	690.0	ps
M006S01-M006D03-690.0-variance	MISC	M006S01	M006D03	690.0	ps^2
M006S01-M006D03-905.0-sum	MISC	M006S01	M006D03	905.0	
M006S01-M006D03-905.0-mean	MISC	M006S01	M006D03	905.0	ps
M006S01-M006D03-905.0-variance	MISC	M006S01	M006D03	905.0	ps^2
M006S01-M006D04-690.0-sum	MISC	M006S01	M006D04	690.0	
M006S01-M006D04-690.0-mean	MISC	M006S01	M006D04	690.0	ps
M006S01-M006D04-690.0-variance	MISC	M006S01	M006D04	690.0	ps^2
M006S01-M006D04-905.0-sum	MISC	M006S01	M006D04	905.0	
M006S01-M006D04-905.0-mean	MISC	M006S01	M006D04	905.0	ps
M006S01-M006D04-905.0-variance	MISC	M006S01	M006D04	905.0	ps^2
M006S01-M006D05-690.0-sum	MISC	M006S01	M006D05	690.0	
M006S01-M006D05-690.0-mean	MISC	M006S01	M006D05	690.0	ps
M006S01-M006D05-690.0-variance	MISC	M006S01	M006D05	690.0	ps^2
M006S01-M006D05-905.0-sum	MISC	M006S01	M006D05	905.0	
M006S01-M006D05-905.0-mean	MISC	M006S01	M006D05	905.0	ps
M006S01-M006D05-905.0-variance	MISC	M006S01	M006D05	905.0	ps^2
M006S01-M008D02-690.0-sum	MISC	M006S01	M008D02	690.0	
M006S01-M008D02-690.0-mean	MISC	M006S01	M008D02	690.0	ps
M006S01-M008D02-690.0-variance	MISC	M006S01	M008D02	690.0	ps^2
M006S01-M008D02-905.0-sum	MISC	M006S01	M008D02	905.0	
M006S01-M008D02-905.0-mean	MISC	M006S01	M008D02	905.0	ps
M006S01-M008D02-905.0-variance	MISC	M006S01	M008D02	905.0	ps^2
M006S01-M008D03-690.0-sum	MISC	M006S01	M008D03	690.0	
M006S01-M008D03-690.0-mean	MISC	M006S01	M008D03	690.0	ps
M006S01-M008D03-690.0-variance	MISC	M006S01	M008D03	690.0	ps^2
M006S01-M008D03-905.0-sum	MISC	M006S01	M008D03	905.0	
M006S01-M008D03-905.0-mean	MISC	M006S01	M008D03	905.0	ps
M006S01-M008D03-905.0-variance	MISC	M006S01	M008D03	905.0	ps^2
M006S01-M008D04-690.0-sum	MISC	M006S01	M008D04	690.0	
M006S01-M008D04-690.0-mean	MISC	M006S01	M008D04	690.0	ps
M006S01-M008D04-690.0-variance	MISC	M006S01	M008D04	690.0	ps^2
M006S01-M008D04-905.0-sum	MISC	M006S01	M008D04	905.0	
M006S01-M008D04-905.0-mean	MISC	M006S01	M008D04	905.0	ps
M006S01-M008D04-905.0-variance	MISC	M006S01	M008D04	905.0	ps^2
M006S02-M006D00-690.0-sum	MISC	M006S02	M006D00	690.0	
M006S02-M006D00-690.0-mean	MISC	M006S02	M006D00	690.0	ps
M006S02-M006D00-690.0-variance	MISC	M006S02	M006D00	690.0	ps^2
M006S02-M006D00-905.0-sum	MISC	M006S02	M006D00	905.0	
M006S02-M006D00-905.0-mean	MISC	M006S02	M006D00	905.0	ps
M006S02-M006D00-905.0-variance	MISC	M006S02	M006D00	905.0	ps^2
M006S02-M006D01-690.0-sum	MISC	M006S02	M006D01	690.0	
M006S02-M006D01-690.0-mean	MISC	M006S02	M006D01	690.0	ps
M006S02-M006D01-690.0-variance	MISC	M006S02	M006D01	690.0	ps^2
M006S02-M006D01-905.0-sum	MISC	M006S02	M006D01	905.0	
M006S02-M006D01-905.0-mean	MISC	M006S02	M006D01	905.0	ps
M006S02-M006D01-905.0-variance	MISC	M006S02	M006D01	905.0	ps^2
M006S02-M006D02-690.0-sum	MISC	M006S02	M006D02	690.0	
M006S02-M006D02-690.0-mean	MISC	M006S02	M006D02	690.0	ps
M006S02-M006D02-690.0-variance	MISC	M006S02	M006D02	690.0	ps^2
M006S02-M006D02-905.0-sum	MISC	M006S02	M006D02	905.0	
M006S02-M006D02-905.0-mean	MISC	M006S02	M006D02	905.0	ps
M006S02-M006D02-905.0-variance	MISC	M006S02	M006D02	905.0	ps^2
M006S02-M006D03-690.0-sum	MISC	M006S02	M006D03	690.0	
M006S02-M006D03-690.0-mean	MISC	M006S02	M006D03	690.0	ps
M006S02-M006D03-690.0-variance	MISC	M006S02	M006D03	690.0	ps^2
M006S02-M006D03-905.0-sum	MISC	M006S02	M006D03	905.0	
M006S02-M006D03-905.0-mean	MISC	M006S02	M006D03	905.0	ps
M006S02-M006D03-905.0-variance	MISC	M006S02	M006D03	905.0	ps^2
M006S02-M006D04-690.0-sum	MISC	M006S02	M006D04	690.0	
M006S02-M006D04-690.0-mean	MISC	M006S02	M006D04	690.0	ps
M006S02-M006D04-690.0-variance	MISC	M006S02	M006D04	690.0	ps^2
M006S02-M006D04-905.0-sum	MISC	M006S02	M006D04	905.0	
M006S02-M006D04-905.0-mean	MISC	M006S02	M006D04	905.0	ps
M006S02-M006D04-905.0-variance	MISC	M006S02	M006D04	905.0	ps^2
M006S02-M006D05-690.0-sum	MISC	M006S02	M006D05	690.0	
M006S02-M006D05-690.0-mean	MISC	M006S02	M006D05	690.0	ps
M006S02-M006D05-690.0-variance	MISC	M006S02	M006D05	690.0	ps^2
M006S02-M006D05-905.0-sum	MISC	M006S02	M006D05	905.0	
M006S02-M006D05-905.0-mean	MISC	M006S02	M006D05	905.0	ps
M006S02-M006D05-905.0-variance	MISC	M006S02	M006D05	905.0	ps^2
M006S02-M008D02-690.0-sum	MISC	M006S02	M008D02	690.0	
M006S02-M008D02-690.0-mean	MISC	M006S02	M008D02	690.0	ps
M006S02-M008D02-690.0-variance	MISC	M006S02	M008D02	690.0	ps^2
M006S02-M008D02-905.0-sum	MISC	M006S02	M008D02	905.0	
M006S02-M008D02-905.0-mean	MISC	M006S02	M008D02	905.0	ps
M006S02-M008D02-905.0-variance	MISC	M006S02	M008D02	905.0	ps^2
M006S02-M008D03-690.0-sum	MISC	M006S02	M008D03	690.0	
M006S02-M008D03-690.0-mean	MISC	M006S02	M008D03	690.0	ps
M006S02-M008D03-690.0-variance	MISC	M006S02	M008D03	690.0	ps^2
M006S02-M008D03-905.0-sum	MISC	M006S02	M008D03	905.0	
M006S02-M008D03-905.0-mean	MISC	M006S02	M008D03	905.0	ps
M006S02-M008D03-905.0-variance	MISC	M006S02	M008D03	905.0	ps^2
M006S02-M008D04-690.0-sum	MISC	M006S02	M008D04	690.0	
M006S02-M008D04-690.0-mean	MISC	M006S02	M008D04	690.0	ps
M006S02-M008D04-690.0-variance	MISC	M006S02	M008D04	690.0	ps^2
M006S02-M008D04-905.0-sum	MISC	M006S02	M008D04	905.0	
M006S02-M008D04-905.0-mean	MISC	M006S02	M008D04	905.0	ps
M006S02-M008D04-905.0-variance	MISC	M006S02	M008D04	905.0	ps^2
M006S02-M014D00-690.0-sum	MISC	M006S02	M014D00	690.0	
M006S02-M014D00-690.0-mean	MISC	M006S02	M014D00	690.0	ps
M006S02-M014D00-690.0-variance	MISC	M006S02	M014D00	690.0	ps^2
M006S02-M014D00-905.0-sum	MISC	M006S02	M014D00	905.0	
M006S02-M014D00-905.0-mean	MISC	M006S02	M014D00	905.0	ps
M006S02-M014D00-905.0-variance	MISC	M006S02	M014D00	905.0	ps^2
M006S02-M014D01-690.0-sum	MISC	M006S02	M014D01	690.0	
M006S02-M014D01-690.0-mean	MISC	M006S02	M014D01	690.0	ps
M006S02-M014D01-690.0-variance	MISC	M006S02	M014D01	690.0	ps^2
M006S02-M014D01-905.0-sum	MISC	M006S02	M014D01	905.0	
M006S02-M014D01-905.0-mean	MISC	M006S02	M014D01	905.0	ps
M006S02-M014D01-905.0-variance	MISC	M006S02	M014D01	905.0	ps^2
M006S02-M014D02-690.0-sum	MISC	M006S02	M014D02	690.0	
M006S02-M014D02-690.0-mean	MISC	M006S02	M014D02	690.0	ps
M006S02-M014D02-690.0-variance	MISC	M006S02	M014D02	690.0	ps^2
M006S02-M014D02-905.0-sum	MISC	M006S02	M014D02	905.0	
M006S02-M014D02-905.0-mean	MISC	M006S02	M014D02	905.0	ps
M006S02-M014D02-905.0-variance	MISC	M006S02	M014D02	905.0	ps^2
M007S00-M003D04-690.0-sum	MISC	M007S00	M003D04	690.0	
M007S00-M003D04-690.0-mean	MISC	M007S00	M003D04	690.0	ps
M007S00-M003D04-690.0-variance	MISC	M007S00	M003D04	690.0	ps^2
M007S00-M003D04-905.0-sum	MISC	M007S00	M003D04	905.0	
M007S00-M003D04-905.0-mean	MISC	M007S00	M003D04	905.0	ps
M007S00-M003D04-905.0-variance	MISC	M007S00	M003D04	905.0	ps^2
M007S00-M003D05-690.0-sum	MISC	M007S00	M003D05	690.0	
M007S00-M003D05-690.0-mean	MISC	M007S00	M003D05	690.0	ps
M007S00-M003D05-690.0-variance	MISC	M007S00	M003D05	690.0	ps^2
M007S00-M003D05-905.0-sum	MISC	M007S00	M003D05	905.0	
M007S00-M003D05-905.0-mean	MISC	M007S00	M003D05	905.0	ps
M007S00-M003D05-905.0-variance	MISC	M007S00	M003D05	905.0	ps^2
M007S00-M007D00-690.0-sum	MISC	M007S00	M007D00	690.0	
M007S00-M007D00-690.0-mean	MISC	M007S00	M007D00	690.0	ps
M007S00-M007D00-690.0-variance	MISC	M007S00	M007D00	690.0	ps^2
M007S00-M007D00-905.0-sum	MISC	M007S00	M007D00	905.0	
M007S00-M007D00-905.0-mean	MISC	M007S00	M007D00	905.0	ps
M007S00-M007D00-905.0-variance	MISC	M007S00	M007D00	905.0	ps^2
M007S00-M007D01-690.0-sum	MISC	M007S00	M007D01	690.0	
M007S00-M007D01-690.0-mean	MISC	M007S00	M007D01	690.0	ps
M007S00-M007D01-690.0-variance	MISC	M007S00	M007D01	690.0	ps^2
M007S00-M007D01-905.0-sum	MISC	M007S00	M007D01	905.0	
M007S00-M007D01-905.0-mean	MISC	M007S00	M007D01	905.0	ps
M007S00-M007D01-905.0-variance	MISC	M007S00	M007D01	905.0	ps^2
M007S00-M007D02-690.0-sum	MISC	M007S00	M007D02	690.0	
M007S00-M007D02-690.0-mean	MISC	M007S00	M007D02	690.0	ps
M007S00-M007D02-690.0-variance	MISC	M007S00	M007D02	690.0	ps^2
M007S00-M007D02-905.0-sum	MISC	M007S00	M007D02	905.0	
M007S00-M007D02-905.0-mean	MISC	M007S00	M007D02	905.0	ps
M007S00-M007D02-905.0-variance	MISC	M007S00	M007D02	905.0	ps^2
M007S00-M007D03-690.0-sum	MISC	M007S00	M007D03	690.0	
M007S00-M007D03-690.0-mean	MISC	M007S00	M007D03	690.0	ps
M007S00-M007D03-690.0-variance	MISC	M007S00	M007D03	690.0	ps^2
M007S00-M007D03-905.0-sum	MISC	M007S00	M007D03	905.0	
M007S00-M007D03-905.0-mean	MISC	M007S00	M007D03	905.0	ps
M007S00-M007D03-905.0-variance	MISC	M007S00	M007D03	905.0	ps^2
M007S00-M007D04-690.0-sum	MISC	M007S00	M007D04	690.0	
M007S00-M007D04-690.0-mean	MISC	M007S00	M007D04	690.0	ps
M007S00-M007D04-690.0-variance	MISC	M007S00	M007D04	690.0	ps^2
M007S00-M007D04-905.0-sum	MISC	M007S00	M007D04	905.0	
M007S00-M007D04-905.0-mean	MISC	M007S00	M007D04	905.0	ps
M007S00-M007D04-905.0-variance	MISC	M007S00	M007D04	905.0	ps^2
M007S00-M007D05-690.0-sum	MISC	M007S00	M007D05	690.0	
M007S00-M007D05-690.0-mean	MISC	M007S00	M007D05	690.0	ps
M007S00-M007D05-690.0-variance	MISC	M007S00	M007D05	690.0	ps^2
M007S00-M007D05-905.0-sum	MISC	M007S00	M007D05	905.0	
M007S00-M007D05-905.0-mean	MISC	M007S00	M007D05	905.0	ps
M007S00-M007D05-905.0-variance	MISC	M007S00	M007D05	905.0	ps^2
M007S00-M009D02-690.0-sum	MISC	M007S00	M009D02	690.0	
M007S00-M009D02-690.0-mean	MISC	M007S00	M009D02	690.0	ps
M007S00-M009D02-690.0-variance	MISC	M007S00	M009D02	690.0	ps^2
M007S00-M009D02-905.0-sum	MISC	M007S00	M009D02	905.0	
M007S00-M009D02-905.0-mean	MISC	M007S00	M009D02	905.0	ps
M007S00-M009D02-905.0-variance	MISC	M007S00	M009D02	905.0	ps^2
M007S00-M015D04-690.0-sum	MISC	M007S00	M015D04	690.0	
M007S00-M015D04-690.0-mean	MISC	M007S00	M015D04	690.0	ps
M007S00-M015D04-690.0-variance	MISC	M007S00	M015D04	690.0	ps^2
M007S00-M015D04-905.0-sum	MISC	M007S00	M015D04	905.0	
M007S00-M015D04-905.0-mean	MISC	M007S00	M015D04	905.0	ps
M007S00-M015D04-905.0-variance	MISC	M007S00	M015D04	905.0	ps^2
M007S00-M015D05-690.0-sum	MISC	M007S00	M015D05	690.0	
M007S00-M015D05-690.0-mean	MISC	M007S00	M015D05	690.0	ps
M007S00-M015D05-690.0-variance	MISC	M007S00	M015D05	690.0	ps^2
M007S00-M015D05-905.0-sum	MISC	M007S00	M015D05	905.0	
M007S00-M015D05-905.0-mean	MISC	M007S00	M015D05	905.0	ps
M007S00-M015D05-905.0-variance	MISC	M007S00	M015D05	905.0	ps^2
M007S01-M007D00-690.0-sum	MISC	M007S01	M007D00	690.0	
M007S01-M007D00-690.0-mean	MISC	M007S01	M007D00	690.0	ps
M007S01-M007D00-690.0-variance	MISC	M007S01	M007D00	690.0	ps^2
M007S01-M007D00-905.0-sum	MISC	M007S01	M007D00	905.0	
M007S01-M007D00-905.0-mean	MISC	M007S01	M007D00	905.0	ps
M007S01-M007D00-905.0-variance	MISC	M007S01	M007D00	905.0	ps^2
M007S01-M007D01-690.0-sum	MISC	M007S01	M007D01	690.0	
M007S01-M007D01-690.0-mean	MISC	M007S01	M007D01	690.0	ps
M007S01-M007D01-690.0-variance	MISC	M007S01	M007D01	690.0	ps^2
M007S01-M007D01-905.0-sum	MISC	M007S01	M007D01	905.0	
M007S01-M007D01-905.0-mean	MISC	M007S01	M007D01	905.0	ps
M007S01-M007D01-905.0-variance	MISC	M007S01	M007D01	905.0	ps^2
M007S01-M007D02-690.0-sum	MISC	M007S01	M007D02	690.0	
M007S01-M007D02-690.0-mean	MISC	M007S01	M007D02	690.0	ps
M007S01-M007D02-690.0-variance	MISC	M007S01	M007D02	690.0	ps^2
M007S01-M007D02-905.0-sum	MISC	M007S01	M007D02	905.0	
M007S01-M007D02-905.0-mean	MISC	M007S01	M007D02	905.0	ps
M007S01-M007D02-905.0-variance	MISC	M007S01	M007D02	905.0	ps^2
M007S01-M007D03-690.0-sum	MISC	M007S01	M007D03	690.0	
M007S01-M007D03-690.0-mean	MISC	M007S01	M007D03	690.0	ps
M007S01-M007D03-690.0-variance	MISC	M007S01	M007D03	690.0	ps^2
M007S01-M007D03-905.0-sum	MISC	M007S01	M007D03	905.0	
M007S01-M007D03-905.0-mean	MISC	M007S01	M007D03	905.0	ps
M007S01-M007D03-905.0-variance	MISC	M007S01	M007D03	905.0	ps^2
M007S01-M007D04-690.0-sum	MISC	M007S01	M007D04	690.0	
M007S01-M007D04-690.0-mean	MISC	M007S01	M007D04	690.0	ps
M007S01-M007D04-690.0-variance	MISC	M007S01	M007D04	690.0	ps^2
M007S01-M007D04-905.0-sum	MISC	M007S01	M007D04	905.0	
M007S01-M007D04-905.0-mean	MISC	M007S01	M007D04	905.0	ps
M007S01-M007D04-905.0-variance	MISC	M007S01	M007D04	905.0	ps^2
M007S01-M007D05-690.0-sum	MISC	M007S01	M007D05	690.0	
M007S01-M007D05-690.0-mean	MISC	M007S01	M007D05	690.0	ps
M007S01-M007D05-690.0-variance	MISC	M007S01	M007D05	690.0	ps^2
M007S01-M007D05-905.0-sum	MISC	M007S01	M007D05	905.0	
M007S01-M007D05-905.0-mean	MISC	M007S01	M007D05	905.0	ps
M007S01-M007D05-905.0-variance	MISC	M007S01	M007D05	905.0	ps^2
M007S01-M009D01-690.0-sum	MISC	M007S01	M009D01	690.0	
M007S01-M009D01-690.0-mean	MISC	M007S01	M009D01	690.0	ps
M007S01-M009D01-690.0-variance	MISC	M007S01	M009D01	690.0	ps^2
M007S01-M009D01-905.0-sum	MISC	M007S01	M009D01	905.0	
M007S01-M009D01-905.0-mean	MISC	M007S01	M009D01	905.0	ps
M007S01-M009D01-905.0-variance	MISC	M007S01	M009D01	905.0	ps^2
M007S01-M009D02-690.0-sum	MISC	M007S01	M009D02	690.0	
M007S01-M009D02-690.0-mean	MISC	M007S01	M009D02	690.0	ps
M007S01-M009D02-690.0-variance	MISC	M007S01	M009D02	690.0	ps^2
M007S01-M009D02-905.0-sum	MISC	M007S01	M009D02	905.0	
M007S01-M009D02-905.0-mean	MISC	M007S01	M009D02	905.0	ps
M007S01-M009D02-905.0-variance	MISC	M007S01	M009D02	905.0	ps^2
M007S01-M009D03-690.0-sum	MISC	M007S01	M009D03	690.0	
M007S01-M009D03-690.0-mean	MISC	M007S01	M009D03	690.0	ps
M007S01-M009D03-690.0-variance	MISC	M007S01	M009D03	690.0	ps^2
M007S01-M009D03-905.0-sum	MISC	M007S01	M009D03	905.0	
M007S01-M009D03-905.0-mean	MISC	M007S01	M009D03	905.0	ps
M007S01-M009D03-905.0-variance	MISC	M007S01	M009D03	905.0	ps^2
M007S01-M009D04-690.0-sum	MISC	M007S01	M009D04	690.0	
M007S01-M009D04-690.0-mean	MISC	M007S01	M009D04	690.0	ps
M007S01-M009D04-690.0-variance	MISC	M007S01	M009D04	690.0	ps^2
M007S01-M009D04-905.0-sum	MISC	M007S01	M009D04	905.0	
M007S01-M009D04-905.0-mean	MISC	M007S01	M009D04	905.0	ps
M007S01-M009D04-905.0-variance	MISC	M007S01	M009D04	905.0	ps^2
M007S01-M015D02-690.0-sum	MISC	M007S01	M015D02	690.0	
M007S01-M015D02-690.0-mean	MISC	M007S01	M015D02	690.0	ps
M007S01-M015D02-690.0-variance	MISC	M007S01	M015D02	690.0	ps^2
M007S01-M015D02-905.0-sum	MISC	M007S01	M015D02	905.0	
M007S01-M015D02-905.0-mean	MISC	M007S01	M015D02	905.0	ps
M007S01-M015D02-905.0-variance	MISC	M007S01	M015D02	905.0	ps^2
M007S01-M015D03-690.0-sum	MISC	M007S01	M015D03	690.0	
M007S01-M015D03-690.0-mean	MISC	M007S01	M015D03	690.0	ps
M007S01-M015D03-690.0-variance	MISC	M007S01	M015D03	690.0	ps^2
M007S01-M015D03-905.0-sum	MISC	M007S01	M015D03	905.0	
M007S01-M015D03-905.0-mean	MISC	M007S01	M015D03	905.0	ps
M007S01-M015D03-905.0-variance	MISC	M007S01	M015D03	905.0	ps^2
M007S01-M015D04-690.0-sum	MISC	M007S01	M015D04	690.0	
M007S01-M015D04-690.0-mean	MISC	M007S01	M015D04	690.0	ps
M007S01-M015D04-690.0-variance	MISC	M007S01	M015D04	690.0	ps^2
M007S01-M015D04-905.0-sum	MISC	M007S01	M015D04	905.0	
M007S01-M015D04-905.0-mean	MISC	M007S01	M015D04	905.0	ps
M007S01-M015D04-905.0-variance	MISC	M007S01	M015D04	905.0	ps^2
M007S01-M015D05-690.0-sum	MISC	M007S01	M015D05	690.0	
M007S01-M015D05-690.0-mean	MISC	M007S01	M015D05	690.0	ps
M007S01-M015D05-690.0-variance	MISC	M007S01	M015D05	690.0	ps^2
M007S01-M015D05-905.0-sum	MISC	M007S01	M015D05	905.0	
M007S01-M015D05-905.0-mean	MISC	M007S01	M015D05	905.0	ps
M007S01-M015D05-905.0-variance	MISC	M007S01	M015D05	905.0	ps^2
M007S02-M003D00-690.0-sum	MISC	M007S02	M003D00	690.0	
M007S02-M003D00-690.0-mean	MISC	M007S02	M003D00	690.0	ps
M007S02-M003D00-690.0-variance	MISC	M007S02	M003D00	690.0	ps^2
M007S02-M003D00-905.0-sum	MISC	M007S02	M003D00	905.0	
M007S02-M003D00-905.0-mean	MISC	M007S02	M003D00	905.0	ps
M007S02-M003D00-905.0-variance	MISC	M007S02	M003D00	905.0	ps^2
M007S02-M003D01-690.0-sum	MISC	M007S02	M003D01	690.0	
M007S02-M003D01-690.0-mean	MISC	M007S02	M003D01	690.0	ps
M007S02-M003D01-690.0-variance	MISC	M007S02	M003D01	690.0	ps^2
M007S02-M003D01-905.0-sum	MISC	M007S02	M003D01	905.0	
M007S02-M003D01-905.0-mean	MISC	M007S02	M003D01	905.0	ps
M007S02-M003D01-905.0-variance	MISC	M007S02	M003D01	905.0	ps^2
M007S02-M003D03-690.0-sum	MISC	M007S02	M003D03	690.0	
M007S02-M003D03-690.0-mean	MISC	M007S02	M003D03	690.0	ps
M007S02-M003D03-690.0-variance	MISC	M007S02	M003D03	690.0	ps^2
M007S02-M003D03-905.0-sum	MISC	M007S02	M003D03	905.0	
M007S02-M003D03-905.0-mean	MISC	M007S02	M003D03	905.0	ps
M007S02-M003D03-905.0-variance	MISC	M007S02	M003D03	905.0	ps^2
M007S02-M003D04-690.0-sum	MISC	M007S02	M003D04	690.0	
M007S02-M003D04-690.0-mean	MISC	M007S02	M003D04	690.0	ps
M007S02-M003D04-690.0-variance	MISC	M007S02	M003D04	690.0	ps^2
M007S02-M003D04-905.0-sum	MISC	M007S02	M003D04	905.0	
M007S02-M003D04-905.0-mean	MISC	M007S02	M003D04	905.0	ps
M007S02-M003D04-905.0-variance	MISC	M007S02	M003D04	905.0	ps^2
M007S02-M003D05-690.0-sum	MISC	M007S02	M003D05	690.0	
M007S02-M003D05-690.0-mean	MISC	M007S02	M003D05	690.0	ps
M007S02-M003D05-690.0-variance	MISC	M007S02	M003D05	690.0	ps^2
M007S02-M003D05-905.0-sum	MISC	M007S02	M003D05	905.0	
M007S02-M003D05-905.0-mean	MISC	M007S02	M003D05	905.0	ps
M007S02-M003D05-905.0-variance	MISC	M007S02	M003D05	905.0	ps^2
M007S02-M005D05-690.0-sum	MISC	M007S02	M005D05	690.0	
M007S02-M005D05-690.0-mean	MISC	M007S02	M005D05	690.0	ps
M007S02-M005D05-690.0-variance	MISC	M007S02	M005D05	690.0	ps^2
M007S02-M005D05-905.0-sum	MISC	M007S02	M005D05	905.0	
M007S02-M005D05-905.0-mean	MISC	M007S02	M005D05	905.0	ps
M007S02-M005D05-905.0-variance	MISC	M007S02	M005D05	905.0	ps^2
M007S02-M007D00-690.0-sum	MISC	M007S02	M007D00	690.0	
M007S02-M007D00-690.0-mean	MISC	M007S02	M007D00	690.0	ps
M007S02-M007D00-690.0-variance	MISC	M007S02	M007D00	690.0	ps^2
M007S02-M007D00-905.0-sum	MISC	M007S02	M007D00	905.0	
M007S02-M007D00-905.0-mean	MISC	M007S02	M007D00	905.0	ps
M007S02-M007D00-905.0-variance	MISC	M007S02	M007D00	905.0	ps^2
M007S02-M007D01-690.0-sum	MISC	M007S02	M007D01	690.0	
M007S02-M007D01-690.0-mean	MISC	M007S02	M007D01	690.0	ps
M007S02-M007D01-690.0-variance	MISC	M007S02	M007D01	690.0	ps^2
M007S02-M007D01-905.0-sum	MISC	M007S02	M007D01	905.0	
M007S02-M007D01-905.0-mean	MISC	M007S02	M007D01	905.0	ps
M007S02-M007D01-905.0-variance	MISC	M007S02	M007D01	905.0	ps^2
M007S02-M007D02-690.0-sum	MISC	M007S02	M007D02	690.0	
M007S02-M007D02-690.0-mean	MISC	M007S02	M007D02	690.0	ps
M007S02-M007D02-690.0-variance	MISC	M007S02	M007D02	690.0	ps^2
M007S02-M007D02-905.0-sum	MISC	M007S02	M007D02	905.0	
M007S02-M007D02-905.0-mean	MISC	M007S02	M007D02	905.0	ps
M007S02-M007D02-905.0-variance	MISC	M007S02	M007D02	905.0	ps^2
M007S02-M007D03-690.0-sum	MISC	M007S02	M007D03	690.0	
M007S02-M007D03-690.0-mean	MISC	M007S02	M007D03	690.0	ps
M007S02-M007D03-690.0-variance	MISC	M007S02	M007D03	690.0	ps^2
M007S02-M007D03-905.0-sum	MISC	M007S02	M007D03	905.0	
M007S02-M007D03-905.0-mean	MISC	M007S02	M007D03	905.0	ps
M007S02-M007D03-905.0-variance	MISC	M007S02	M007D03	905.0	ps^2
M007S02-M007D04-690.0-sum	MISC	M007S02	M007D04	690.0	
M007S02-M007D04-690.0-mean	MISC	M007S02	M007D04	690.0	ps
M007S02-M007D04-690.0-variance	MISC	M007S02	M007D04	690.0	ps^2
M007S02-M007D04-905.0-sum	MISC	M007S02	M007D04	905.0	
M007S02-M007D04-905.0-mean	MISC	M007S02	M007D04	905.0	ps
M007S02-M007D04-905.0-variance	MISC	M007S02	M007D04	905.0	ps^2
M007S02-M007D05-690.0-sum	MISC	M007S02	M007D05	690.0	
M007S02-M007D05-690.0-mean	MISC	M007S02	M007D05	690.0	ps
M007S02-M007D05-690.0-variance	MISC	M007S02	M007D05	690.0	ps^2
M007S02-M007D05-905.0-sum	MISC	M007S02	M007D05	905.0	
M007S02-M007D05-905.0-mean	MISC	M007S02	M007D05	905.0	ps
M007S02-M007D05-905.0-variance	MISC	M007S02	M007D05	905.0	ps^2
M007S02-M009D01-690.0-sum	MISC	M007S02	M009D01	690.0	
M007S02-M009D01-690.0-mean	MISC	M007S02	M009D01	690.0	ps
M007S02-M009D01-690.0-variance	MISC	M007S02	M009D01	690.0	ps^2
M007S02-M009D01-905.0-sum	MISC	M007S02	M009D01	905.0	
M007S02-M009D01-905.0-mean	MISC	M007S02	M009D01	905.0	ps
M007S02-M009D01-905.0-variance	MISC	M007S02	M009D01	905.0	ps^2
M007S02-M009D02-690.0-sum	MISC	M007S02	M009D02	690.0	
M007S02-M009D02-690.0-mean	MISC	M007S02	M009D02	690.0	ps
M007S02-M009D02-690.0-variance	MISC	M007S02	M009D02	690.0	ps^2
M007S02-M009D02-905.0-sum	MISC	M007S02	M009D02	905.0	
M007S02-M009D02-905.0-mean	MISC	M007S02	M009D02	905.0	ps
M007S02-M009D02-905.0-variance	MISC	M007S02	M009D02	905.0	ps^2
M007S02-M009D03-690.0-sum	MISC	M007S02	M009D03	690.0	
M007S02-M009D03-690.0-mean	MISC	M007S02	M009D03	690.0	ps
M007S02-M009D03-690.0-variance	MISC	M007S02	M009D03	690.0	ps^2
M007S02-M009D03-905.0-sum	MISC	M007S02	M009D03	905.0	
M007S02-M009D03-905.0-mean	MISC	M007S02	M009D03	905.0	ps
M007S02-M009D03-905.0-variance	MISC	M007S02	M009D03	905.0	ps^2
M007S02-M015D04-690.0-sum	MISC	M007S02	M015D04	690.0	
M007S02-M015D04-690.0-mean	MISC	M007S02	M015D04	690.0	ps
M007S02-M015D04-690.0-variance	MISC	M007S02	M015D04	690.0	ps^2
M007S02-M015D04-905.0-sum	MISC	M007S02	M015D04	905.0	
M007S02-M015D04-905.0-mean	MISC	M007S02	M015D04	905.0	ps
M007S02-M015D04-905.0-variance	MISC	M007S02	M015D04	905.0	ps^2
M008S00-M004D04-690.0-sum	MISC	M008S00	M004D04	690.0	
M008S00-M004D04-690.0-mean	MISC	M008S00	M004D04	690.0	ps
M008S00-M004D04-690.0-variance	MISC	M008S00	M004D04	690.0	ps^2
M008S00-M004D04-905.0-sum	MISC	M008S00	M004D04	905.0	
M008S00-M004D04-905.0-mean	MISC	M008S00	M004D04	905.0	ps
M008S00-M004D04-905.0-variance	MISC	M008S00	M004D04	905.0	ps^2
M008S00-M004D05-690.0-sum	MISC	M008S00	M004D05	690.0	
M008S00-M004D05-690.0-mean	MISC	M008S00	M004D05	690.0	ps
M008S00-M004D05-690.0-variance	MISC	M008S00	M004D05	690.0	ps^2
M008S00-M004D05-905.0-sum	MISC	M008S00	M004D05	905.0	
M008S00-M004D05-905.0-mean	MISC	M008S00	M004D05	905.0	ps
M008S00-M004D05-905.0-variance	MISC	M008S00	M004D05	905.0	ps^2
M008S00-M008D00-690.0-sum	MISC	M008S00	M008D00	690.0	
M008S00-M008D00-690.0-mean	MISC	M008S00	M008D00	690.0	ps
M008S00-M008D00-690.0-variance	MISC	M008S00	M008D00	690.0	ps^2
M008S00-M008D00-905.0-sum	MISC	M008S00	M008D00	905.0	
M008S00-M008D00-905.0-mean	MISC	M008S00	M008D00	905.0	ps
M008S00-M008D00-905.0-variance	MISC	M008S00	M008D00	905.0	ps^2
M008S00-M008D01-690.0-sum	MISC	M008S00	M008D01	690.0	
M008S00-M008D01-690.0-mean	MISC	M008S00	M008D01	690.0	ps
M008S00-M008D01-690.0-variance	MISC	M008S00	M008D01	690.0	ps^2
M008S00-M008D01-905.0-sum	MISC	M008S00	M008D01	905.0	
M008S00-M008D01-905.0-mean	MISC	M008S00	M008D01	905.0	ps
M008S00-M008D01-905.0-variance	MISC	M008S00	M008D01	905.0	ps^2
M008S00-M008D02-690.0-sum	MISC	M008S00	M008D02	690.0	
M008S00-M008D02-690.0-mean	MISC	M008S00	M008D02	690.0	ps
M008S00-M008D02-690.0-variance	MISC	M008S00	M008D02	690.0	ps^2
M008S00-M008D02-905.0-sum	MISC	M008S00	M008D02	905.0	
M008S00-M008D02-905.0-mean	MISC	M008S00	M008D02	905.0	ps
M008S00-M008D02-905.0-variance	MISC	M008S00	M008D02	905.0	ps^2
M008S00-M008D03-690.0-sum	MISC	M008S00	M008D03	690.0	
M008S00-M008D03-690.0-mean	MISC	M008S00	M008D03	690.0	ps
M008S00-M008D03-690.0-variance	MISC	M008S00	M008D03	690.0	ps^2
M008S00-M008D03-905.0-sum	MISC	M008S00	M008D03	905.0	
M008S00-M008D03-905.0-mean	MISC	M008S00	M008D03	905.0	ps
M008S00-M008D03-905.0-variance	MISC	M008S00	M008D03	905.0	ps^2
M008S00-M008D04-690.0-sum	MISC	M008S00	M008D04	690.0	
M008S00-M008D04-690.0-mean	MISC	M008S00	M008D04	690.0	ps
M008S00-M008D04-690.0-variance	MISC	M008S00	M008D04	690.0	ps^2
M008S00-M008D04-905.0-sum	MISC	M008S00	M008D04	905.0	
M008S00-M008D04-905.0-mean	MISC	M008S00	M008D04	905.0	ps
M008S00-M008D04-905.0-variance	MISC	M008S00	M008D04	905.0	ps^2
M008S00-M008D05-690.0-sum	MISC	M008S00	M008D05	690.0	
M008S00-M008D05-690.0-mean	MISC	M008S00	M008D05	690.0	ps
M008S00-M008D05-690.0-variance	MISC	M008S00	M008D05	690.0	ps^2
M008S00-M008D05-905.0-sum	MISC	M008S00	M008D05	905.0	
M008S00-M008D05-905.0-mean	MISC	M008S00	M008D05	905.0	ps
M008S00-M008D05-905.0-variance	MISC	M008S00	M008D05	905.0	ps^2
M008S00-M012D00-690.0-sum	MISC	M008S00	M012D00	690.0	
M008S00-M012D00-690.0-mean	MISC	M008S00	M012D00	690.0	ps
M008S00-M012D00-690.0-variance	MISC	M008S00	M012D00	690.0	ps^2
M008S00-M012D00-905.0-sum	MISC	M008S00	M012D00	905.0	
M008S00-M012D00-905.0-mean	MISC	M008S00	M012D00	905.0	ps
M008S00-M012D00-905.0-variance	MISC	M008S00	M012D00	905.0	ps^2
M008S00-M012D05-690.0-sum	MISC	M008S00	M012D05	690.0	
M008S00-M012D05-690.0-mean	MISC	M008S00	M012D05	690.0	ps
M008S00-M012D05-690.0-variance	MISC	M008S00	M012D05	690.0	ps^2
M008S00-M012D05-905.0-sum	MISC	M008S00	M012D05	905.0	
M008S00-M012D05-905.0-mean	MISC	M008S00	M012D05	905.0	ps
M008S00-M012D05-905.0-variance	MISC	M008S00	M012D05	905.0	ps^2
M008S01-M006D02-690.0-sum	MISC	M008S01	M006D02	690.0	
M008S01-M006D02-690.0-mean	MISC	M008S01	M006D02	690.0	ps
M008S01-M006D02-690.0-variance	MISC	M008S01	M006D02	690.0	ps^2
M008S01-M006D02-905.0-sum	MISC	M008S01	M006D02	905.0	
M008S01-M006D02-905.0-mean	MISC	M008S01	M006D02	905.0	ps
M008S01-M006D02-905.0-variance	MISC	M008S01	M006D02	905.0	ps^2
M008S01-M006D03-690.0-sum	MISC	M008S01	M006D03	690.0	
M008S01-M006D03-690.0-mean	MISC	M008S01	M006D03	690.0	ps
M008S01-M006D03-690.0-variance	MISC	M008S01	M006D03	690.0	ps^2
M008S01-M006D03-905.0-sum	MISC	M008S01	M006D03	905.0	
M008S01-M006D03-905.0-mean	MISC	M008S01	M006D03	905.0	ps
M008S01-M006D03-905.0-variance	MISC	M008S01	M006D03	905.0	ps^2
M008S01-M008D00-690.0-sum	MISC	M008S01	M008D00	690.0	
M008S01-M008D00-690.0-mean	MISC	M008S01	M008D00	690.0	ps
M008S01-M008D00-690.0-variance	MISC	M008S01	M008D00	690.0	ps^2
M008S01-M008D00-905.0-sum	MISC	M008S01	M008D00	905.0	
M008S01-M008D00-905.0-mean	MISC	M008S01	M008D00	905.0	ps
M008S01-M008D00-905.0-variance	MISC	M008S01	M008D00	905.0	ps^2
M008S01-M008D01-690.0-sum	MISC	M008S01	M008D01	690.0	
M008S01-M008D01-690.0-mean	MISC	M008S01	M008D01	690.0	ps
M008S01-M008D01-690.0-variance	MISC	M008S01	M008D01	690.0	ps^2
M008S01-M008D01-905.0-sum	MISC	M008S01	M008D01	905.0	
M008S01-M008D01-905.0-mean	MISC	M008S01	M008D01	905.0	ps
M008S01-M008D01-905.0-variance	MISC	M008S01	M008D01	905.0	ps^2
M008S01-M008D02-690.0-sum	MISC	M008S01	M008D02	690.0	
M008S01-M008D02-690.0-mean	MISC	M008S01	M008D02	690.0	ps
M008S01-M008D02-690.0-variance	MISC	M008S01	M008D02	690.0	ps^2
M008S01-M008D02-905.0-sum	MISC	M008S01	M008D02	905.0	
M008S01-M008D02-905.0-mean	MISC	M008S01	M008D02	905.0	ps
M008S01-M008D02-905.0-variance	MISC	M008S01	M008D02	905.0	ps^2
M008S01-M008D03-690.0-sum	MISC	M008S01	M008D03	690.0	
M008S01-M008D03-690.0-mean	MISC	M008S01	M008D03	690.0	ps
M008S01-M008D03-690.0-variance	MISC	M008S01	M008D03	690.0	ps^2
M008S01-M008D03-905.0-sum	MISC	M008S01	M008D03	905.0	
M008S01-M008D03-905.0-mean	MISC	M008S01	M008D03	905.0	ps
M008S01-M008D03-905.0-variance	MISC	M008S01	M008D03	905.0	ps^2
M008S01-M008D04-690.0-sum	MISC	M008S01	M008D04	690.0	
M008S01-M008D04-690.0-mean	MISC	M008S01	M008D04	690.0	ps
M008S01-M008D04-690.0-variance	MISC	M008S01	M008D04	690.0	ps^2
M008S01-M008D04-905.0-sum	MISC	M008S01	M008D04	905.0	
M008S01-M008D04-905.0-mean	MISC	M008S01	M008D04	905.0	ps
M008S01-M008D04-905.0-variance	MISC	M008S01	M008D04	905.0	ps^2
M008S01-M008D05-690.0-sum	MISC	M008S01	M008D05	690.0	
M008S01-M008D05-690.0-mean	MISC	M008S01	M008D05	690.0	ps
M008S01-M008D05-690.0-variance	MISC	M008S01	M008D05	690.0	ps^2
M008S01-M008D05-905.0-sum	MISC	M008S01	M008D05	905.0	
M008S01-M008D05-905.0-mean	MISC	M008S01	M008D05	905.0	ps
M008S01-M008D05-905.0-variance	MISC	M008S01	M008D05	905.0	ps^2
M008S01-M014D01-690.0-sum	MISC	M008S01	M014D01	690.0	
M008S01-M014D01-690.0-mean	MISC	M008S01	M014D01	690.0	ps
M008S01-M014D01-690.0-variance	MISC	M008S01	M014D01	690.0	ps^2
M008S01-M014D01-905.0-sum	MISC	M008S01	M014D01	905.0	
M008S01-M014D01-905.0-mean	MISC	M008S01	M014D01	905.0	ps
M008S01-M014D01-905.0-variance	MISC	M008S01	M014D01	905.0	ps^2
M008S01-M014D02-690.0-sum	MISC	M008S01	M014D02	690.0	
M008S01-M014D02-690.0-mean	MISC	M008S01	M014D02	690.0	ps
M008S01-M014D02-690.0-variance	MISC	M008S01	M014D02	690.0	ps^2
M008S01-M014D02-905.0-sum	MISC	M008S01	M014D02	905.0	
M008S01-M014D02-905.0-mean	MISC	M008S01	M014D02	905.0	ps
M008S01-M014D02-905.0-variance	MISC	M008S01	M014D02	905.0	ps^2
M008S01-M014D03-690.0-sum	MISC	M008S01	M014D03	690.0	
M008S01-M014D03-690.0-mean	MISC	M008S01	M014D03	690.0	ps
M008S01-M014D03-690.0-variance	MISC	M008S01	M014D03	690.0	ps^2
M008S01-M014D03-905.0-sum	MISC	M008S01	M014D03	905.0	
M008S01-M014D03-905.0-mean	MISC	M008S01	M014D03	905.0	ps
M008S01-M014D03-905.0-variance	MISC	M008S01	M014D03	905.0	ps^2
M008S01-M018D04-690.0-sum	MISC	M008S01	M018D04	690.0	
M008S01-M018D04-690.0-mean	MISC	M008S01	M018D04	690.0	ps
M008S01-M018D04-690.0-variance	MISC	M008S01	M018D04	690.0	ps^2
M008S01-M018D04-905.0-sum	MISC	M008S01	M018D04	905.0	
M008S01-M018D04-905.0-mean	MISC	M008S01	M018D04	905.0	ps
M008S01-M018D04-905.0-variance	MISC	M008S01	M018D04	905.0	ps^2
M008S01-M018D05-690.0-sum	MISC	M008S01	M018D05	690.0	
M008S01-M018D05-690.0-mean	MISC	M008S01	M018D05	690.0	ps
M008S01-M018D05-690.0-variance	MISC	M008S01	M018D05	690.0	ps^2
M008S01-M018D05-905.0-sum	MISC	M008S01	M018D05	905.0	
M008S01-M018D05-905.0-mean	MISC	M008S01	M018D05	905.0	ps
M008S01-M018D05-905.0-variance	MISC	M008S01	M018D05	905.0	ps^2
M008S02-M002D00-690.0-sum	MISC	M008S02	M002D00	690.0	
M008S02-M002D00-690.0-mean	MISC	M008S02	M002D00	690.0	ps
M008S02-M002D00-690.0-variance	MISC	M008S02	M002D00	690.0	ps^2
M008S02-M002D00-905.0-sum	MISC	M008S02	M002D00	905.0	
M008S02-M002D00-905.0-mean	MISC	M008S02	M002D00	905.0	ps
M008S02-M002D00-905.0-variance	MISC	M008S02	M002D00	905.0	ps^2
M008S02-M002D05-690.0-sum	MISC	M008S02	M002D05	690.0	
M008S02-M002D05-690.0-mean	MISC	M008S02	M002D05	690.0	ps
M008S02-M002D05-690.0-variance	MISC	M008S02	M002D05	690.0	ps^2
M008S02-M002D05-905.0-sum	MISC	M008S02	M002D05	905.0	
M008S02-M002D05-905.0-mean	MISC	M008S02	M002D05	905.0	ps
M008S02-M002D05-905.0-variance	MISC	M008S02	M002D05	905.0	ps^2
M008S02-M004D00-690.0-sum	MISC	M008S02	M004D00	690.0	
M008S02-M004D00-690.0-mean	MISC	M008S02	M004D00	690.0	ps
M008S02-M004D00-690.0-variance	MISC	M008S02	M004D00	690.0	ps^2
M008S02-M004D00-905.0-sum	MISC	M008S02	M004D00	905.0	
M008S02-M004D00-905.0-mean	MISC	M008S02	M004D00	905.0	ps
M008S02-M004D00-905.0-variance	MISC	M008S02	M004D00	905.0	ps^2
M008S02-M004D05-690.0-sum	MISC	M008S02	M004D05	690.0	
M008S02-M004D05-690.0-mean	MISC	M008S02	M004D05	690.0	ps
M008S02-M004D05-690.0-variance	MISC	M008S02	M004D05	690.0	ps^2
M008S02-M004D05-905.0-sum	MISC	M008S02	M004D05	905.0	
M008S02-M004D05-905.0-mean	MISC	M008S02	M004D05	905.0	ps
M008S02-M004D05-905.0-variance	MISC	M008S02	M004D05	905.0	ps^2
M008S02-M006D00-690.0-sum	MISC	M008S02	M006D00	690.0	
M008S02-M006D00-690.0-mean	MISC	M008S02	M006D00	690.0	ps
M008S02-M006D00-690.0-variance	MISC	M008S02	M006D00	690.0	ps^2
M008S02-M006D00-905.0-sum	MISC	M008S02	M006D00	905.0	
M008S02-M006D00-905.0-mean	MISC	M008S02	M006D00	905.0	ps
M008S02-M006D00-905.0-variance	MISC	M008S02	M006D00	905.0	ps^2
M008S02-M006D01-690.0-sum	MISC	M008S02	M006D01	690.0	
M008S02-M006D01-690.0-mean	MISC	M008S02	M006D01	690.0	ps
M008S02-M006D01-690.0-variance	MISC	M008S02	M006D01	690.0	ps^2
M008S02-M006D01-905.0-sum	MISC	M008S02	M006D01	905.0	
M008S02-M006D01-905.0-mean	MISC	M008S02	M006D01	905.0	ps
M008S02-M006D01-905.0-variance	MISC	M008S02	M006D01	905.0	ps^2
M008S02-M006D02-690.0-sum	MISC	M008S02	M006D02	690.0	
M008S02-M006D02-690.0-mean	MISC	M008S02	M006D02	690.0	ps
M008S02-M006D02-690.0-variance	MISC	M008S02	M006D02	690.0	ps^2
M008S02-M006D02-905.0-sum	MISC	M008S02	M006D02	905.0	
M008S02-M006D02-905.0-mean	MISC	M008S02	M006D02	905.0	ps
M008S02-M006D02-905.0-variance	MISC	M008S02	M006D02	905.0	ps^2
M008S02-M006D03-690.0-sum	MISC	M008S02	M006D03	690.0	
M008S02-M006D03-690.0-mean	MISC	M008S02	M006D03	690.0	ps
M008S02-M006D03-690.0-variance	MISC	M008S02	M006D03	690.0	ps^2
M008S02-M006D03-905.0-sum	MISC	M008S02	M006D03	905.0	
M008S02-M006D03-905.0-mean	MISC	M008S02	M006D03	905.0	ps
M008S02-M006D03-905.0-variance	MISC	M008S02	M006D03	905.0	ps^2
M008S02-M006D04-690.0-sum	MISC	M008S02	M006D04	690.0	
M008S02-M006D04-690.0-mean	MISC	M008S02	M006D04	690.0	ps
M008S02-M006D04-690.0-variance	MISC	M008S02	M006D04	690.0	ps^2
M008S02-M006D04-905.0-sum	MISC	M008S02	M006D04	905.0	
M008S02-M006D04-905.0-mean	MISC	M008S02	M006D04	905.0	ps
M008S02-M006D04-905.0-variance	MISC	M008S02	M006D04	905.0	ps^2
M008S02-M008D00-690.0-sum	MISC	M008S02	M008D00	690.0	
M008S02-M008D00-690.0-mean	MISC	M008S02	M008D00	690.0	ps
M008S02-M008D00-690.0-variance	MISC	M008S02	M008D00	690.0	ps^2
M008S02-M008D00-905.0-sum	MISC	M008S02	M008D00	905.0	
M008S02-M008D00-905.0-mean	MISC	M008S02	M008D00	905.0	ps
M008S02-M008D00-905.0-variance	MISC	M008S02	M008D00	905.0	ps^2
M008S02-M008D01-690.0-sum	MISC	M008S02	M008D01	690.0	
M008S02-M008D01-690.0-mean	MISC	M008S02	M008D01	690.0	ps
M008S02-M008D01-690.0-variance	MISC	M008S02	M008D01	690.0	ps^2
M008S02-M008D01-905.0-sum	MISC	M008S02	M008D01	905.0	
M008S02-M008D01-905.0-mean	MISC	M008S02	M008D01	905.0	ps
M008S02-M008D01-905.0-variance	MISC	M008S02	M008D01	905.0	ps^2
M008S02-M008D02-690.0-sum	MISC	M008S02	M008D02	690.0	
M008S02-M008D02-690.0-mean	MISC	M008S02	M008D02	690.0	ps
M008S02-M008D02-690.0-variance	MISC	M008S02	M008D02	690.0	ps^2
M008S02-M008D02-905.0-sum	MISC	M008S02	M008D02	905.0	
M008S02-M008D02-905.0-mean	MISC	M008S02	M008D02	905.0	ps
M008S02-M008D02-905.0-variance	MISC	M008S02	M008D02	905.0	ps^2
M008S02-M008D03-690.0-sum	MISC	M008S02	M008D03	690.0	
M008S02-M008D03-690.0-mean	MISC	M008S02	M008D03	690.0	ps
M008S02-M008D03-690.0-variance	MISC	M008S02	M008D03	690.0	ps^2
M008S02-M008D03-905.0-sum	MISC	M008S02	M008D03	905.0	
M008S02-M008D03-905.0-mean	MISC	M008S02	M008D03	905.0	ps
M008S02-M008D03-905.0-variance	MISC	M008S02	M008D03	905.0	ps^2
M008S02-M008D04-690.0-sum	MISC	M008S02	M008D04	690.0	
M008S02-M008D04-690.0-mean	MISC	M008S02	M008D04	690.0	ps
M008S02-M008D04-690.0-variance	MISC	M008S02	M008D04	690.0	ps^2
M008S02-M008D04-905.0-sum	MISC	M008S02	M008D04	905.0	
M008S02-M008D04-905.0-mean	MISC	M008S02	M008D04	905.0	ps
M008S02-M008D04-905.0-variance	MISC	M008S02	M008D04	905.0	ps^2
M008S02-M008D05-690.0-sum	MISC	M008S02	M008D05	690.0	
M008S02-M008D05-690.0-mean	MISC	M008S02	M008D05	690.0	ps
M008S02-M008D05-690.0-variance	MISC	M008S02	M008D05	690.0	ps^2
M008S02-M008D05-905.0-sum	MISC	M008S02	M008D05	905.0	
M008S02-M008D05-905.0-mean	MISC	M008S02	M008D05	905.0	ps
M008S02-M008D05-905.0-variance	MISC	M008S02	M008D05	905.0	ps^2
M008S02-M014D01-690.0-sum	MISC	M008S02	M014D01	690.0	
M008S02-M014D01-690.0-mean	MISC	M008S02	M014D01	690.0	ps
M008S02-M014D01-690.0-variance	MISC	M008S02	M014D01	690.0	ps^2
M008S02-M014D01-905.0-sum	MISC	M008S02	M014D01	905.0	
M008S02-M014D01-905.0-mean	MISC	M008S02	M014D01	905.0	ps
M008S02-M014D01-905.0-variance	MISC	M008S02	M014D01	905.0	ps^2
M008S02-M014D02-690.0-sum	MISC	M008S02	M014D02	690.0	
M008S02-M014D02-690.0-mean	MISC	M008S02	M014D02	690.0	ps
M008S02-M014D02-690.0-variance	MISC	M008S02	M014D02	690.0	ps^2
M008S02-M014D02-905.0-sum	MISC	M008S02	M014D02	905.0	
M008S02-M014D02-905.0-mean	MISC	M008S02	M014D02	905.0	ps
M008S02-M014D02-905.0-variance	MISC	M008S02	M014D02	905.0	ps^2
M009S00-M005D00-690.0-sum	MISC	M009S00	M005D00	690.0	
M009S00-M005D00-690.0-mean	MISC	M009S00	M005D00	690.0	ps
M009S00-M005D00-690.0-variance	MISC	M009S00	M005D00	690.0	ps^2
M009S00-M005D00-905.0-sum	MISC	M009S00	M005D00	905.0	
M009S00-M005D00-905.0-mean	MISC	M009S00	M005D00	905.0	ps
M009S00-M005D00-905.0-variance	MISC	M009S00	M005D00	905.0	ps^2
M009S00-M009D00-690.0-sum	MISC	M009S00	M009D00	690.0	
M009S00-M009D00-690.0-mean	MISC	M009S00	M009D00	690.0	ps
M009S00-M009D00-690.0-variance	MISC	M009S00	M009D00	690.0	ps^2
M009S00-M009D00-905.0-sum	MISC	M009S00	M009D00	905.0	
M009S00-M009D00-905.0-mean	MISC	M009S00	M009D00	905.0	ps
M009S00-M009D00-905.0-variance	MISC	M009S00	M009D00	905.0	ps^2
M009S00-M009D01-690.0-sum	MISC	M009S00	M009D01	690.0	
M009S00-M009D01-690.0-mean	MISC	M009S00	M009D01	690.0	ps
M009S00-M009D01-690.0-variance	MISC	M009S00	M009D01	690.0	ps^2
M009S00-M009D01-905.0-sum	MISC	M009S00	M009D01	905.0	
M009S00-M009D01-905.0-mean	MISC	M009S00	M009D01	905.0	ps
M009S00-M009D01-905.0-variance	MISC	M009S00	M009D01	905.0	ps^2
M009S00-M009D02-690.0-sum	MISC	M009S00	M009D02	690.0	
M009S00-M009D02-690.0-mean	MISC	M009S00	M009D02	690.0	ps
M009S00-M009D02-690.0-variance	MISC	M009S00	M009D02	690.0	ps^2
M009S00-M009D02-905.0-sum	MISC	M009S00	M009D02	905.0	
M009S00-M009D02-905.0-mean	MISC	M009S00	M009D02	905.0	ps
M009S00-M009D02-905.0-variance	MISC	M009S00	M009D02	905.0	ps^2
M009S00-M009D03-690.0-sum	MISC	M009S00	M009D03	690.0	
M009S00-M009D03-690.0-mean	MISC	M009S00	M009D03	690.0	ps
M009S00-M009D03-690.0-variance	MISC	M009S00	M009D03	690.0	ps^2
M009S00-M009D03-905.0-sum	MISC	M009S00	M009D03	905.0	
M009S00-M009D03-905.0-mean	MISC	M009S00	M009D03	905.0	ps
M009S00-M009D03-905.0-variance	MISC	M009S00	M009D03	905.0	ps^2
M009S00-M009D04-690.0-sum	MISC	M009S00	M009D04	690.0	
M009S00-M009D04-690.0-mean	MISC	M009S00	M009D04	690.0	ps
M009S00-M009D04-690.0-variance	MISC	M009S00	M009D04	690.0	ps^2
M009S00-M009D04-905.0-sum	MISC	M009S00	M009D04	905.0	
M009S00-M009D04-905.0-mean	MISC	M009S00	M009D04	905.0	ps
M009S00-M009D04-905.0-variance	MISC	M009S00	M009D04	905.0	ps^2
M009S00-M009D05-690.0-sum	MISC	M009S00	M009D05	690.0	
M009S00-M009D05-690.0-mean	MISC	M009S00	M009D05	690.0	ps
M009S00-M009D05-690.0-variance	MISC	M009S00	M009D05	690.0	ps^2
M009S00-M009D05-905.0-sum	MISC	M009S00	M009D05	905.0	
M009S00-M009D05-905.0-mean	MISC	M009S00	M009D05	905.0	ps
M009S00-M009D05-905.0-variance	MISC	M009S00	M009D05	905.0	ps^2
M009S00-M013D00-690.0-sum	MISC	M009S00	M013D00	690.0	
M009S00-M013D00-690.0-mean	MISC	M009S00	M013D00	690.0	ps
M009S00-M013D00-690.0-variance	MISC	M009S00	M013D00	690.0	ps^2
M009S00-M013D00-905.0-sum	MISC	M009S00	M013D00	905.0	
M009S00-M013D00-905.0-mean	MISC	M009S00	M013D00	905.0	ps
M009S00-M013D00-905.0-variance	MISC	M009S00	M013D00	905.0	ps^2
M009S00-M013D05-690.0-sum	MISC	M009S00	M013D05	690.0	
M009S00-M013D05-690.0-mean	MISC	M009S00	M013D05	690.0	ps
M009S00-M013D05-690.0-variance	MISC	M009S00	M013D05	690.0	ps^2
M009S00-M013D05-905.0-sum	MISC	M009S00	M013D05	905.0	
M009S00-M013D05-905.0-mean	MISC	M009S00	M013D05	905.0	ps
M009S00-M013D05-905.0-variance	MISC	M009S00	M013D05	905.0	ps^2
M009S01-M003D00-690.0-sum	MISC	M009S01	M003D00	690.0	
M009S01-M003D00-690.0-mean	MISC	M009S01	M003D00	690.0	ps
M009S01-M003D00-690.0-variance	MISC	M009S01	M003D00	690.0	ps^2
M009S01-M003D00-905.0-sum	MISC	M009S01	M003D00	905.0	
M009S01-M003D00-905.0-mean	MISC	M009S01	M003D00	905.0	ps
M009S01-M003D00-905.0-variance	MISC	M009S01	M003D00	905.0	ps^2
M009S01-M003D05-690.0-sum	MISC	M009S01	M003D05	690.0	
M009S01-M003D05-690.0-mean	MISC	M009S01	M003D05	690.0	ps
M009S01-M003D05-690.0-variance	MISC	M009S01	M003D05	690.0	ps^2
M009S01-M003D05-905.0-sum	MISC	M009S01	M003D05	905.0	
M009S01-M003D05-905.0-mean	MISC	M009S01	M003D05	905.0	ps
M009S01-M003D05-905.0-variance	MISC	M009S01	M003D05	905.0	ps^2
M009S01-M005D00-690.0-sum	MISC	M009S01	M005D00	690.0	
M009S01-M005D00-690.0-mean	MISC	M009S01	M005D00	690.0	ps
M009S01-M005D00-690.0-variance	MISC	M009S01	M005D00	690.0	ps^2
M009S01-M005D00-905.0-sum	MISC	M009S01	M005D00	905.0	
M009S01-M005D00-905.0-mean	MISC	M009S01	M005D00	905.0	ps
M009S01-M005D00-905.0-variance	MISC	M009S01	M005D00	905.0	ps^2
M009S01-M005D05-690.0-sum	MISC	M009S01	M005D05	690.0	
M009S01-M005D05-690.0-mean	MISC	M009S01	M005D05	690.0	ps
M009S01-M005D05-690.0-variance	MISC	M009S01	M005D05	690.0	ps^2
M009S01-M005D05-905.0-sum	MISC	M009S01	M005D05	905.0	
M009S01-M005D05-905.0-mean	MISC	M009S01	M005D05	905.0	ps
M009S01-M005D05-905.0-variance	MISC	M009S01	M005D05	905.0	ps^2
M009S01-M007D00-690.0-sum	MISC	M009S01	M007D00	690.0	
M009S01-M007D00-690.0-mean	MISC	M009S01	M007D00	690.0	ps
M009S01-M007D00-690.0-variance	MISC	M009S01	M007D00	690.0	ps^2
M009S01-M007D00-905.0-sum	MISC	M009S01	M007D00	905.0	
M009S01-M007D00-905.0-mean	MISC	M009S01	M007D00	905.0	ps
M009S01-M007D00-905.0-variance	MISC	M009S01	M007D00	905.0	ps^2
M009S01-M007D01-690.0-sum	MISC	M009S01	M007D01	690.0	
M009S01-M007D01-690.0-mean	MISC	M009S01	M007D01	690.0	ps
M009S01-M007D01-690.0-variance	MISC	M009S01	M007D01	690.0	ps^2
M009S01-M007D01-905.0-sum	MISC	M009S01	M007D01	905.0	
M009S01-M007D01-905.0-mean	MISC	M009S01	M007D01	905.0	ps
M009S01-M007D01-905.0-variance	MISC	M009S01	M007D01	905.0	ps^2
M009S01-M007D02-690.0-sum	MISC	M009S01	M007D02	690.0	
M009S01-M007D02-690.0-mean	MISC	M009S01	M007D02	690.0	ps
M009S01-M007D02-690.0-variance	MISC	M009S01	M007D02	690.0	ps^2
M009S01-M007D02-905.0-sum	MISC	M009S01	M007D02	905.0	
M009S01-M007D02-905.0-mean	MISC	M009S01	M007D02	905.0	ps
M009S01-M007D02-905.0-variance	MISC	M009S01	M007D02	905.0	ps^2
M009S01-M007D03-690.0-sum	MISC	M009S01	M007D03	690.0	
M009S01-M007D03-690.0-mean	MISC	M009S01	M007D03	690.0	ps
M009S01-M007D03-690.0-variance	MISC	M009S01	M007D03	690.0	ps^2
M009S01-M007D03-905.0-sum	MISC	M009S01	M007D03	905.0	
M009S01-M007D03-905.0-mean	MISC	M009S01	M007D03	905.0	ps
M009S01-M007D03-905.0-variance	MISC	M009S01	M007D03	905.0	ps^2
M009S01-M007D04-690.0-sum	MISC	M009S01	M007D04	690.0	
M009S01-M007D04-690.0-mean	MISC	M009S01	M007D04	690.0	ps
M009S01-M007D04-690.0-variance	MISC	M009S01	M007D04	690.0	ps^2
M009S01-M007D04-905.0-sum	MISC	M009S01	M007D04	905.0	
M009S01-M007D04-905.0-mean	MISC	M009S01	M007D04	905.0	ps
M009S01-M007D04-905.0-variance	MISC	M009S01	M007D04	905.0	ps^2
M009S01-M007D05-690.0-sum	MISC	M009S01	M007D05	690.0	
M009S01-M007D05-690.0-mean	MISC	M009S01	M007D05	690.0	ps
M009S01-M007D05-690.0-variance	MISC	M009S01	M007D05	690.0	ps^2
M009S01-M007D05-905.0-sum	MISC	M009S01	M007D05	905.0	
M009S01-M007D05-905.0-mean	MISC	M009S01	M007D05	905.0	ps
M009S01-M007D05-905.0-variance	MISC	M009S01	M007D05	905.0	ps^2
M009S01-M009D00-690.0-sum	MISC	M009S01	M009D00	690.0	
M009S01-M009D00-690.0-mean	MISC	M009S01	M009D00	690.0	ps
M009S01-M009D00-690.0-variance	MISC	M009S01	M009D00	690.0	ps^2
M009S01-M009D00-905.0-sum	MISC	M009S01	M009D00	905.0	
M009S01-M009D00-905.0-mean	MISC	M009S01	M009D00	905.0	ps
M009S01-M009D00-905.0-variance	MISC	M009S01	M009D00	905.0	ps^2
M009S01-M009D01-690.0-sum	MISC	M009S01	M009D01	690.0	
M009S01-M009D01-690.0-mean	MISC	M009S01	M009D01	690.0	ps
M009S01-M009D01-690.0-variance	MISC	M009S01	M009D01	690.0	ps^2
M009S01-M009D01-905.0-sum	MISC	M009S01	M009D01	905.0	
M009S01-M009D01-905.0-mean	MISC	M009S01	M009D01	905.0	ps
M009S01-M009D01-905.0-variance	MISC	M009S01	M009D01	905.0	ps^2
M009S01-M009D02-690.0-sum	MISC	M009S01	M009D02	690.0	
M009S01-M009D02-690.0-mean	MISC	M009S01	M009D02	690.0	ps
M009S01-M009D02-690.0-variance	MISC	M009S01	M009D02	690.0	ps^2
M009S01-M009D02-905.0-sum	MISC	M009S01	M009D02	905.0	
M009S01-M009D02-905.0-mean	MISC	M009S01	M009D02	905.0	ps
M009S01-M009D02-905.0-variance	MISC	M009S01	M009D02	905.0	ps^2
M009S01-M009D03-690.0-sum	MISC	M009S01	M009D03	690.0	
M009S01-M009D03-690.0-mean	MISC	M009S01	M009D03	690.0	ps
M009S01-M009D03-690.0-variance	MISC	M009S01	M009D03	690.0	ps^2
M009S01-M009D03-905.0-sum	MISC	M009S01	M009D03	905.0	
M009S01-M009D03-905.0-mean	MISC	M009S01	M009D03	905.0	ps
M009S01-M009D03-905.0-variance	MISC	M009S01	M009D03	905.0	ps^2
M009S01-M009D04-690.0-sum	MISC	M009S01	M009D04	690.0	
M009S01-M009D04-690.0-mean	MISC	M009S01	M009D04	690.0	ps
M009S01-M009D04-690.0-variance	MISC	M009S01	M009D04	690.0	ps^2
M009S01-M009D04-905.0-sum	MISC	M009S01	M009D04	905.0	
M009S01-M009D04-905.0-mean	MISC	M009S01	M009D04	905.0	ps
M009S01-M009D04-905.0-variance	MISC	M009S01	M009D04	905.0	ps^2
M009S01-M009D05-690.0-sum	MISC	M009S01	M009D05	690.0	
M009S01-M009D05-690.0-mean	MISC	M009S01	M009D05	690.0	ps
M009S01-M009D05-690.0-variance	MISC	M009S01	M009D05	690.0	ps^2
M009S01-M009D05-905.0-sum	MISC	M009S01	M009D05	905.0	
M009S01-M009D05-905.0-mean	MISC	M009S01	M009D05	905.0	ps
M009S01-M009D05-905.0-variance	MISC	M009S01	M009D05	905.0	ps^2
M009S01-M015D03-690.0-sum	MISC	M009S01	M015D03	690.0	
M009S01-M015D03-690.0-mean	MISC	M009S01	M015D03	690.0	ps
M009S01-M015D03-690.0-variance	MISC	M009S01	M015D03	690.0	ps^2
M009S01-M015D03-905.0-sum	MISC	M009S01	M015D03	905.0	
M009S01-M015D03-905.0-mean	MISC	M009S01	M015D03	905.0	ps
M009S01-M015D03-905.0-variance	MISC	M009S01	M015D03	905.0	ps^2
M009S01-M015D04-690.0-sum	MISC	M009S01	M015D04	690.0	
M009S01-M015D04-690.0-mean	MISC	M009S01	M015D04	690.0	ps
M009S01-M015D04-690.0-variance	MISC	M009S01	M015D04	690.0	ps^2
M009S01-M015D04-905.0-sum	MISC	M009S01	M015D04	905.0	
M009S01-M015D04-905.0-mean	MISC	M009S01	M015D04	905.0	ps
M009S01-M015D04-905.0-variance	MISC	M009S01	M015D04	905.0	ps^2
M009S02-M007D01-690.0-sum	MISC	M009S02	M007D01	690.0	
M009S02-M007D01-690.0-mean	MISC	M009S02	M007D01	690.0	ps
M009S02-M007D01-690.0-variance	MISC	M009S02	M007D01	690.0	ps^2
M009S02-M007D01-905.0-sum	MISC	M009S02	M007D01	905.0	
M009S02-M007D01-905.0-mean	MISC	M009S02	M007D01	905.0	ps
M009S02-M007D01-905.0-variance	MISC	M009S02	M007D01	905.0	ps^2
M009S02-M007D02-690.0-sum	MISC	M009S02	M007D02	690.0	
M009S02-M007D02-690.0-mean	MISC	M009S02	M007D02	690.0	ps
M009S02-M007D02-690.0-variance	MISC	M009S02	M007D02	690.0	ps^2
M009S02-M007D02-905.0-sum	MISC	M009S02	M007D02	905.0	
M009S02-M007D02-905.0-mean	MISC	M009S02	M007D02	905.0	ps
M009S02-M007D02-905.0-variance	MISC	M009S02	M007D02	905.0	ps^2
M009S02-M007D03-690.0-sum	MISC	M009S02	M007D03	690.0	
M009S02-M007D03-690.0-mean	MISC	M009S02	M007D03	690.0	ps
M009S02-M007D03-690.0-variance	MISC	M009S02	M007D03	690.0	ps^2
M009S02-M007D03-905.0-sum	MISC	M009S02	M007D03	905.0	
M009S02-M007D03-905.0-mean	MISC	M009S02	M007D03	905.0	ps
M009S02-M007D03-905.0-variance	MISC	M009S02	M007D03	905.0	ps^2
M009S02-M009D00-690.0-sum	MISC	M009S02	M009D00	690.0	
M009S02-M009D00-690.0-mean	MISC	M009S02	M009D00	690.0	ps
M009S02-M009D00-690.0-variance	MISC	M009S02	M009D00	690.0	ps^2
M009S02-M009D00-905.0-sum	MISC	M009S02	M009D00	905.0	
M009S02-M009D00-905.0-mean	MISC	M009S02	M009D00	905.0	ps
M009S02-M009D00-905.0-variance	MISC	M009S02	M009D00	905.0	ps^2
M009S02-M009D01-690.0-sum	MISC	M009S02	M009D01	690.0	
M009S02-M009D01-690.0-mean	MISC	M009S02	M009D01	690.0	ps
M009S02-M009D01-690.0-variance	MISC	M009S02	M009D01	690.0	ps^2
M009S02-M009D01-905.0-sum	MISC	M009S02	M009D01	905.0	
M009S02-M009D01-905.0-mean	MISC	M009S02	M009D01	905.0	ps
M009S02-M009D01-905.0-variance	MISC	M009S02	M009D01	905.0	ps^2
M009S02-M009D02-690.0-sum	MISC	M009S02	M009D02	690.0	
M009S02-M009D02-690.0-mean	MISC	M009S02	M009D02	690.0	ps
M009S02-M009D02-690.0-variance	MISC	M009S02	M009D02	690.0	ps^2
M009S02-M009D02-905.0-sum	MISC	M009S02	M009D02	905.0	
M009S02-M009D02-905.0-mean	MISC	M009S02	M009D02	905.0	ps
M009S02-M009D02-905.0-variance	MISC	M009S02	M009D02	905.0	ps^2
M009S02-M009D03-690.0-sum	MISC	M009S02	M009D03	690.0	
M009S02-M009D03-690.0-mean	MISC	M009S02	M009D03	690.0	ps
M009S02-M009D03-690.0-variance	MISC	M009S02	M009D03	690.0	ps^2
M009S02-M009D03-905.0-sum	MISC	M009S02	M009D03	905.0	
M009S02-M009D03-905.0-mean	MISC	M009S02	M009D03	905.0	ps
M009S02-M009D03-905.0-variance	MISC	M009S02	M009D03	905.0	ps^2
M009S02-M009D04-690.0-sum	MISC	M009S02	M009D04	690.0	
M009S02-M009D04-690.0-mean	MISC	M009S02	M009D04	690.0	ps
M009S02-M009D04-690.0-variance	MISC	M009S02	M009D04	690.0	ps^2
M009S02-M009D04-905.0-sum	MISC	M009S02	M009D04	905.0	
M009S02-M009D04-905.0-mean	MISC	M009S02	M009D04	905.0	ps
M009S02-M009D04-905.0-variance	MISC	M009S02	M009D04	905.0	ps^2
M009S02-M009D05-690.0-sum	MISC	M009S02	M009D05	690.0	
M009S02-M009D05-690.0-mean	MISC	M009S02	M009D05	690.0	ps
M009S02-M009D05-690.0-variance	MISC	M009S02	M009D05	690.0	ps^2
M009S02-M009D05-905.0-sum	MISC	M009S02	M009D05	905.0	
M009S02-M009D05-905.0-mean	MISC	M009S02	M009D05	905.0	ps
M009S02-M009D05-905.0-variance	MISC	M009S02	M009D05	905.0	ps^2
M009S02-M015D02-690.0-sum	MISC	M009S02	M015D02	690.0	
M009S02-M015D02-690.0-mean	MISC	M009S02	M015D02	690.0	ps
M009S02-M015D02-690.0-variance	MISC	M009S02	M015D02	690.0	ps^2
M009S02-M015D02-905.0-sum	MISC	M009S02	M015D02	905.0	
M009S02-M015D02-905.0-mean	MISC	M009S02	M015D02	905.0	ps
M009S02-M015D02-905.0-variance	MISC	M009S02	M015D02	905.0	ps^2
M009S02-M015D03-690.0-sum	MISC	M009S02	M015D03	690.0	
M009S02-M015D03-690.0-mean	MISC	M009S02	M015D03	690.0	ps
M009S02-M015D03-690.0-variance	MISC	M009S02	M015D03	690.0	ps^2
M009S02-M015D03-905.0-sum	MISC	M009S02	M015D03	905.0	
M009S02-M015D03-905.0-mean	MISC	M009S02	M015D03	905.0	ps
M009S02-M015D03-905.0-variance	MISC	M009S02	M015D03	905.0	ps^2
M009S02-M015D04-690.0-sum	MISC	M009S02	M015D04	690.0	
M009S02-M015D04-690.0-mean	MISC	M009S02	M015D04	690.0	ps
M009S02-M015D04-690.0-variance	MISC	M009S02	M015D04	690.0	ps^2
M009S02-M015D04-905.0-sum	MISC	M009S02	M015D04	905.0	
M009S02-M015D04-905.0-mean	MISC	M009S02	M015D04	905.0	ps
M009S02-M015D04-905.0-variance	MISC	M009S02	M015D04	905.0	ps^2
M009S02-M015D05-690.0-sum	MISC	M009S02	M015D05	690.0	
M009S02-M015D05-690.0-mean	MISC	M009S02	M015D05	690.0	ps
M009S02-M015D05-690.0-variance	MISC	M009S02	M015D05	690.0	ps^2
M009S02-M015D05-905.0-sum	MISC	M009S02	M015D05	905.0	
M009S02-M015D05-905.0-mean	MISC	M009S02	M015D05	905.0	ps
M009S02-M015D05-905.0-variance	MISC	M009S02	M015D05	905.0	ps^2
M009S02-M019D00-690.0-sum	MISC	M009S02	M019D00	690.0	
M009S02-M019D00-690.0-mean	MISC	M009S02	M019D00	690.0	ps
M009S02-M019D00-690.0-variance	MISC	M009S02	M019D00	690.0	ps^2
M009S02-M019D00-905.0-sum	MISC	M009S02	M019D00	905.0	
M009S02-M019D00-905.0-mean	MISC	M009S02	M019D00	905.0	ps
M009S02-M019D00-905.0-variance	MISC	M009S02	M019D00	905.0	ps^2
M009S02-M019D01-690.0-sum	MISC	M009S02	M019D01	690.0	
M009S02-M019D01-690.0-mean	MISC	M009S02	M019D01	690.0	ps
M009S02-M019D01-690.0-variance	MISC	M009S02	M019D01	690.0	ps^2
M009S02-M019D01-905.0-sum	MISC	M009S02	M019D01	905.0	
M009S02-M019D01-905.0-mean	MISC	M009S02	M019D01	905.0	ps
M009S02-M019D01-905.0-variance	MISC	M009S02	M019D01	905.0	ps^2
M010S00-M010D00-690.0-sum	MISC	M010S00	M010D00	690.0	
M010S00-M010D00-690.0-mean	MISC	M010S00	M010D00	690.0	ps
M010S00-M010D00-690.0-variance	MISC	M010S00	M010D00	690.0	ps^2
M010S00-M010D00-905.0-sum	MISC	M010S00	M010D00	905.0	
M010S00-M010D00-905.0-mean	MISC	M010S00	M010D00	905.0	ps
M010S00-M010D00-905.0-variance	MISC	M010S00	M010D00	905.0	ps^2
M010S00-M010D01-690.0-sum	MISC	M010S00	M010D01	690.0	
M010S00-M010D01-690.0-mean	MISC	M010S00	M010D01	690.0	ps
M010S00-M010D01-690.0-variance	MISC	M010S00	M010D01	690.0	ps^2
M010S00-M010D01-905.0-sum	MISC	M010S00	M010D01	905.0	
M010S00-M010D01-905.0-mean	MISC	M010S00	M010D01	905.0	ps
M010S00-M010D01-905.0-variance	MISC	M010S00	M010D01	905.0	ps^2
M010S00-M010D04-690.0-sum	MISC	M010S00	M010D04	690.0	
M010S00-M010D04-690.0-mean	MISC	M010S00	M010D04	690.0	ps
M010S00-M010D04-690.0-variance	MISC	M010S00	M010D04	690.0	ps^2
M010S00-M010D04-905.0-sum	MISC	M010S00	M010D04	905.0	
M010S00-M010D04-905.0-mean	MISC	M010S00	M010D04	905.0	ps
M010S00-M010D04-905.0-variance	MISC	M010S00	M010D04	905.0	ps^2
M010S00-M010D05-690.0-sum	MISC	M010S00	M010D05	690.0	
M010S00-M010D05-690.0-mean	MISC	M010S00	M010D05	690.0	ps
M010S00-M010D05-690.0-variance	MISC	M010S00	M010D05	690.0	ps^2
M010S00-M010D05-905.0-sum	MISC	M010S00	M010D05	905.0	
M010S00-M010D05-905.0-mean	MISC	M010S00	M010D05	905.0	ps
M010S00-M010D05-905.0-variance	MISC	M010S00	M010D05	905.0	ps^2
M010S00-M011D00-690.0-sum	MISC	M010S00	M011D00	690.0	
M010S00-M011D00-690.0-mean	MISC	M010S00	M011D00	690.0	ps
M010S00-M011D00-690.0-variance	MISC	M010S00	M011D00	690.0	ps^2
M010S00-M011D00-905.0-sum	MISC	M010S00	M011D00	905.0	
M010S00-M011D00-905.0-mean	MISC	M010S00	M011D00	905.0	ps
M010S00-M011D00-905.0-variance	MISC	M010S00	M011D00	905.0	ps^2
M010S00-M011D04-690.0-sum	MISC	M010S00	M011D04	690.0	
M010S00-M011D04-690.0-mean	MISC	M010S00	M011D04	690.0	ps
M010S00-M011D04-690.0-variance	MISC	M010S00	M011D04	690.0	ps^2
M010S00-M011D04-905.0-sum	MISC	M010S00	M011D04	905.0	
M010S00-M011D04-905.0-mean	MISC	M010S00	M011D04	905.0	ps
M010S00-M011D04-905.0-variance	MISC	M010S00	M011D04	905.0	ps^2
M010S00-M011D05-690.0-sum	MISC	M010S00	M011D05	690.0	
M010S00-M011D05-690.0-mean	MISC	M010S00	M011D05	690.0	ps
M010S00-M011D05-690.0-variance	MISC	M010S00	M011D05	690.0	ps^2
M010S00-M011D05-905.0-sum	MISC	M010S00	M011D05	905.0	
M010S00-M011D05-905.0-mean	MISC	M010S00	M011D05	905.0	ps
M010S00-M011D05-905.0-variance	MISC	M010S00	M011D05	905.0	ps^2
M010S00-M016D04-690.0-sum	MISC	M010S00	M016D04	690.0	
M010S00-M016D04-690.0-mean	MISC	M010S00	M016D04	690.0	ps
M010S00-M016D04-690.0-variance	MISC	M010S00	M016D04	690.0	ps^2
M010S00-M016D04-905.0-sum	MISC	M010S00	M016D04	905.0	
M010S00-M016D04-905.0-mean	MISC	M010S00	M016D04	905.0	ps
M010S00-M016D04-905.0-variance	MISC	M010S00	M016D04	905.0	ps^2
M010S00-M016D05-690.0-sum	MISC	M010S00	M016D05	690.0	
M010S00-M016D05-690.0-mean	MISC	M010S00	M016D05	690.0	ps
M010S00-M016D05-690.0-variance	MISC	M010S00	M016D05	690.0	ps^2
M010S00-M016D05-905.0-sum	MISC	M010S00	M016D05	905.0	
M010S00-M016D05-905.0-mean	MISC	M010S00	M016D05	905.0	ps
M010S00-M016D05-905.0-variance	MISC	M010S00	M016D05	905.0	ps^2
M010S01-M010D00-690.0-sum	MISC	M010S01	M010D00	690.0	
M010S01-M010D00-690.0-mean	MISC	M010S01	M010D00	690.0	ps
M010S01-M010D00-690.0-variance	MISC	M010S01	M010D00	690.0	ps^2
M010S01-M010D00-905.0-sum	MISC	M010S01	M010D00	905.0	
M010S01-M010D00-905.0-mean	MISC	M010S01	M010D00	905.0	ps
M010S01-M010D00-905.0-variance	MISC	M010S01	M010D00	905.0	ps^2
M010S01-M010D01-690.0-sum	MISC	M010S01	M010D01	690.0	
M010S01-M010D01-690.0-mean	MISC	M010S01	M010D01	690.0	ps
M010S01-M010D01-690.0-variance	MISC	M010S01	M010D01	690.0	ps^2
M010S01-M010D01-905.0-sum	MISC	M010S01	M010D01	905.0	
M010S01-M010D01-905.0-mean	MISC	M010S01	M010D01	905.0	ps
M010S01-M010D01-905.0-variance	MISC	M010S01	M010D01	905.0	ps^2
M010S01-M010D02-690.0-sum	MISC	M010S01	M010D02	690.0	
M010S01-M010D02-690.0-mean	MISC	M010S01	M010D02	690.0	ps
M010S01-M010D02-690.0-variance	MISC	M010S01	M010D02	690.0	ps^2
M010S01-M010D02-905.0-sum	MISC	M010S01	M010D02	905.0	
M010S01-M010D02-905.0-mean	MISC	M010S01	M010D02	905.0	ps
M010S01-M010D02-905.0-variance	MISC	M010S01	M010D02	905.0	ps^2
M010S01-M010D03-690.0-sum	MISC	M010S01	M010D03	690.0	
M010S01-M010D03-690.0-mean	MISC	M010S01	M010D03	690.0	ps
M010S01-M010D03-690.0-variance	MISC	M010S01	M010D03	690.0	ps^2
M010S01-M010D03-905.0-sum	MISC	M010S01	M010D03	905.0	
M010S01-M010D03-905.0-mean	MISC	M010S01	M010D03	905.0	ps
M010S01-M010D03-905.0-variance	MISC	M010S01	M010D03	905.0	ps^2
M010S01-M010D04-690.0-sum	MISC	M010S01	M010D04	690.0	
M010S01-M010D04-690.0-mean	MISC	M010S01	M010D04	690.0	ps
M010S01-M010D04-690.0-variance	MISC	M010S01	M010D04	690.0	ps^2
M010S01-M010D04-905.0-sum	MISC	M010S01	M010D04	905.0	
M010S01-M010D04-905.0-mean	MISC	M010S01	M010D04	905.0	ps
M010S01-M010D04-905.0-variance	MISC	M010S01	M010D04	905.0	ps^2
M010S01-M012D00-690.0-sum	MISC	M010S01	M012D00	690.0	
M010S01-M012D00-690.0-mean	MISC	M010S01	M012D00	690.0	ps
M010S01-M012D00-690.0-variance	MISC	M010S01	M012D00	690.0	ps^2
M010S01-M012D00-905.0-sum	MISC	M010S01	M012D00	905.0	
M010S01-M012D00-905.0-mean	MISC	M010S01	M012D00	905.0	ps
M010S01-M012D00-905.0-variance	MISC	M010S01	M012D00	905.0	ps^2
M010S01-M012D01-690.0-sum	MISC	M010S01	M012D01	690.0	
M010S01-M012D01-690.0-mean	MISC	M010S01	M012D01	690.0	ps
M010S01-M012D01-690.0-variance	MISC	M010S01	M012D01	690.0	ps^2
M010S01-M012D01-905.0-sum	MISC	M010S01	M012D01	905.0	
M010S01-M012D01-905.0-mean	MISC	M010S01	M012D01	905.0	ps
M010S01-M012D01-905.0-variance	MISC	M010S01	M012D01	905.0	ps^2
M010S01-M012D02-690.0-sum	MISC	M010S01	M012D02	690.0	
M010S01-M012D02-690.0-mean	MISC	M010S01	M012D02	690.0	ps
M010S01-M012D02-690.0-variance	MISC	M010S01	M012D02	690.0	ps^2
M010S01-M012D02-905.0-sum	MISC	M010S01	M012D02	905.0	
M010S01-M012D02-905.0-mean	MISC	M010S01	M012D02	905.0	ps
M010S01-M012D02-905.0-variance	MISC	M010S01	M012D02	905.0	ps^2
M010S01-M016D03-690.0-sum	MISC	M010S01	M016D03	690.0	
M010S01-M016D03-690.0-mean	MISC	M010S01	M016D03	690.0	ps
M010S01-M016D03-690.0-variance	MISC	M010S01	M016D03	690.0	ps^2
M010S01-M016D03-905.0-sum	MISC	M010S01	M016D03	905.0	
M010S01-M016D03-905.0-mean	MISC	M010S01	M016D03	905.0	ps
M010S01-M016D03-905.0-variance	MISC	M010S01	M016D03	905.0	ps^2
M010S01-M016D04-690.0-sum	MISC	M010S01	M016D04	690.0	
M010S01-M016D04-690.0-mean	MISC	M010S01	M016D04	690.0	ps
M010S01-M016D04-690.0-variance	MISC	M010S01	M016D04	690.0	ps^2
M010S01-M016D04-905.0-sum	MISC	M010S01	M016D04	905.0	
M010S01-M016D04-905.0-mean	MISC	M010S01	M016D04	905.0	ps
M010S01-M016D04-905.0-variance	MISC	M010S01	M016D04	905.0	ps^2
M010S01-M016D05-690.0-sum	MISC	M010S01	M016D05	690.0	
M010S01-M016D05-690.0-mean	MISC	M010S01	M016D05	690.0	ps
M010S01-M016D05-690.0-variance	MISC	M010S01	M016D05	690.0	ps^2
M010S01-M016D05-905.0-sum	MISC	M010S01	M016D05	905.0	
M010S01-M016D05-905.0-mean	MISC	M010S01	M016D05	905.0	ps
M010S01-M016D05-905.0-variance	MISC	M010S01	M016D05	905.0	ps^2
M010S02-M004D03-690.0-sum	MISC	M010S02	M004D03	690.0	
M010S02-M004D03-690.0-mean	MISC	M010S02	M004D03	690.0	ps
M010S02-M004D03-690.0-variance	MISC	M010S02	M004D03	690.0	ps^2
M010S02-M004D03-905.0-sum	MISC	M010S02	M004D03	905.0	
M010S02-M004D03-905.0-mean	MISC	M010S02	M004D03	905.0	ps
M010S02-M004D03-905.0-variance	MISC	M010S02	M004D03	905.0	ps^2
M010S02-M004D04-690.0-sum	MISC	M010S02	M004D04	690.0	
M010S02-M004D04-690.0-mean	MISC	M010S02	M004D04	690.0	ps
M010S02-M004D04-690.0-variance	MISC	M010S02	M004D04	690.0	ps^2
M010S02-M004D04-905.0-sum	MISC	M010S02	M004D04	905.0	
M010S02-M004D04-905.0-mean	MISC	M010S02	M004D04	905.0	ps
M010S02-M004D04-905.0-variance	MISC	M010S02	M004D04	905.0	ps^2
M010S02-M010D02-690.0-sum	MISC	M010S02	M010D02	690.0	
M010S02-M010D02-690.0-mean	MISC	M010S02	M010D02	690.0	ps
M010S02-M010D02-690.0-variance	MISC	M010S02	M010D02	690.0	ps^2
M010S02-M010D02-905.0-sum	MISC	M010S02	M010D02	905.0	
M010S02-M010D02-905.0-mean	MISC	M010S02	M010D02	905.0	ps
M010S02-M010D02-905.0-variance	MISC	M010S02	M010D02	905.0	ps^2
M010S02-M010D03-690.0-sum	MISC	M010S02	M010D03	690.0	
M010S02-M010D03-690.0-mean	MISC	M010S02	M010D03	690.0	ps
M010S02-M010D03-690.0-variance	MISC	M010S02	M010D03	690.0	ps^2
M010S02-M010D03-905.0-sum	MISC	M010S02	M010D03	905.0	
M010S02-M010D03-905.0-mean	MISC	M010S02	M010D03	905.0	ps
M010S02-M010D03-905.0-variance	MISC	M010S02	M010D03	905.0	ps^2
M010S02-M010D04-690.0-sum	MISC	M010S02	M010D04	690.0	
M010S02-M010D04-690.0-mean	MISC	M010S02	M010D04	690.0	ps
M010S02-M010D04-690.0-variance	MISC	M010S02	M010D04	690.0	ps^2
M010S02-M010D04-905.0-sum	MISC	M010S02	M010D04	905.0	
M010S02-M010D04-905.0-mean	MISC	M010S02	M010D04	905.0	ps
M010S02-M010D04-905.0-variance	MISC	M010S02	M010D04	905.0	ps^2
M010S02-M010D05-690.0-sum	MISC	M010S02	M010D05	690.0	
M010S02-M010D05-690.0-mean	MISC	M010S02	M010D05	690.0	ps
M010S02-M010D05-690.0-variance	MISC	M010S02	M010D05	690.0	ps^2
M010S02-M010D05-905.0-sum	MISC	M010S02	M010D05	905.0	
M010S02-M010D05-905.0-mean	MISC	M010S02	M010D05	905.0	ps
M010S02-M010D05-905.0-variance	MISC	M010S02	M010D05	905.0	ps^2
M011S00-M010D00-690.0-sum	MISC	M011S00	M010D00	690.0	
M011S00-M010D00-690.0-mean	MISC	M011S00	M010D00	690.0	ps
M011S00-M010D00-690.0-variance	MISC	M011S00	M010D00	690.0	ps^2
M011S00-M010D00-905.0-sum	MISC	M011S00	M010D00	905.0	
M011S00-M010D00-905.0-mean	MISC	M011S00	M010D00	905.0	ps
M011S00-M010D00-905.0-variance	MISC	M011S00	M010D00	905.0	ps^2
M011S00-M010D01-690.0-sum	MISC	M011S00	M010D01	690.0	
M011S00-M010D01-690.0-mean	MISC	M011S00	M010D01	690.0	ps
M011S00-M010D01-690.0-variance	MISC	M011S00	M010D01	690.0	ps^2
M011S00-M010D01-905.0-sum	MISC	M011S00	M010D01	905.0	
M011S00-M010D01-905.0-mean	MISC	M011S00	M010D01	905.0	ps
M011S00-M010D01-905.0-variance	MISC	M011S00	M010D01	905.0	ps^2
M011S00-M010D04-690.0-sum	MISC	M011S00	M010D04	690.0	
M011S00-M010D04-690.0-mean	MISC	M011S00	M010D04	690.0	ps
M011S00-M010D04-690.0-variance	MISC	M011S00	M010D04	690.0	ps^2
M011S00-M010D04-905.0-sum	MISC	M011S00	M010D04	905.0	
M011S00-M010D04-905.0-mean	MISC	M011S00	M010D04	905.0	ps
M011S00-M010D04-905.0-variance	MISC	M011S00	M010D04	905.0	ps^2
M011S00-M010D05-690.0-sum	MISC	M011S00	M010D05	690.0	
M011S00-M010D05-690.0-mean	MISC	M011S00	M010D05	690.0	ps
M011S00-M010D05-690.0-variance	MISC	M011S00	M010D05	690.0	ps^2
M011S00-M010D05-905.0-sum	MISC	M011S00	M010D05	905.0	
M011S00-M010D05-905.0-mean	MISC	M011S00	M010D05	905.0	ps
M011S00-M010D05-905.0-variance	MISC	M011S00	M010D05	905.0	ps^2
M011S00-M011D00-690.0-sum	MISC	M011S00	M011D00	690.0	
M011S00-M011D00-690.0-mean	MISC	M011S00	M011D00	690.0	ps
M011S00-M011D00-690.0-variance	MISC	M011S00	M011D00	690.0	ps^2
M011S00-M011D00-905.0-sum	MISC	M011S00	M011D00	905.0	
M011S00-M011D00-905.0-mean	MISC	M011S00	M011D00	905.0	ps
M011S00-M011D00-905.0-variance	MISC	M011S00	M011D00	905.0	ps^2
M011S00-M011D01-690.0-sum	MISC	M011S00	M011D01	690.0	
M011S00-M011D01-690.0-mean	MISC	M011S00	M011D01	690.0	ps
M011S00-M011D01-690.0-variance	MISC	M011S00	M011D01	690.0	ps^2
M011S00-M011D01-905.0-sum	MISC	M011S00	M011D01	905.0	
M011S00-M011D01-905.0-mean	MISC	M011S00	M011D01	905.0	ps
M011S00-M011D01-905.0-variance	MISC	M011S00	M011D01	905.0	ps^2
M011S00-M011D04-690.0-sum	MISC	M011S00	M011D04	690.0	
M011S00-M011D04-690.0-mean	MISC	M011S00	M011D04	690.0	ps
M011S00-M011D04-690.0-variance	MISC	M011S00	M011D04	690.0	ps^2
M011S00-M011D04-905.0-sum	MISC	M011S00	M011D04	905.0	
M011S00-M011D04-905.0-mean	MISC	M011S00	M011D04	905.0	ps
M011S00-M011D04-905.0-variance	MISC	M011S00	M011D04	905.0	ps^2
M011S00-M011D05-690.0-sum	MISC	M011S00	M011D05	690.0	
M011S00-M011D05-690.0-mean	MISC	M011S00	M011D05	690.0	ps
M011S00-M011D05-690.0-variance	MISC	M011S00	M011D05	690.0	ps^2
M011S00-M011D05-905.0-sum	MISC	M011S00	M011D05	905.0	
M011S00-M011D05-905.0-mean	MISC	M011S00	M011D05	905.0	ps
M011S00-M011D05-905.0-variance	MISC	M011S00	M011D05	905.0	ps^2
M011S01-M005D01-690.0-sum	MISC	M011S01	M005D01	690.0	
M011S01-M005D01-690.0-mean	MISC	M011S01	M005D01	690.0	ps
M011S01-M005D01-690.0-variance	MISC	M011S01	M005D01	690.0	ps^2
M011S01-M005D01-905.0-sum	MISC	M011S01	M005D01	905.0	
M011S01-M005D01-905.0-mean	MISC	M011S01	M005D01	905.0	ps
M011S01-M005D01-905.0-variance	MISC	M011S01	M005D01	905.0	ps^2
M011S01-M005D02-690.0-sum	MISC	M011S01	M005D02	690.0	
M011S01-M005D02-690.0-mean	MISC	M011S01	M005D02	690.0	ps
M011S01-M005D02-690.0-variance	MISC	M011S01	M005D02	690.0	ps^2
M011S01-M005D02-905.0-sum	MISC	M011S01	M005D02	905.0	
M011S01-M005D02-905.0-mean	MISC	M011S01	M005D02	905.0	ps
M011S01-M005D02-905.0-variance	MISC	M011S01	M005D02	905.0	ps^2
M011S01-M011D00-690.0-sum	MISC	M011S01	M011D00	690.0	
M011S01-M011D00-690.0-mean	MISC	M011S01	M011D00	690.0	ps
M011S01-M011D00-690.0-variance	MISC	M011S01	M011D00	690.0	ps^2
M011S01-M011D00-905.0-sum	MISC	M011S01	M011D00	905.0	
M011S01-M011D00-905.0-mean	MISC	M011S01	M011D00	905.0	ps
M011S01-M011D00-905.0-variance	MISC	M011S01	M011D00	905.0	ps^2
M011S01-M011D01-690.0-sum	MISC	M011S01	M011D01	690.0	
M011S01-M011D01-690.0-mean	MISC	M011S01	M011D01	690.0	ps
M011S01-M011D01-690.0-variance	MISC	M011S01	M011D01	690.0	ps^2
M011S01-M011D01-905.0-sum	MISC	M011S01	M011D01	905.0	
M011S01-M011D01-905.0-mean	MISC	M011S01	M011D01	905.0	ps
M011S01-M011D01-905.0-variance	MISC	M011S01	M011D01	905.0	ps^2
M011S01-M011D02-690.0-sum	MISC	M011S01	M011D02	690.0	
M011S01-M011D02-690.0-mean	MISC	M011S01	M011D02	690.0	ps
M011S01-M011D02-690.0-variance	MISC	M011S01	M011D02	690.0	ps^2
M011S01-M011D02-905.0-sum	MISC	M011S01	M011D02	905.0	
M011S01-M011D02-905.0-mean	MISC	M011S01	M011D02	905.0	ps
M011S01-M011D02-905.0-variance	MISC	M011S01	M011D02	905.0	ps^2
M011S01-M011D03-690.0-sum	MISC	M011S01	M011D03	690.0	
M011S01-M011D03-690.0-mean	MISC	M011S01	M011D03	690.0	ps
M011S01-M011D03-690.0-variance	MISC	M011S01	M011D03	690.0	ps^2
M011S01-M011D03-905.0-sum	MISC	M011S01	M011D03	905.0	
M011S01-M011D03-905.0-mean	MISC	M011S01	M011D03	905.0	ps
M011S01-M011D03-905.0-variance	MISC	M011S01	M011D03	905.0	ps^2
M011S01-M013D04-690.0-sum	MISC	M011S01	M013D04	690.0	
M011S01-M013D04-690.0-mean	MISC	M011S01	M013D04	690.0	ps
M011S01-M013D04-690.0-variance	MISC	M011S01	M013D04	690.0	ps^2
M011S01-M013D04-905.0-sum	MISC	M011S01	M013D04	905.0	
M011S01-M013D04-905.0-mean	MISC	M011S01	M013D04	905.0	ps
M011S01-M013D04-905.0-variance	MISC	M011S01	M013D04	905.0	ps^2
M011S01-M013D05-690.0-sum	MISC	M011S01	M013D05	690.0	
M011S01-M013D05-690.0-mean	MISC	M011S01	M013D05	690.0	ps
M011S01-M013D05-690.0-variance	MISC	M011S01	M013D05	690.0	ps^2
M011S01-M013D05-905.0-sum	MISC	M011S01	M013D05	905.0	
M011S01-M013D05-905.0-mean	MISC	M011S01	M013D05	905.0	ps
M011S01-M013D05-905.0-variance	MISC	M011S01	M013D05	905.0	ps^2
M011S02-M011D02-690.0-sum	MISC	M011S02	M011D02	690.0	
M011S02-M011D02-690.0-mean	MISC	M011S02	M011D02	690.0	ps
M011S02-M011D02-690.0-variance	MISC	M011S02	M011D02	690.0	ps^2
M011S02-M011D02-905.0-sum	MISC	M011S02	M011D02	905.0	
M011S02-M011D02-905.0-mean	MISC	M011S02	M011D02	905.0	ps
M011S02-M011D02-905.0-variance	MISC	M011S02	M011D02	905.0	ps^2
M011S02-M011D03-690.0-sum	MISC	M011S02	M011D03	690.0	
M011S02-M011D03-690.0-mean	MISC	M011S02	M011D03	690.0	ps
M011S02-M011D03-690.0-variance	MISC	M011S02	M011D03	690.0	ps^2
M011S02-M011D03-905.0-sum	MISC	M011S02	M011D03	905.0	
M011S02-M011D03-905.0-mean	MISC	M011S02	M011D03	905.0	ps
M011S02-M011D03-905.0-variance	MISC	M011S02	M011D03	905.0	ps^2
M011S02-M011D04-690.0-sum	MISC	M011S02	M011D04	690.0	
M011S02-M011D04-690.0-mean	MISC	M011S02	M011D04	690.0	ps
M011S02-M011D04-690.0-variance	MISC	M011S02	M011D04	690.0	ps^2
M011S02-M011D04-905.0-sum	MISC	M011S02	M011D04	905.0	
M011S02-M011D04-905.0-mean	MISC	M011S02	M011D04	905.0	ps
M011S02-M011D04-905.0-variance	MISC	M011S02	M011D04	905.0	ps^2
M011S02-M011D05-690.0-sum	MISC	M011S02	M011D05	690.0	
M011S02-M011D05-690.0-mean	MISC	M011S02	M011D05	690.0	ps
M011S02-M011D05-690.0-variance	MISC	M011S02	M011D05	690.0	ps^2
M011S02-M011D05-905.0-sum	MISC	M011S02	M011D05	905.0	
M011S02-M011D05-905.0-mean	MISC	M011S02	M011D05	905.0	ps
M011S02-M011D05-905.0-variance	MISC	M011S02	M011D05	905.0	ps^2
M011S02-M013D02-690.0-sum	MISC	M011S02	M013D02	690.0	
M011S02-M013D02-690.0-mean	MISC	M011S02	M013D02	690.0	ps
M011S02-M013D02-690.0-variance	MISC	M011S02	M013D02	690.0	ps^2
M011S02-M013D02-905.0-sum	MISC	M011S02	M013D02	905.0	
M011S02-M013D02-905.0-mean	MISC	M011S02	M013D02	905.0	ps
M011S02-M013D02-905.0-variance	MISC	M011S02	M013D02	905.0	ps^2
M011S02-M013D03-690.0-sum	MISC	M011S02	M013D03	690.0	
M011S02-M013D03-690.0-mean	MISC	M011S02	M013D03	690.0	ps
M011S02-M013D03-690.0-variance	MISC	M011S02	M013D03	690.0	ps^2
M011S02-M013D03-905.0-sum	MISC	M011S02	M013D03	905.0	
M011S02-M013D03-905.0-mean	MISC	M011S02	M013D03	905.0	ps
M011S02-M013D03-905.0-variance	MISC	M011S02	M013D03	905.0	ps^2
M011S02-M013D04-690.0-sum	MISC	M011S02	M013D04	690.0	
M011S02-M013D04-690.0-mean	MISC	M011S02	M013D04	690.0	ps
M011S02-M013D04-690.0-variance	MISC	M011S02	M013D04	690.0	ps^2
M011S02-M013D04-905.0-sum	MISC	M011S02	M013D04	905.0	
M011S02-M013D04-905.0-mean	MISC	M011S02	M013D04	905.0	ps
M011S02-M013D04-905.0-variance	MISC	M011S02	M013D04	905.0	ps^2
M011S02-M017D00-690.0-sum	MISC	M011S02	M017D00	690.0	
M011S02-M017D00-690.0-mean	MISC	M011S02	M017D00	690.0	ps
M011S02-M017D00-690.0-variance	MISC	M011S02	M017D00	690.0	ps^2
M011S02-M017D00-905.0-sum	MISC	M011S02	M017D00	905.0	
M011S02-M017D00-905.0-mean	MISC	M011S02	M017D00	905.0	ps
M011S02-M017D00-905.0-variance	MISC	M011S02	M017D00	905.0	ps^2
M011S02-M017D01-690.0-sum	MISC	M011S02	M017D01	690.0	
M011S02-M017D01-690.0-mean	MISC	M011S02	M017D01	690.0	ps
M011S02-M017D01-690.0-variance	MISC	M011S02	M017D01	690.0	ps^2
M011S02-M017D01-905.0-sum	MISC	M011S02	M017D01	905.0	
M011S02-M017D01-905.0-mean	MISC	M011S02	M017D01	905.0	ps
M011S02-M017D01-905.0-variance	MISC	M011S02	M017D01	905.0	ps^2
M011S02-M017D02-690.0-sum	MISC	M011S02	M017D02	690.0	
M011S02-M017D02-690.0-mean	MISC	M011S02	M017D02	690.0	ps
M011S02-M017D02-690.0-variance	MISC	M011S02	M017D02	690.0	ps^2
M011S02-M017D02-905.0-sum	MISC	M011S02	M017D02	905.0	
M011S02-M017D02-905.0-mean	MISC	M011S02	M017D02	905.0	ps
M011S02-M017D02-905.0-variance	MISC	M011S02	M017D02	905.0	ps^2
M011S02-M017D03-690.0-sum	MISC	M011S02	M017D03	690.0	
M011S02-M017D03-690.0-mean	MISC	M011S02	M017D03	690.0	ps
M011S02-M017D03-690.0-variance	MISC	M011S02	M017D03	690.0	ps^2
M011S02-M017D03-905.0-sum	MISC	M011S02	M017D03	905.0	
M011S02-M017D03-905.0-mean	MISC	M011S02	M017D03	905.0	ps
M011S02-M017D03-905.0-variance	MISC	M011S02	M017D03	905.0	ps^2
M012S00-M008D00-690.0-sum	MISC	M012S00	M008D00	690.0	
M012S00-M008D00-690.0-mean	MISC	M012S00	M008D00	690.0	ps
M012S00-M008D00-690.0-variance	MISC	M012S00	M008D00	690.0	ps^2
M012S00-M008D00-905.0-sum	MISC	M012S00	M008D00	905.0	
M012S00-M008D00-905.0-mean	MISC	M012S00	M008D00	905.0	ps
M012S00-M008D00-905.0-variance	MISC	M012S00	M008D00	905.0	ps^2
M012S00-M008D05-690.0-sum	MISC	M012S00	M008D05	690.0	
M012S00-M008D05-690.0-mean	MISC	M012S00	M008D05	690.0	ps
M012S00-M008D05-690.0-variance	MISC	M012S00	M008D05	690.0	ps^2
M012S00-M008D05-905.0-sum	MISC	M012S00	M008D05	905.0	
M012S00-M008D05-905.0-mean	MISC	M012S00	M008D05	905.0	ps
M012S00-M008D05-905.0-variance	MISC	M012S00	M008D05	905.0	ps^2
M012S00-M012D00-690.0-sum	MISC	M012S00	M012D00	690.0	
M012S00-M012D00-690.0-mean	MISC	M012S00	M012D00	690.0	ps
M012S00-M012D00-690.0-variance	MISC	M012S00	M012D00	690.0	ps^2
M012S00-M012D00-905.0-sum	MISC	M012S00	M012D00	905.0	
M012S00-M012D00-905.0-mean	MISC	M012S00	M012D00	905.0	ps
M012S00-M012D00-905.0-variance	MISC	M012S00	M012D00	905.0	ps^2
M012S00-M012D01-690.0-sum	MISC	M012S00	M012D01	690.0	
M012S00-M012D01-690.0-mean	MISC	M012S00	M012D01	690.0	ps
M012S00-M012D01-690.0-variance	MISC	M012S00	M012D01	690.0	ps^2
M012S00-M012D01-905.0-sum	MISC	M012S00	M012D01	905.0	
M012S00-M012D01-905.0-mean	MISC	M012S00	M012D01	905.0	ps
M012S00-M012D01-905.0-variance	MISC	M012S00	M012D01	905.0	ps^2
M012S00-M012D04-690.0-sum	MISC	M012S00	M012D04	690.0	
M012S00-M012D04-690.0-mean	MISC	M012S00	M012D04	690.0	ps
M012S00-M012D04-690.0-variance	MISC	M012S00	M012D04	690.0	ps^2
M012S00-M012D04-905.0-sum	MISC	M012S00	M012D04	905.0	
M012S00-M012D04-905.0-mean	MISC	M012S00	M012D04	905.0	ps
M012S00-M012D04-905.0-variance	MISC	M012S00	M012D04	905.0	ps^2
M012S00-M012D05-690.0-sum	MISC	M012S00	M012D05	690.0	
M012S00-M012D05-690.0-mean	MISC	M012S00	M012D05	690.0	ps
M012S00-M012D05-690.0-variance	MISC	M012S00	M012D05	690.0	ps^2
M012S00-M012D05-905.0-sum	MISC	M012S00	M012D05	905.0	
M012S00-M012D05-905.0-mean	MISC	M012S00	M012D05	905.0	ps
M012S00-M012D05-905.0-variance	MISC	M012S00	M012D05	905.0	ps^2
M012S01-M010D01-690.0-sum	MISC	M012S01	M010D01	690.0	
M012S01-M010D01-690.0-mean	MISC	M012S01	M010D01	690.0	ps
M012S01-M010D01-690.0-variance	MISC	M012S01	M010D01	690.0	ps^2
M012S01-M010D01-905.0-sum	MISC	M012S01	M010D01	905.0	
M012S01-M010D01-905.0-mean	MISC	M012S01	M010D01	905.0	ps
M012S01-M010D01-905.0-variance	MISC	M012S01	M010D01	905.0	ps^2
M012S01-M010D02-690.0-sum	MISC	M012S01	M010D02	690.0	
M012S01-M010D02-690.0-mean	MISC	M012S01	M010D02	690.0	ps
M012S01-M010D02-690.0-variance	MISC	M012S01	M010D02	690.0	ps^2
M012S01-M010D02-905.0-sum	MISC	M012S01	M010D02	905.0	
M012S01-M010D02-905.0-mean	MISC	M012S01	M010D02	905.0	ps
M012S01-M010D02-905.0-variance	MISC	M012S01	M010D02	905.0	ps^2
M012S01-M010D03-690.0-sum	MISC	M012S01	M010D03	690.0	
M012S01-M010D03-690.0-mean	MISC	M012S01	M010D03	690.0	ps
M012S01-M010D03-690.0-variance	MISC	M012S01	M010D03	690.0	ps^2
M012S01-M010D03-905.0-sum	MISC	M012S01	M010D03	905.0	
M012S01-M010D03-905.0-mean	MISC	M012S01	M010D03	905.0	ps
M012S01-M010D03-905.0-variance	MISC	M012S01	M010D03	905.0	ps^2
M012S01-M012D01-690.0-sum	MISC	M012S01	M012D01	690.0	
M012S01-M012D01-690.0-mean	MISC	M012S01	M012D01	690.0	ps
M012S01-M012D01-690.0-variance	MISC	M012S01	M012D01	690.0	ps^2
M012S01-M012D01-905.0-sum	MISC	M012S01	M012D01	905.0	
M012S01-M012D01-905.0-mean	MISC	M012S01	M012D01	905.0	ps
M012S01-M012D01-905.0-variance	MISC	M012S01	M012D01	905.0	ps^2
M012S01-M012D02-690.0-sum	MISC	M012S01	M012D02	690.0	
M012S01-M012D02-690.0-mean	MISC	M012S01	M012D02	690.0	ps
M012S01-M012D02-690.0-variance	MISC	M012S01	M012D02	690.0	ps^2
M012S01-M012D02-905.0-sum	MISC	M012S01	M012D02	905.0	
M012S01-M012D02-905.0-mean	MISC	M012S01	M012D02	905.0	ps
M012S01-M012D02-905.0-variance	MISC	M012S01	M012D02	905.0	ps^2
M012S01-M012D03-690.0-sum	MISC	M012S01	M012D03	690.0	
M012S01-M012D03-690.0-mean	MISC	M012S01	M012D03	690.0	ps
M012S01-M012D03-690.0-variance	MISC	M012S01	M012D03	690.0	ps^2
M012S01-M012D03-905.0-sum	MISC	M012S01	M012D03	905.0	
M012S01-M012D03-905.0-mean	MISC	M012S01	M012D03	905.0	ps
M012S01-M012D03-905.0-variance	MISC	M012S01	M012D03	905.0	ps^2
M012S01-M016D03-690.0-sum	MISC	M012S01	M016D03	690.0	
M012S01-M016D03-690.0-mean	MISC	M012S01	M016D03	690.0	ps
M012S01-M016D03-690.0-variance	MISC	M012S01	M016D03	690.0	ps^2
M012S01-M016D03-905.0-sum	MISC	M012S01	M016D03	905.0	
M012S01-M016D03-905.0-mean	MISC	M012S01	M016D03	905.0	ps
M012S01-M016D03-905.0-variance	MISC	M012S01	M016D03	905.0	ps^2
M012S02-M012D02-690.0-sum	MISC	M012S02	M012D02	690.0	
M012S02-M012D02-690.0-mean	MISC	M012S02	M012D02	690.0	ps
M012S02-M012D02-690.0-variance	MISC	M012S02	M012D02	690.0	ps^2
M012S02-M012D02-905.0-sum	MISC	M012S02	M012D02	905.0	
M012S02-M012D02-905.0-mean	MISC	M012S02	M012D02	905.0	ps
M012S02-M012D02-905.0-variance	MISC	M012S02	M012D02	905.0	ps^2
M012S02-M012D03-690.0-sum	MISC	M012S02	M012D03	690.0	
M012S02-M012D03-690.0-mean	MISC	M012S02	M012D03	690.0	ps
M012S02-M012D03-690.0-variance	MISC	M012S02	M012D03	690.0	ps^2
M012S02-M012D03-905.0-sum	MISC	M012S02	M012D03	905.0	
M012S02-M012D03-905.0-mean	MISC	M012S02	M012D03	905.0	ps
M012S02-M012D03-905.0-variance	MISC	M012S02	M012D03	905.0	ps^2
M012S02-M012D04-690.0-sum	MISC	M012S02	M012D04	690.0	
M012S02-M012D04-690.0-mean	MISC	M012S02	M012D04	690.0	ps
M012S02-M012D04-690.0-variance	MISC	M012S02	M012D04	690.0	ps^2
M012S02-M012D04-905.0-sum	MISC	M012S02	M012D04	905.0	
M012S02-M012D04-905.0-mean	MISC	M012S02	M012D04	905.0	ps
M012S02-M012D04-905.0-variance	MISC	M012S02	M012D04	905.0	ps^2
M012S02-M012D05-690.0-sum	MISC	M012S02	M012D05	690.0	
M012S02-M012D05-690.0-mean	MISC	M012S02	M012D05	690.0	ps
M012S02-M012D05-690.0-variance	MISC	M012S02	M012D05	690.0	ps^2
M012S02-M012D05-905.0-sum	MISC	M012S02	M012D05	905.0	
M012S02-M012D05-905.0-mean	MISC	M012S02	M012D05	905.0	ps
M012S02-M012D05-905.0-variance	MISC	M012S02	M012D05	905.0	ps^2
M012S02-M020D00-690.0-sum	MISC	M012S02	M020D00	690.0	
M012S02-M020D00-690.0-mean	MISC	M012S02	M020D00	690.0	ps
M012S02-M020D00-690.0-variance	MISC	M012S02	M020D00	690.0	ps^2
M012S02-M020D00-905.0-sum	MISC	M012S02	M020D00	905.0	
M012S02-M020D00-905.0-mean	MISC	M012S02	M020D00	905.0	ps
M012S02-M020D00-905.0-variance	MISC	M012S02	M020D00	905.0	ps^2
M012S02-M020D01-690.0-sum	MISC	M012S02	M020D01	690.0	
M012S02-M020D01-690.0-mean	MISC	M012S02	M020D01	690.0	ps
M012S02-M020D01-690.0-variance	MISC	M012S02	M020D01	690.0	ps^2
M012S02-M020D01-905.0-sum	MISC	M012S02	M020D01	905.0	
M012S02-M020D01-905.0-mean	MISC	M012S02	M020D01	905.0	ps
M012S02-M020D01-905.0-variance	MISC	M012S02	M020D01	905.0	ps^2
M013S00-M009D00-690.0-sum	MISC	M013S00	M009D00	690.0	
M013S00-M009D00-690.0-mean	MISC	M013S00	M009D00	690.0	ps
M013S00-M009D00-690.0-variance	MISC	M013S00	M009D00	690.0	ps^2
M013S00-M009D00-905.0-sum	MISC	M013S00	M009D00	905.0	
M013S00-M009D00-905.0-mean	MISC	M013S00	M009D00	905.0	ps
M013S00-M009D00-905.0-variance	MISC	M013S00	M009D00	905.0	ps^2
M013S00-M009D05-690.0-sum	MISC	M013S00	M009D05	690.0	
M013S00-M009D05-690.0-mean	MISC	M013S00	M009D05	690.0	ps
M013S00-M009D05-690.0-variance	MISC	M013S00	M009D05	690.0	ps^2
M013S00-M009D05-905.0-sum	MISC	M013S00	M009D05	905.0	
M013S00-M009D05-905.0-mean	MISC	M013S00	M009D05	905.0	ps
M013S00-M009D05-905.0-variance	MISC	M013S00	M009D05	905.0	ps^2
M013S00-M013D00-690.0-sum	MISC	M013S00	M013D00	690.0	
M013S00-M013D00-690.0-mean	MISC	M013S00	M013D00	690.0	ps
M013S00-M013D00-690.0-variance	MISC	M013S00	M013D00	690.0	ps^2
M013S00-M013D00-905.0-sum	MISC	M013S00	M013D00	905.0	
M013S00-M013D00-905.0-mean	MISC	M013S00	M013D00	905.0	ps
M013S00-M013D00-905.0-variance	MISC	M013S00	M013D00	905.0	ps^2
M013S00-M013D01-690.0-sum	MISC	M013S00	M013D01	690.0	
M013S00-M013D01-690.0-mean	MISC	M013S00	M013D01	690.0	ps
M013S00-M013D01-690.0-variance	MISC	M013S00	M013D01	690.0	ps^2
M013S00-M013D01-905.0-sum	MISC	M013S00	M013D01	905.0	
M013S00-M013D01-905.0-mean	MISC	M013S00	M013D01	905.0	ps
M013S00-M013D01-905.0-variance	MISC	M013S00	M013D01	905.0	ps^2
M013S00-M013D04-690.0-sum	MISC	M013S00	M013D04	690.0	
M013S00-M013D04-690.0-mean	MISC	M013S00	M013D04	690.0	ps
M013S00-M013D04-690.0-variance	MISC	M013S00	M013D04	690.0	ps^2
M013S00-M013D04-905.0-sum	MISC	M013S00	M013D04	905.0	
M013S00-M013D04-905.0-mean	MISC	M013S00	M013D04	905.0	ps
M013S00-M013D04-905.0-variance	MISC	M013S00	M013D04	905.0	ps^2
M013S00-M013D05-690.0-sum	MISC	M013S00	M013D05	690.0	
M013S00-M013D05-690.0-mean	MISC	M013S00	M013D05	690.0	ps
M013S00-M013D05-690.0-variance	MISC	M013S00	M013D05	690.0	ps^2
M013S00-M013D05-905.0-sum	MISC	M013S00	M013D05	905.0	
M013S00-M013D05-905.0-mean	MISC	M013S00	M013D05	905.0	ps
M013S00-M013D05-905.0-variance	MISC	M013S00	M013D05	905.0	ps^2
M013S01-M013D00-690.0-sum	MISC	M013S01	M013D00	690.0	
M013S01-M013D00-690.0-mean	MISC	M013S01	M013D00	690.0	ps
M013S01-M013D00-690.0-variance	MISC	M013S01	M013D00	690.0	ps^2
M013S01-M013D00-905.0-sum	MISC	M013S01	M013D00	905.0	
M013S01-M013D00-905.0-mean	MISC	M013S01	M013D00	905.0	ps
M013S01-M013D00-905.0-variance	MISC	M013S01	M013D00	905.0	ps^2
M013S01-M013D01-690.0-sum	MISC	M013S01	M013D01	690.0	
M013S01-M013D01-690.0-mean	MISC	M013S01	M013D01	690.0	ps
M013S01-M013D01-690.0-variance	MISC	M013S01	M013D01	690.0	ps^2
M013S01-M013D01-905.0-sum	MISC	M013S01	M013D01	905.0	
M013S01-M013D01-905.0-mean	MISC	M013S01	M013D01	905.0	ps
M013S01-M013D01-905.0-variance	MISC	M013S01	M013D01	905.0	ps^2
M013S01-M013D02-690.0-sum	MISC	M013S01	M013D02	690.0	
M013S01-M013D02-690.0-mean	MISC	M013S01	M013D02	690.0	ps
M013S01-M013D02-690.0-variance	MISC	M013S01	M013D02	690.0	ps^2
M013S01-M013D02-905.0-sum	MISC	M013S01	M013D02	905.0	
M013S01-M013D02-905.0-mean	MISC	M013S01	M013D02	905.0	ps
M013S01-M013D02-905.0-variance	MISC	M013S01	M013D02	905.0	ps^2
M013S01-M013D03-690.0-sum	MISC	M013S01	M013D03	690.0	
M013S01-M013D03-690.0-mean	MISC	M013S01	M013D03	690.0	ps
M013S01-M013D03-690.0-variance	MISC	M013S01	M013D03	690.0	ps^2
M013S01-M013D03-905.0-sum	MISC	M013S01	M013D03	905.0	
M013S01-M013D03-905.0-mean	MISC	M013S01	M013D03	905.0	ps
M013S01-M013D03-905.0-variance	MISC	M013S01	M013D03	905.0	ps^2
M013S01-M017D02-690.0-sum	MISC	M013S01	M017D02	690.0	
M013S01-M017D02-690.0-mean	MISC	M013S01	M017D02	690.0	ps
M013S01-M017D02-690.0-variance	MISC	M013S01	M017D02	690.0	ps^2
M013S01-M017D02-905.0-sum	MISC	M013S01	M017D02	905.0	
M013S01-M017D02-905.0-mean	MISC	M013S01	M017D02	905.0	ps
M013S01-M017D02-905.0-variance	MISC	M013S01	M017D02	905.0	ps^2
M013S01-M017D03-690.0-sum	MISC	M013S01	M017D03	690.0	
M013S01-M017D03-690.0-mean	MISC	M013S01	M017D03	690.0	ps
M013S01-M017D03-690.0-variance	MISC	M013S01	M017D03	690.0	ps^2
M013S01-M017D03-905.0-sum	MISC	M013S01	M017D03	905.0	
M013S01-M017D03-905.0-mean	MISC	M013S01	M017D03	905.0	ps
M013S01-M017D03-905.0-variance	MISC	M013S01	M017D03	905.0	ps^2
M013S01-M021D04-690.0-sum	MISC	M013S01	M021D04	690.0	
M013S01-M021D04-690.0-mean	MISC	M013S01	M021D04	690.0	ps
M013S01-M021D04-690.0-variance	MISC	M013S01	M021D04	690.0	ps^2
M013S01-M021D04-905.0-sum	MISC	M013S01	M021D04	905.0	
M013S01-M021D04-905.0-mean	MISC	M013S01	M021D04	905.0	ps
M013S01-M021D04-905.0-variance	MISC	M013S01	M021D04	905.0	ps^2
M013S01-M021D05-690.0-sum	MISC	M013S01	M021D05	690.0	
M013S01-M021D05-690.0-mean	MISC	M013S01	M021D05	690.0	ps
M013S01-M021D05-690.0-variance	MISC	M013S01	M021D05	690.0	ps^2
M013S01-M021D05-905.0-sum	MISC	M013S01	M021D05	905.0	
M013S01-M021D05-905.0-mean	MISC	M013S01	M021D05	905.0	ps
M013S01-M021D05-905.0-variance	MISC	M013S01	M021D05	905.0	ps^2
M013S02-M011D02-690.0-sum	MISC	M013S02	M011D02	690.0	
M013S02-M011D02-690.0-mean	MISC	M013S02	M011D02	690.0	ps
M013S02-M011D02-690.0-variance	MISC	M013S02	M011D02	690.0	ps^2
M013S02-M011D02-905.0-sum	MISC	M013S02	M011D02	905.0	
M013S02-M011D02-905.0-mean	MISC	M013S02	M011D02	905.0	ps
M013S02-M011D02-905.0-variance	MISC	M013S02	M011D02	905.0	ps^2
M013S02-M011D03-690.0-sum	MISC	M013S02	M011D03	690.0	
M013S02-M011D03-690.0-mean	MISC	M013S02	M011D03	690.0	ps
M013S02-M011D03-690.0-variance	MISC	M013S02	M011D03	690.0	ps^2
M013S02-M011D03-905.0-sum	MISC	M013S02	M011D03	905.0	
M013S02-M011D03-905.0-mean	MISC	M013S02	M011D03	905.0	ps
M013S02-M011D03-905.0-variance	MISC	M013S02	M011D03	905.0	ps^2
M013S02-M011D04-690.0-sum	MISC	M013S02	M011D04	690.0	
M013S02-M011D04-690.0-mean	MISC	M013S02	M011D04	690.0	ps
M013S02-M011D04-690.0-variance	MISC	M013S02	M011D04	690.0	ps^2
M013S02-M011D04-905.0-sum	MISC	M013S02	M011D04	905.0	
M013S02-M011D04-905.0-mean	MISC	M013S02	M011D04	905.0	ps
M013S02-M011D04-905.0-variance	MISC	M013S02	M011D04	905.0	ps^2
M013S02-M013D02-690.0-sum	MISC	M013S02	M013D02	690.0	
M013S02-M013D02-690.0-mean	MISC	M013S02	M013D02	690.0	ps
M013S02-M013D02-690.0-variance	MISC	M013S02	M013D02	690.0	ps^2
M013S02-M013D02-905.0-sum	MISC	M013S02	M013D02	905.0	
M013S02-M013D02-905.0-mean	MISC	M013S02	M013D02	905.0	ps
M013S02-M013D02-905.0-variance	MISC	M013S02	M013D02	905.0	ps^2
M013S02-M013D03-690.0-sum	MISC	M013S02	M013D03	690.0	
M013S02-M013D03-690.0-mean	MISC	M013S02	M013D03	690.0	ps
M013S02-M013D03-690.0-variance	MISC	M013S02	M013D03	690.0	ps^2
M013S02-M013D03-905.0-sum	MISC	M013S02	M013D03	905.0	
M013S02-M013D03-905.0-mean	MISC	M013S02	M013D03	905.0	ps
M013S02-M013D03-905.0-variance	MISC	M013S02	M013D03	905.0	ps^2
M013S02-M013D04-690.0-sum	MISC	M013S02	M013D04	690.0	
M013S02-M013D04-690.0-mean	MISC	M013S02	M013D04	690.0	ps
M013S02-M013D04-690.0-variance	MISC	M013S02	M013D04	690.0	ps^2
M013S02-M013D04-905.0-sum	MISC	M013S02	M013D04	905.0	
M013S02-M013D04-905.0-mean	MISC	M013S02	M013D04	905.0	ps
M013S02-M013D04-905.0-variance	MISC	M013S02	M013D04	905.0	ps^2
M013S02-M013D05-690.0-sum	MISC	M013S02	M013D05	690.0	
M013S02-M013D05-690.0-mean	MISC	M013S02	M013D05	690.0	ps
M013S02-M013D05-690.0-variance	MISC	M013S02	M013D05	690.0	ps^2
M013S02-M013D05-905.0-sum	MISC	M013S02	M013D05	905.0	
M013S02-M013D05-905.0-mean	MISC	M013S02	M013D05	905.0	ps
M013S02-M013D05-905.0-variance	MISC	M013S02	M013D05	905.0	ps^2
M013S02-M017D01-690.0-sum	MISC	M013S02	M017D01	690.0	
M013S02-M017D01-690.0-mean	MISC	M013S02	M017D01	690.0	ps
M013S02-M017D01-690.0-variance	MISC	M013S02	M017D01	690.0	ps^2
M013S02-M017D01-905.0-sum	MISC	M013S02	M017D01	905.0	
M013S02-M017D01-905.0-mean	MISC	M013S02	M017D01	905.0	ps
M013S02-M017D01-905.0-variance	MISC	M013S02	M017D01	905.0	ps^2
M013S02-M017D02-690.0-sum	MISC	M013S02	M017D02	690.0	
M013S02-M017D02-690.0-mean	MISC	M013S02	M017D02	690.0	ps
M013S02-M017D02-690.0-variance	MISC	M013S02	M017D02	690.0	ps^2
M013S02-M017D02-905.0-sum	MISC	M013S02	M017D02	905.0	
M013S02-M017D02-905.0-mean	MISC	M013S02	M017D02	905.0	ps
M013S02-M017D02-905.0-variance	MISC	M013S02	M017D02	905.0	ps^2
M013S02-M017D03-690.0-sum	MISC	M013S02	M017D03	690.0	
M013S02-M017D03-690.0-mean	MISC	M013S02	M017D03	690.0	ps
M013S02-M017D03-690.0-variance	MISC	M013S02	M017D03	690.0	ps^2
M013S02-M017D03-905.0-sum	MISC	M013S02	M017D03	905.0	
M013S02-M017D03-905.0-mean	MISC	M013S02	M017D03	905.0	ps
M013S02-M017D03-905.0-variance	MISC	M013S02	M017D03	905.0	ps^2
M013S02-M021D04-690.0-sum	MISC	M013S02	M021D04	690.0	
M013S02-M021D04-690.0-mean	MISC	M013S02	M021D04	690.0	ps
M013S02-M021D04-690.0-variance	MISC	M013S02	M021D04	690.0	ps^2
M013S02-M021D04-905.0-sum	MISC	M013S02	M021D04	905.0	
M013S02-M021D04-905.0-mean	MISC	M013S02	M021D04	905.0	ps
M013S02-M021D04-905.0-variance	MISC	M013S02	M021D04	905.0	ps^2
M014S00-M014D00-690.0-sum	MISC	M014S00	M014D00	690.0	
M014S00-M014D00-690.0-mean	MISC	M014S00	M014D00	690.0	ps
M014S00-M014D00-690.0-variance	MISC	M014S00	M014D00	690.0	ps^2
M014S00-M014D00-905.0-sum	MISC	M014S00	M014D00	905.0	
M014S00-M014D00-905.0-mean	MISC	M014S00	M014D00	905.0	ps
M014S00-M014D00-905.0-variance	MISC	M014S00	M014D00	905.0	ps^2
M014S00-M014D01-690.0-sum	MISC	M014S00	M014D01	690.0	
M014S00-M014D01-690.0-mean	MISC	M014S00	M014D01	690.0	ps
M014S00-M014D01-690.0-variance	MISC	M014S00	M014D01	690.0	ps^2
M014S00-M014D01-905.0-sum	MISC	M014S00	M014D01	905.0	
M014S00-M014D01-905.0-mean	MISC	M014S00	M014D01	905.0	ps
M014S00-M014D01-905.0-variance	MISC	M014S00	M014D01	905.0	ps^2
M014S00-M014D02-690.0-sum	MISC	M014S00	M014D02	690.0	
M014S00-M014D02-690.0-mean	MISC	M014S00	M014D02	690.0	ps
M014S00-M014D02-690.0-variance	MISC	M014S00	M014D02	690.0	ps^2
M014S00-M014D02-905.0-sum	MISC	M014S00	M014D02	905.0	
M014S00-M014D02-905.0-mean	MISC	M014S00	M014D02	905.0	ps
M014S00-M014D02-905.0-variance	MISC	M014S00	M014D02	905.0	ps^2
M014S00-M014D03-690.0-sum	MISC	M014S00	M014D03	690.0	
M014S00-M014D03-690.0-mean	MISC	M014S00	M014D03	690.0	ps
M014S00-M014D03-690.0-variance	MISC	M014S00	M014D03	690.0	ps^2
M014S00-M014D03-905.0-sum	MISC	M014S00	M014D03	905.0	
M014S00-M014D03-905.0-mean	MISC	M014S00	M014D03	905.0	ps
M014S00-M014D03-905.0-variance	MISC	M014S00	M014D03	905.0	ps^2
M014S00-M014D04-690.0-sum	MISC	M014S00	M014D04	690.0	
M014S00-M014D04-690.0-mean	MISC	M014S00	M014D04	690.0	ps
M014S00-M014D04-690.0-variance	MISC	M014S00	M014D04	690.0	ps^2
M014S00-M014D04-905.0-sum	MISC	M014S00	M014D04	905.0	
M014S00-M014D04-905.0-mean	MISC	M014S00	M014D04	905.0	ps
M014S00-M014D04-905.0-variance	MISC	M014S00	M014D04	905.0	ps^2
M014S00-M014D05-690.0-sum	MISC	M014S00	M014D05	690.0	
M014S00-M014D05-690.0-mean	MISC	M014S00	M014D05	690.0	ps
M014S00-M014D05-690.0-variance	MISC	M014S00	M014D05	690.0	ps^2
M014S00-M014D05-905.0-sum	MISC	M014S00	M014D05	905.0	
M014S00-M014D05-905.0-mean	MISC	M014S00	M014D05	905.0	ps
M014S00-M014D05-905.0-variance	MISC	M014S00	M014D05	905.0	ps^2
M014S00-M024D00-690.0-sum	MISC	M014S00	M024D00	690.0	
M014S00-M024D00-690.0-mean	MISC	M014S00	M024D00	690.0	ps
M014S00-M024D00-690.0-variance	MISC	M014S00	M024D00	690.0	ps^2
M014S00-M024D00-905.0-sum	MISC	M014S00	M024D00	905.0	
M014S00-M024D00-905.0-mean	MISC	M014S00	M024D00	905.0	ps
M014S00-M024D00-905.0-variance	MISC	M014S00	M024D00	905.0	ps^2
M014S00-M024D01-690.0-sum	MISC	M014S00	M024D01	690.0	
M014S00-M024D01-690.0-mean	MISC	M014S00	M024D01	690.0	ps
M014S00-M024D01-690.0-variance	MISC	M014S00	M024D01	690.0	ps^2
M014S00-M024D01-905.0-sum	MISC	M014S00	M024D01	905.0	
M014S00-M024D01-905.0-mean	MISC	M014S00	M024D01	905.0	ps
M014S00-M024D01-905.0-variance	MISC	M014S00	M024D01	905.0	ps^2
M014S01-M006D02-690.0-sum	MISC	M014S01	M006D02	690.0	
M014S01-M006D02-690.0-mean	MISC	M014S01	M006D02	690.0	ps
M014S01-M006D02-690.0-variance	MISC	M014S01	M006D02	690.0	ps^2
M014S01-M006D02-905.0-sum	MISC	M014S01	M006D02	905.0	
M014S01-M006D02-905.0-mean	MISC	M014S01	M006D02	905.0	ps
M014S01-M006D02-905.0-variance	MISC	M014S01	M006D02	905.0	ps^2
M014S01-M006D03-690.0-sum	MISC	M014S01	M006D03	690.0	
M014S01-M006D03-690.0-mean	MISC	M014S01	M006D03	690.0	ps
M014S01-M006D03-690.0-variance	MISC	M014S01	M006D03	690.0	ps^2
M014S01-M006D03-905.0-sum	MISC	M014S01	M006D03	905.0	
M014S01-M006D03-905.0-mean	MISC	M014S01	M006D03	905.0	ps
M014S01-M006D03-905.0-variance	MISC	M014S01	M006D03	905.0	ps^2
M014S01-M006D04-690.0-sum	MISC	M014S01	M006D04	690.0	
M014S01-M006D04-690.0-mean	MISC	M014S01	M006D04	690.0	ps
M014S01-M006D04-690.0-variance	MISC	M014S01	M006D04	690.0	ps^2
M014S01-M006D04-905.0-sum	MISC	M014S01	M006D04	905.0	
M014S01-M006D04-905.0-mean	MISC	M014S01	M006D04	905.0	ps
M014S01-M006D04-905.0-variance	MISC	M014S01	M006D04	905.0	ps^2
M014S01-M006D05-690.0-sum	MISC	M014S01	M006D05	690.0	
M014S01-M006D05-690.0-mean	MISC	M014S01	M006D05	690.0	ps
M014S01-M006D05-690.0-variance	MISC	M014S01	M006D05	690.0	ps^2
M014S01-M006D05-905.0-sum	MISC	M014S01	M006D05	905.0	
M014S01-M006D05-905.0-mean	MISC	M014S01	M006D05	905.0	ps
M014S01-M006D05-905.0-variance	MISC	M014S01	M006D05	905.0	ps^2
M014S01-M008D01-690.0-sum	MISC	M014S01	M008D01	690.0	
M014S01-M008D01-690.0-mean	MISC	M014S01	M008D01	690.0	ps
M014S01-M008D01-690.0-variance	MISC	M014S01	M008D01	690.0	ps^2
M014S01-M008D01-905.0-sum	MISC	M014S01	M008D01	905.0	
M014S01-M008D01-905.0-mean	MISC	M014S01	M008D01	905.0	ps
M014S01-M008D01-905.0-variance	MISC	M014S01	M008D01	905.0	ps^2
M014S01-M008D02-690.0-sum	MISC	M014S01	M008D02	690.0	
M014S01-M008D02-690.0-mean	MISC	M014S01	M008D02	690.0	ps
M014S01-M008D02-690.0-variance	MISC	M014S01	M008D02	690.0	ps^2
M014S01-M008D02-905.0-sum	MISC	M014S01	M008D02	905.0	
M014S01-M008D02-905.0-mean	MISC	M014S01	M008D02	905.0	ps
M014S01-M008D02-905.0-variance	MISC	M014S01	M008D02	905.0	ps^2
M014S01-M008D03-690.0-sum	MISC	M014S01	M008D03	690.0	
M014S01-M008D03-690.0-mean	MISC	M014S01	M008D03	690.0	ps
M014S01-M008D03-690.0-variance	MISC	M014S01	M008D03	690.0	ps^2
M014S01-M008D03-905.0-sum	MISC	M014S01	M008D03	905.0	
M014S01-M008D03-905.0-mean	MISC	M014S01	M008D03	905.0	ps
M014S01-M008D03-905.0-variance	MISC	M014S01	M008D03	905.0	ps^2
M014S01-M014D00-690.0-sum	MISC	M014S01	M014D00	690.0	
M014S01-M014D00-690.0-mean	MISC	M014S01	M014D00	690.0	ps
M014S01-M014D00-690.0-variance	MISC	M014S01	M014D00	690.0	ps^2
M014S01-M014D00-905.0-sum	MISC	M014S01	M014D00	905.0	
M014S01-M014D00-905.0-mean	MISC	M014S01	M014D00	905.0	ps
M014S01-M014D00-905.0-variance	MISC	M014S01	M014D00	905.0	ps^2
M014S01-M014D01-690.0-sum	MISC	M014S01	M014D01	690.0	
M014S01-M014D01-690.0-mean	MISC	M014S01	M014D01	690.0	ps
M014S01-M014D01-690.0-variance	MISC	M014S01	M014D01	690.0	ps^2
M014S01-M014D01-905.0-sum	MISC	M014S01	M014D01	905.0	
M014S01-M014D01-905.0-mean	MISC	M014S01	M014D01	905.0	ps
M014S01-M014D01-905.0-variance	MISC	M014S01	M014D01	905.0	ps^2
M014S01-M014D02-690.0-sum	MISC	M014S01	M014D02	690.0	
M014S01-M014D02-690.0-mean	MISC	M014S01	M014D02	690.0	ps
M014S01-M014D02-690.0-variance	MISC	M014S01	M014D02	690.0	ps^2
M014S01-M014D02-905.0-sum	MISC	M014S01	M014D02	905.0	
M014S01-M014D02-905.0-mean	MISC	M014S01	M014D02	905.0	ps
M014S01-M014D02-905.0-variance	MISC	M014S01	M014D02	905.0	ps^2
M014S01-M014D03-690.0-sum	MISC	M014S01	M014D03	690.0	
M014S01-M014D03-690.0-mean	MISC	M014S01	M014D03	690.0	ps
M014S01-M014D03-690.0-variance	MISC	M014S01	M014D03	690.0	ps^2
M014S01-M014D03-905.0-sum	MISC	M014S01	M014D03	905.0	
M014S01-M014D03-905.0-mean	MISC	M014S01	M014D03	905.0	ps
M014S01-M014D03-905.0-variance	MISC	M014S01	M014D03	905.0	ps^2
M014S01-M014D04-690.0-sum	MISC	M014S01	M014D04	690.0	
M014S01-M014D04-690.0-mean	MISC	M014S01	M014D04	690.0	ps
M014S01-M014D04-690.0-variance	MISC	M014S01	M014D04	690.0	ps^2
M014S01-M014D04-905.0-sum	MISC	M014S01	M014D04	905.0	
M014S01-M014D04-905.0-mean	MISC	M014S01	M014D04	905.0	ps
M014S01-M014D04-905.0-variance	MISC	M014S01	M014D04	905.0	ps^2
M014S01-M014D05-690.0-sum	MISC	M014S01	M014D05	690.0	
M014S01-M014D05-690.0-mean	MISC	M014S01	M014D05	690.0	ps
M014S01-M014D05-690.0-variance	MISC	M014S01	M014D05	690.0	ps^2
M014S01-M014D05-905.0-sum	MISC	M014S01	M014D05	905.0	
M014S01-M014D05-905.0-mean	MISC	M014S01	M014D05	905.0	ps
M014S01-M014D05-905.0-variance	MISC	M014S01	M014D05	905.0	ps^2
M014S01-M018D04-690.0-sum	MISC	M014S01	M018D04	690.0	
M014S01-M018D04-690.0-mean	MISC	M014S01	M018D04	690.0	ps
M014S01-M018D04-690.0-variance	MISC	M014S01	M018D04	690.0	ps^2
M014S01-M018D04-905.0-sum	MISC	M014S01	M018D04	905.0	
M014S01-M018D04-905.0-mean	MISC	M014S01	M018D04	905.0	ps
M014S01-M018D04-905.0-variance	MISC	M014S01	M018D04	905.0	ps^2
M014S02-M014D00-690.0-sum	MISC	M014S02	M014D00	690.0	
M014S02-M014D00-690.0-mean	MISC	M014S02	M014D00	690.0	ps
M014S02-M014D00-690.0-variance	MISC	M014S02	M014D00	690.0	ps^2
M014S02-M014D00-905.0-sum	MISC	M014S02	M014D00	905.0	
M014S02-M014D00-905.0-mean	MISC	M014S02	M014D00	905.0	ps
M014S02-M014D00-905.0-variance	MISC	M014S02	M014D00	905.0	ps^2
M014S02-M014D01-690.0-sum	MISC	M014S02	M014D01	690.0	
M014S02-M014D01-690.0-mean	MISC	M014S02	M014D01	690.0	ps
M014S02-M014D01-690.0-variance	MISC	M014S02	M014D01	690.0	ps^2
M014S02-M014D01-905.0-sum	MISC	M014S02	M014D01	905.0	
M014S02-M014D01-905.0-mean	MISC	M014S02	M014D01	905.0	ps
M014S02-M014D01-905.0-variance	MISC	M014S02	M014D01	905.0	ps^2
M014S02-M014D02-690.0-sum	MISC	M014S02	M014D02	690.0	
M014S02-M014D02-690.0-mean	MISC	M014S02	M014D02	690.0	ps
M014S02-M014D02-690.0-variance	MISC	M014S02	M014D02	690.0	ps^2
M014S02-M014D02-905.0-sum	MISC	M014S02	M014D02	905.0	
M014S02-M014D02-905.0-mean	MISC	M014S02	M014D02	905.0	ps
M014S02-M014D02-905.0-variance	MISC	M014S02	M014D02	905.0	ps^2
M014S02-M014D03-690.0-sum	MISC	M014S02	M014D03	690.0	
M014S02-M014D03-690.0-mean	MISC	M014S02	M014D03	690.0	ps
M014S02-M014D03-690.0-variance	MISC	M014S02	M014D03	690.0	ps^2
M014S02-M014D03-905.0-sum	MISC	M014S02	M014D03	905.0	
M014S02-M014D03-905.0-mean	MISC	M014S02	M014D03	905.0	ps
M014S02-M014D03-905.0-variance	MISC	M014S02	M014D03	905.0	ps^2
M014S02-M014D04-690.0-sum	MISC	M014S02	M014D04	690.0	
M014S02-M014D04-690.0-mean	MISC	M014S02	M014D04	690.0	ps
M014S02-M014D04-690.0-variance	MISC	M014S02	M014D04	690.0	ps^2
M014S02-M014D04-905.0-sum	MISC	M014S02	M014D04	905.0	
M014S02-M014D04-905.0-mean	MISC	M014S02	M014D04	905.0	ps
M014S02-M014D04-905.0-variance	MISC	M014S02	M014D04	905.0	ps^2
M014S02-M014D05-690.0-sum	MISC	M014S02	M014D05	690.0	
M014S02-M014D05-690.0-mean	MISC	M014S02	M014D05	690.0	ps
M014S02-M014D05-690.0-variance	MISC	M014S02	M014D05	690.0	ps^2
M014S02-M014D05-905.0-sum	MISC	M014S02	M014D05	905.0	
M014S02-M014D05-905.0-mean	MISC	M014S02	M014D05	905.0	ps
M014S02-M014D05-905.0-variance	MISC	M014S02	M014D05	905.0	ps^2
M014S02-M018D03-690.0-sum	MISC	M014S02	M018D03	690.0	
M014S02-M018D03-690.0-mean	MISC	M014S02	M018D03	690.0	ps
M014S02-M018D03-690.0-variance	MISC	M014S02	M018D03	690.0	ps^2
M014S02-M018D03-905.0-sum	MISC	M014S02	M018D03	905.0	
M014S02-M018D03-905.0-mean	MISC	M014S02	M018D03	905.0	ps
M014S02-M018D03-905.0-variance	MISC	M014S02	M018D03	905.0	ps^2
M014S02-M018D04-690.0-sum	MISC	M014S02	M018D04	690.0	
M014S02-M018D04-690.0-mean	MISC	M014S02	M018D04	690.0	ps
M014S02-M018D04-690.0-variance	MISC	M014S02	M018D04	690.0	ps^2
M014S02-M018D04-905.0-sum	MISC	M014S02	M018D04	905.0	
M014S02-M018D04-905.0-mean	MISC	M014S02	M018D04	905.0	ps
M014S02-M018D04-905.0-variance	MISC	M014S02	M018D04	905.0	ps^2
M014S02-M018D05-690.0-sum	MISC	M014S02	M018D05	690.0	
M014S02-M018D05-690.0-mean	MISC	M014S02	M018D05	690.0	ps
M014S02-M018D05-690.0-variance	MISC	M014S02	M018D05	690.0	ps^2
M014S02-M018D05-905.0-sum	MISC	M014S02	M018D05	905.0	
M014S02-M018D05-905.0-mean	MISC	M014S02	M018D05	905.0	ps
M014S02-M018D05-905.0-variance	MISC	M014S02	M018D05	905.0	ps^2
M014S02-M024D00-690.0-sum	MISC	M014S02	M024D00	690.0	
M014S02-M024D00-690.0-mean	MISC	M014S02	M024D00	690.0	ps
M014S02-M024D00-690.0-variance	MISC	M014S02	M024D00	690.0	ps^2
M014S02-M024D00-905.0-sum	MISC	M014S02	M024D00	905.0	
M014S02-M024D00-905.0-mean	MISC	M014S02	M024D00	905.0	ps
M014S02-M024D00-905.0-variance	MISC	M014S02	M024D00	905.0	ps^2
M014S02-M024D01-690.0-sum	MISC	M014S02	M024D01	690.0	
M014S02-M024D01-690.0-mean	MISC	M014S02	M024D01	690.0	ps
M014S02-M024D01-690.0-variance	MISC	M014S02	M024D01	690.0	ps^2
M014S02-M024D01-905.0-sum	MISC	M014S02	M024D01	905.0	
M014S02-M024D01-905.0-mean	MISC	M014S02	M024D01	905.0	ps
M014S02-M024D01-905.0-variance	MISC	M014S02	M024D01	905.0	ps^2
M014S02-M024D02-690.0-sum	MISC	M014S02	M024D02	690.0	
M014S02-M024D02-690.0-mean	MISC	M014S02	M024D02	690.0	ps
M014S02-M024D02-690.0-variance	MISC	M014S02	M024D02	690.0	ps^2
M014S02-M024D02-905.0-sum	MISC	M014S02	M024D02	905.0	
M014S02-M024D02-905.0-mean	MISC	M014S02	M024D02	905.0	ps
M014S02-M024D02-905.0-variance	MISC	M014S02	M024D02	905.0	ps^2
M015S00-M007D00-690.0-sum	MISC	M015S00	M007D00	690.0	
M015S00-M007D00-690.0-mean	MISC	M015S00	M007D00	690.0	ps
M015S00-M007D00-690.0-variance	MISC	M015S00	M007D00	690.0	ps^2
M015S00-M007D00-905.0-sum	MISC	M015S00	M007D00	905.0	
M015S00-M007D00-905.0-mean	MISC	M015S00	M007D00	905.0	ps
M015S00-M007D00-905.0-variance	MISC	M015S00	M007D00	905.0	ps^2
M015S00-M007D01-690.0-sum	MISC	M015S00	M007D01	690.0	
M015S00-M007D01-690.0-mean	MISC	M015S00	M007D01	690.0	ps
M015S00-M007D01-690.0-variance	MISC	M015S00	M007D01	690.0	ps^2
M015S00-M007D01-905.0-sum	MISC	M015S00	M007D01	905.0	
M015S00-M007D01-905.0-mean	MISC	M015S00	M007D01	905.0	ps
M015S00-M007D01-905.0-variance	MISC	M015S00	M007D01	905.0	ps^2
M015S00-M015D00-690.0-sum	MISC	M015S00	M015D00	690.0	
M015S00-M015D00-690.0-mean	MISC	M015S00	M015D00	690.0	ps
M015S00-M015D00-690.0-variance	MISC	M015S00	M015D00	690.0	ps^2
M015S00-M015D00-905.0-sum	MISC	M015S00	M015D00	905.0	
M015S00-M015D00-905.0-mean	MISC	M015S00	M015D00	905.0	ps
M015S00-M015D00-905.0-variance	MISC	M015S00	M015D00	905.0	ps^2
M015S00-M015D01-690.0-sum	MISC	M015S00	M015D01	690.0	
M015S00-M015D01-690.0-mean	MISC	M015S00	M015D01	690.0	ps
M015S00-M015D01-690.0-variance	MISC	M015S00	M015D01	690.0	ps^2
M015S00-M015D01-905.0-sum	MISC	M015S00	M015D01	905.0	
M015S00-M015D01-905.0-mean	MISC	M015S00	M015D01	905.0	ps
M015S00-M015D01-905.0-variance	MISC	M015S00	M015D01	905.0	ps^2
M015S00-M015D02-690.0-sum	MISC	M015S00	M015D02	690.0	
M015S00-M015D02-690.0-mean	MISC	M015S00	M015D02	690.0	ps
M015S00-M015D02-690.0-variance	MISC	M015S00	M015D02	690.0	ps^2
M015S00-M015D02-905.0-sum	MISC	M015S00	M015D02	905.0	
M015S00-M015D02-905.0-mean	MISC	M015S00	M015D02	905.0	ps
M015S00-M015D02-905.0-variance	MISC	M015S00	M015D02	905.0	ps^2
M015S00-M015D03-690.0-sum	MISC	M015S00	M015D03	690.0	
M015S00-M015D03-690.0-mean	MISC	M015S00	M015D03	690.0	ps
M015S00-M015D03-690.0-variance	MISC	M015S00	M015D03	690.0	ps^2
M015S00-M015D03-905.0-sum	MISC	M015S00	M015D03	905.0	
M015S00-M015D03-905.0-mean	MISC	M015S00	M015D03	905.0	ps
M015S00-M015D03-905.0-variance	MISC	M015S00	M015D03	905.0	ps^2
M015S00-M015D04-690.0-sum	MISC	M015S00	M015D04	690.0	
M015S00-M015D04-690.0-mean	MISC	M015S00	M015D04	690.0	ps
M015S00-M015D04-690.0-variance	MISC	M015S00	M015D04	690.0	ps^2
M015S00-M015D04-905.0-sum	MISC	M015S00	M015D04	905.0	
M015S00-M015D04-905.0-mean	MISC	M015S00	M015D04	905.0	ps
M015S00-M015D04-905.0-variance	MISC	M015S00	M015D04	905.0	ps^2
M015S00-M015D05-690.0-sum	MISC	M015S00	M015D05	690.0	
M015S00-M015D05-690.0-mean	MISC	M015S00	M015D05	690.0	ps
M015S00-M015D05-690.0-variance	MISC	M015S00	M015D05	690.0	ps^2
M015S00-M015D05-905.0-sum	MISC	M015S00	M015D05	905.0	
M015S00-M015D05-905.0-mean	MISC	M015S00	M015D05	905.0	ps
M015S00-M015D05-905.0-variance	MISC	M015S00	M015D05	905.0	ps^2
M015S00-M025D04-690.0-sum	MISC	M015S00	M025D04	690.0	
M015S00-M025D04-690.0-mean	MISC	M015S00	M025D04	690.0	ps
M015S00-M025D04-690.0-variance	MISC	M015S00	M025D04	690.0	ps^2
M015S00-M025D04-905.0-sum	MISC	M015S00	M025D04	905.0	
M015S00-M025D04-905.0-mean	MISC	M015S00	M025D04	905.0	ps
M015S00-M025D04-905.0-variance	MISC	M015S00	M025D04	905.0	ps^2
M015S01-M015D00-690.0-sum	MISC	M015S01	M015D00	690.0	
M015S01-M015D00-690.0-mean	MISC	M015S01	M015D00	690.0	ps
M015S01-M015D00-690.0-variance	MISC	M015S01	M015D00	690.0	ps^2
M015S01-M015D00-905.0-sum	MISC	M015S01	M015D00	905.0	
M015S01-M015D00-905.0-mean	MISC	M015S01	M015D00	905.0	ps
M015S01-M015D00-905.0-variance	MISC	M015S01	M015D00	905.0	ps^2
M015S01-M015D01-690.0-sum	MISC	M015S01	M015D01	690.0	
M015S01-M015D01-690.0-mean	MISC	M015S01	M015D01	690.0	ps
M015S01-M015D01-690.0-variance	MISC	M015S01	M015D01	690.0	ps^2
M015S01-M015D01-905.0-sum	MISC	M015S01	M015D01	905.0	
M015S01-M015D01-905.0-mean	MISC	M015S01	M015D01	905.0	ps
M015S01-M015D01-905.0-variance	MISC	M015S01	M015D01	905.0	ps^2
M015S01-M015D02-690.0-sum	MISC	M015S01	M015D02	690.0	
M015S01-M015D02-690.0-mean	MISC	M015S01	M015D02	690.0	ps
M015S01-M015D02-690.0-variance	MISC	M015S01	M015D02	690.0	ps^2
M015S01-M015D02-905.0-sum	MISC	M015S01	M015D02	905.0	
M015S01-M015D02-905.0-mean	MISC	M015S01	M015D02	905.0	ps
M015S01-M015D02-905.0-variance	MISC	M015S01	M015D02	905.0	ps^2
M015S01-M015D03-690.0-sum	MISC	M015S01	M015D03	690.0	
M015S01-M015D03-690.0-mean	MISC	M015S01	M015D03	690.0	ps
M015S01-M015D03-690.0-variance	MISC	M015S01	M015D03	690.0	ps^2
M015S01-M015D03-905.0-sum	MISC	M015S01	M015D03	905.0	
M015S01-M015D03-905.0-mean	MISC	M015S01	M015D03	905.0	ps
M015S01-M015D03-905.0-variance	MISC	M015S01	M015D03	905.0	ps^2
M015S01-M015D04-690.0-sum	MISC	M015S01	M015D04	690.0	
M015S01-M015D04-690.0-mean	MISC	M015S01	M015D04	690.0	ps
M015S01-M015D04-690.0-variance	MISC	M015S01	M015D04	690.0	ps^2
M015S01-M015D04-905.0-sum	MISC	M015S01	M015D04	905.0	
M015S01-M015D04-905.0-mean	MISC	M015S01	M015D04	905.0	ps
M015S01-M015D04-905.0-variance	MISC	M015S01	M015D04	905.0	ps^2
M015S01-M015D05-690.0-sum	MISC	M015S01	M015D05	690.0	
M015S01-M015D05-690.0-mean	MISC	M015S01	M015D05	690.0	ps
M015S01-M015D05-690.0-variance	MISC	M015S01	M015D05	690.0	ps^2
M015S01-M015D05-905.0-sum	MISC	M015S01	M015D05	905.0	
M015S01-M015D05-905.0-mean	MISC	M015S01	M015D05	905.0	ps
M015S01-M015D05-905.0-variance	MISC	M015S01	M015D05	905.0	ps^2
M015S01-M019D00-690.0-sum	MISC	M015S01	M019D00	690.0	
M015S01-M019D00-690.0-mean	MISC	M015S01	M019D00	690.0	ps
M015S01-M019D00-690.0-variance	MISC	M015S01	M019D00	690.0	ps^2
M015S01-M019D00-905.0-sum	MISC	M015S01	M019D00	905.0	
M015S01-M019D00-905.0-mean	MISC	M015S01	M019D00	905.0	ps
M015S01-M019D00-905.0-variance	MISC	M015S01	M019D00	905.0	ps^2
M015S01-M019D01-690.0-sum	MISC	M015S01	M019D01	690.0	
M015S01-M019D01-690.0-mean	MISC	M015S01	M019D01	690.0	ps
M015S01-M019D01-690.0-variance	MISC	M015S01	M019D01	690.0	ps^2
M015S01-M019D01-905.0-sum	MISC	M015S01	M019D01	905.0	
M015S01-M019D01-905.0-mean	MISC	M015S01	M019D01	905.0	ps
M015S01-M019D01-905.0-variance	MISC	M015S01	M019D01	905.0	ps^2
M015S01-M019D02-690.0-sum	MISC	M015S01	M019D02	690.0	
M015S01-M019D02-690.0-mean	MISC	M015S01	M019D02	690.0	ps
M015S01-M019D02-690.0-variance	MISC	M015S01	M019D02	690.0	ps^2
M015S01-M019D02-905.0-sum	MISC	M015S01	M019D02	905.0	
M015S01-M019D02-905.0-mean	MISC	M015S01	M019D02	905.0	ps
M015S01-M019D02-905.0-variance	MISC	M015S01	M019D02	905.0	ps^2
M015S01-M025D04-690.0-sum	MISC	M015S01	M025D04	690.0	
M015S01-M025D04-690.0-mean	MISC	M015S01	M025D04	690.0	ps
M015S01-M025D04-690.0-variance	MISC	M015S01	M025D04	690.0	ps^2
M015S01-M025D04-905.0-sum	MISC	M015S01	M025D04	905.0	
M015S01-M025D04-905.0-mean	MISC	M015S01	M025D04	905.0	ps
M015S01-M025D04-905.0-variance	MISC	M015S01	M025D04	905.0	ps^2
M015S02-M007D00-690.0-sum	MISC	M015S02	M007D00	690.0	
M015S02-M007D00-690.0-mean	MISC	M015S02	M007D00	690.0	ps
M015S02-M007D00-690.0-variance	MISC	M015S02	M007D00	690.0	ps^2
M015S02-M007D00-905.0-sum	MISC	M015S02	M007D00	905.0	
M015S02-M007D00-905.0-mean	MISC	M015S02	M007D00	905.0	ps
M015S02-M007D00-905.0-variance	MISC	M015S02	M007D00	905.0	ps^2
M015S02-M007D01-690.0-sum	MISC	M015S02	M007D01	690.0	
M015S02-M007D01-690.0-mean	MISC	M015S02	M007D01	690.0	ps
M015S02-M007D01-690.0-variance	MISC	M015S02	M007D01	690.0	ps^2
M015S02-M007D01-905.0-sum	MISC	M015S02	M007D01	905.0	
M015S02-M007D01-905.0-mean	MISC	M015S02	M007D01	905.0	ps
M015S02-M007D01-905.0-variance	MISC	M015S02	M007D01	905.0	ps^2
M015S02-M007D02-690.0-sum	MISC	M015S02	M007D02	690.0	
M015S02-M007D02-690.0-mean	MISC	M015S02	M007D02	690.0	ps
M015S02-M007D02-690.0-variance	MISC	M015S02	M007D02	690.0	ps^2
M015S02-M007D02-905.0-sum	MISC	M015S02	M007D02	905.0	
M015S02-M007D02-905.0-mean	MISC	M015S02	M007D02	905.0	ps
M015S02-M007D02-905.0-variance	MISC	M015S02	M007D02	905.0	ps^2
M015S02-M007D03-690.0-sum	MISC	M015S02	M007D03	690.0	
M015S02-M007D03-690.0-mean	MISC	M015S02	M007D03	690.0	ps
M015S02-M007D03-690.0-variance	MISC	M015S02	M007D03	690.0	ps^2
M015S02-M007D03-905.0-sum	MISC	M015S02	M007D03	905.0	
M015S02-M007D03-905.0-mean	MISC	M015S02	M007D03	905.0	ps
M015S02-M007D03-905.0-variance	MISC	M015S02	M007D03	905.0	ps^2
M015S02-M009D02-690.0-sum	MISC	M015S02	M009D02	690.0	
M015S02-M009D02-690.0-mean	MISC	M015S02	M009D02	690.0	ps
M015S02-M009D02-690.0-variance	MISC	M015S02	M009D02	690.0	ps^2
M015S02-M009D02-905.0-sum	MISC	M015S02	M009D02	905.0	
M015S02-M009D02-905.0-mean	MISC	M015S02	M009D02	905.0	ps
M015S02-M009D02-905.0-variance	MISC	M015S02	M009D02	905.0	ps^2
M015S02-M009D03-690.0-sum	MISC	M015S02	M009D03	690.0	
M015S02-M009D03-690.0-mean	MISC	M015S02	M009D03	690.0	ps
M015S02-M009D03-690.0-variance	MISC	M015S02	M009D03	690.0	ps^2
M015S02-M009D03-905.0-sum	MISC	M015S02	M009D03	905.0	
M015S02-M009D03-905.0-mean	MISC	M015S02	M009D03	905.0	ps
M015S02-M009D03-905.0-variance	MISC	M015S02	M009D03	905.0	ps^2
M015S02-M009D04-690.0-sum	MISC	M015S02	M009D04	690.0	
M015S02-M009D04-690.0-mean	MISC	M015S02	M009D04	690.0	ps
M015S02-M009D04-690.0-variance	MISC	M015S02	M009D04	690.0	ps^2
M015S02-M009D04-905.0-sum	MISC	M015S02	M009D04	905.0	
M015S02-M009D04-905.0-mean	MISC	M015S02	M009D04	905.0	ps
M015S02-M009D04-905.0-variance	MISC	M015S02	M009D04	905.0	ps^2
M015S02-M015D00-690.0-sum	MISC	M015S02	M015D00	690.0	
M015S02-M015D00-690.0-mean	MISC	M015S02	M015D00	690.0	ps
M015S02-M015D00-690.0-variance	MISC	M015S02	M015D00	690.0	ps^2
M015S02-M015D00-905.0-sum	MISC	M015S02	M015D00	905.0	
M015S02-M015D00-905.0-mean	MISC	M015S02	M015D00	905.0	ps
M015S02-M015D00-905.0-variance	MISC	M015S02	M015D00	905.0	ps^2
M015S02-M015D01-690.0-sum	MISC	M015S02	M015D01	690.0	
M015S02-M015D01-690.0-mean	MISC	M015S02	M015D01	690.0	ps
M015S02-M015D01-690.0-variance	MISC	M015S02	M015D01	690.0	ps^2
M015S02-M015D01-905.0-sum	MISC	M015S02	M015D01	905.0	
M015S02-M015D01-905.0-mean	MISC	M015S02	M015D01	905.0	ps
M015S02-M015D01-905.0-variance	MISC	M015S02	M015D01	905.0	ps^2
M015S02-M015D02-690.0-sum	MISC	M015S02	M015D02	690.0	
M015S02-M015D02-690.0-mean	MISC	M015S02	M015D02	690.0	ps
M015S02-M015D02-690.0-variance	MISC	M015S02	M015D02	690.0	ps^2
M015S02-M015D02-905.0-sum	MISC	M015S02	M015D02	905.0	
M015S02-M015D02-905.0-mean	MISC	M015S02	M015D02	905.0	ps
M015S02-M015D02-905.0-variance	MISC	M015S02	M015D02	905.0	ps^2
M015S02-M015D03-690.0-sum	MISC	M015S02	M015D03	690.0	
M015S02-M015D03-690.0-mean	MISC	M015S02	M015D03	690.0	ps
M015S02-M015D03-690.0-variance	MISC	M015S02	M015D03	690.0	ps^2
M015S02-M015D03-905.0-sum	MISC	M015S02	M015D03	905.0	
M015S02-M015D03-905.0-mean	MISC	M015S02	M015D03	905.0	ps
M015S02-M015D03-905.0-variance	MISC	M015S02	M015D03	905.0	ps^2
M015S02-M015D04-690.0-sum	MISC	M015S02	M015D04	690.0	
M015S02-M015D04-690.0-mean	MISC	M015S02	M015D04	690.0	ps
M015S02-M015D04-690.0-variance	MISC	M015S02	M015D04	690.0	ps^2
M015S02-M015D04-905.0-sum	MISC	M015S02	M015D04	905.0	
M015S02-M015D04-905.0-mean	MISC	M015S02	M015D04	905.0	ps
M015S02-M015D04-905.0-variance	MISC	M015S02	M015D04	905.0	ps^2
M015S02-M015D05-690.0-sum	MISC	M015S02	M015D05	690.0	
M015S02-M015D05-690.0-mean	MISC	M015S02	M015D05	690.0	ps
M015S02-M015D05-690.0-variance	MISC	M015S02	M015D05	690.0	ps^2
M015S02-M015D05-905.0-sum	MISC	M015S02	M015D05	905.0	
M015S02-M015D05-905.0-mean	MISC	M015S02	M015D05	905.0	ps
M015S02-M015D05-905.0-variance	MISC	M015S02	M015D05	905.0	ps^2
M016S00-M016D00-690.0-sum	MISC	M016S00	M016D00	690.0	
M016S00-M016D00-690.0-mean	MISC	M016S00	M016D00	690.0	ps
M016S00-M016D00-690.0-variance	MISC	M016S00	M016D00	690.0	ps^2
M016S00-M016D00-905.0-sum	MISC	M016S00	M016D00	905.0	
M016S00-M016D00-905.0-mean	MISC	M016S00	M016D00	905.0	ps
M016S00-M016D00-905.0-variance	MISC	M016S00	M016D00	905.0	ps^2
M016S00-M016D01-690.0-sum	MISC	M016S00	M016D01	690.0	
M016S00-M016D01-690.0-mean	MISC	M016S00	M016D01	690.0	ps
M016S00-M016D01-690.0-variance	MISC	M016S00	M016D01	690.0	ps^2
M016S00-M016D01-905.0-sum	MISC	M016S00	M016D01	905.0	
M016S00-M016D01-905.0-mean	MISC	M016S00	M016D01	905.0	ps
M016S00-M016D01-905.0-variance	MISC	M016S00	M016D01	905.0	ps^2
M016S00-M016D04-690.0-sum	MISC	M016S00	M016D04	690.0	
M016S00-M016D04-690.0-mean	MISC	M016S00	M016D04	690.0	ps
M016S00-M016D04-690.0-variance	MISC	M016S00	M016D04	690.0	ps^2
M016S00-M016D04-905.0-sum	MISC	M016S00	M016D04	905.0	
M016S00-M016D04-905.0-mean	MISC	M016S00	M016D04	905.0	ps
M016S00-M016D04-905.0-variance	MISC	M016S00	M016D04	905.0	ps^2
M016S00-M016D05-690.0-sum	MISC	M016S00	M016D05	690.0	
M016S00-M016D05-690.0-mean	MISC	M016S00	M016D05	690.0	ps
M016S00-M016D05-690.0-variance	MISC	M016S00	M016D05	690.0	ps^2
M016S00-M016D05-905.0-sum	MISC	M016S00	M016D05	905.0	
M016S00-M016D05-905.0-mean	MISC	M016S00	M016D05	905.0	ps
M016S00-M016D05-905.0-variance	MISC	M016S00	M016D05	905.0	ps^2
M016S00-M017D00-690.0-sum	MISC	M016S00	M017D00	690.0	
M016S00-M017D00-690.0-mean	MISC	M016S00	M017D00	690.0	ps
M016S00-M017D00-690.0-variance	MISC	M016S00	M017D00	690.0	ps^2
M016S00-M017D00-905.0-sum	MISC	M016S00	M017D00	905.0	
M016S00-M017D00-905.0-mean	MISC	M016S00	M017D00	905.0	ps
M016S00-M017D00-905.0-variance	MISC	M016S00	M017D00	905.0	ps^2
M016S00-M017D05-690.0-sum	MISC	M016S00	M017D05	690.0	
M016S00-M017D05-690.0-mean	MISC	M016S00	M017D05	690.0	ps
M016S00-M017D05-690.0-variance	MISC	M016S00	M017D05	690.0	ps^2
M016S00-M017D05-905.0-sum	MISC	M016S00	M017D05	905.0	
M016S00-M017D05-905.0-mean	MISC	M016S00	M017D05	905.0	ps
M016S00-M017D05-905.0-variance	MISC	M016S00	M017D05	905.0	ps^2
M016S01-M016D00-690.0-sum	MISC	M016S01	M016D00	690.0	
M016S01-M016D00-690.0-mean	MISC	M016S01	M016D00	690.0	ps
M016S01-M016D00-690.0-variance	MISC	M016S01	M016D00	690.0	ps^2
M016S01-M016D00-905.0-sum	MISC	M016S01	M016D00	905.0	
M016S01-M016D00-905.0-mean	MISC	M016S01	M016D00	905.0	ps
M016S01-M016D00-905.0-variance	MISC	M016S01	M016D00	905.0	ps^2
M016S01-M016D01-690.0-sum	MISC	M016S01	M016D01	690.0	
M016S01-M016D01-690.0-mean	MISC	M016S01	M016D01	690.0	ps
M016S01-M016D01-690.0-variance	MISC	M016S01	M016D01	690.0	ps^2
M016S01-M016D01-905.0-sum	MISC	M016S01	M016D01	905.0	
M016S01-M016D01-905.0-mean	MISC	M016S01	M016D01	905.0	ps
M016S01-M016D01-905.0-variance	MISC	M016S01	M016D01	905.0	ps^2
M016S01-M016D02-690.0-sum	MISC	M016S01	M016D02	690.0	
M016S01-M016D02-690.0-mean	MISC	M016S01	M016D02	690.0	ps
M016S01-M016D02-690.0-variance	MISC	M016S01	M016D02	690.0	ps^2
M016S01-M016D02-905.0-sum	MISC	M016S01	M016D02	905.0	
M016S01-M016D02-905.0-mean	MISC	M016S01	M016D02	905.0	ps
M016S01-M016D02-905.0-variance	MISC	M016S01	M016D02	905.0	ps^2
M016S01-M016D03-690.0-sum	MISC	M016S01	M016D03	690.0	
M016S01-M016D03-690.0-mean	MISC	M016S01	M016D03	690.0	ps
M016S01-M016D03-690.0-variance	MISC	M016S01	M016D03	690.0	ps^2
M016S01-M016D03-905.0-sum	MISC	M016S01	M016D03	905.0	
M016S01-M016D03-905.0-mean	MISC	M016S01	M016D03	905.0	ps
M016S01-M016D03-905.0-variance	MISC	M016S01	M016D03	905.0	ps^2
M016S01-M020D02-690.0-sum	MISC	M016S01	M020D02	690.0	
M016S01-M020D02-690.0-mean	MISC	M016S01	M020D02	690.0	ps
M016S01-M020D02-690.0-variance	MISC	M016S01	M020D02	690.0	ps^2
M016S01-M020D02-905.0-sum	MISC	M016S01	M020D02	905.0	
M016S01-M020D02-905.0-mean	MISC	M016S01	M020D02	905.0	ps
M016S01-M020D02-905.0-variance	MISC	M016S01	M020D02	905.0	ps^2
M016S01-M022D02-690.0-sum	MISC	M016S01	M022D02	690.0	
M016S01-M022D02-690.0-mean	MISC	M016S01	M022D02	690.0	ps
M016S01-M022D02-690.0-variance	MISC	M016S01	M022D02	690.0	ps^2
M016S01-M022D02-905.0-sum	MISC	M016S01	M022D02	905.0	
M016S01-M022D02-905.0-mean	MISC	M016S01	M022D02	905.0	ps
M016S01-M022D02-905.0-variance	MISC	M016S01	M022D02	905.0	ps^2
M016S01-M022D03-690.0-sum	MISC	M016S01	M022D03	690.0	
M016S01-M022D03-690.0-mean	MISC	M016S01	M022D03	690.0	ps
M016S01-M022D03-690.0-variance	MISC	M016S01	M022D03	690.0	ps^2
M016S01-M022D03-905.0-sum	MISC	M016S01	M022D03	905.0	
M016S01-M022D03-905.0-mean	MISC	M016S01	M022D03	905.0	ps
M016S01-M022D03-905.0-variance	MISC	M016S01	M022D03	905.0	ps^2
M016S02-M010D00-690.0-sum	MISC	M016S02	M010D00	690.0	
M016S02-M010D00-690.0-mean	MISC	M016S02	M010D00	690.0	ps
M016S02-M010D00-690.0-variance	MISC	M016S02	M010D00	690.0	ps^2
M016S02-M010D00-905.0-sum	MISC	M016S02	M010D00	905.0	
M016S02-M010D00-905.0-mean	MISC	M016S02	M010D00	905.0	ps
M016S02-M010D00-905.0-variance	MISC	M016S02	M010D00	905.0	ps^2
M016S02-M010D01-690.0-sum	MISC	M016S02	M010D01	690.0	
M016S02-M010D01-690.0-mean	MISC	M016S02	M010D01	690.0	ps
M016S02-M010D01-690.0-variance	MISC	M016S02	M010D01	690.0	ps^2
M016S02-M010D01-905.0-sum	MISC	M016S02	M010D01	905.0	
M016S02-M010D01-905.0-mean	MISC	M016S02	M010D01	905.0	ps
M016S02-M010D01-905.0-variance	MISC	M016S02	M010D01	905.0	ps^2
M016S02-M010D02-690.0-sum	MISC	M016S02	M010D02	690.0	
M016S02-M010D02-690.0-mean	MISC	M016S02	M010D02	690.0	ps
M016S02-M010D02-690.0-variance	MISC	M016S02	M010D02	690.0	ps^2
M016S02-M010D02-905.0-sum	MISC	M016S02	M010D02	905.0	
M016S02-M010D02-905.0-mean	MISC	M016S02	M010D02	905.0	ps
M016S02-M010D02-905.0-variance	MISC	M016S02	M010D02	905.0	ps^2
M016S02-M010D03-690.0-sum	MISC	M016S02	M010D03	690.0	
M016S02-M010D03-690.0-mean	MISC	M016S02	M010D03	690.0	ps
M016S02-M010D03-690.0-variance	MISC	M016S02	M010D03	690.0	ps^2
M016S02-M010D03-905.0-sum	MISC	M016S02	M010D03	905.0	
M016S02-M010D03-905.0-mean	MISC	M016S02	M010D03	905.0	ps
M016S02-M010D03-905.0-variance	MISC	M016S02	M010D03	905.0	ps^2
M016S02-M012D01-690.0-sum	MISC	M016S02	M012D01	690.0	
M016S02-M012D01-690.0-mean	MISC	M016S02	M012D01	690.0	ps
M016S02-M012D01-690.0-variance	MISC	M016S02	M012D01	690.0	ps^2
M016S02-M012D01-905.0-sum	MISC	M016S02	M012D01	905.0	
M016S02-M012D01-905.0-mean	MISC	M016S02	M012D01	905.0	ps
M016S02-M012D01-905.0-variance	MISC	M016S02	M012D01	905.0	ps^2
M016S02-M012D02-690.0-sum	MISC	M016S02	M012D02	690.0	
M016S02-M012D02-690.0-mean	MISC	M016S02	M012D02	690.0	ps
M016S02-M012D02-690.0-variance	MISC	M016S02	M012D02	690.0	ps^2
M016S02-M012D02-905.0-sum	MISC	M016S02	M012D02	905.0	
M016S02-M012D02-905.0-mean	MISC	M016S02	M012D02	905.0	ps
M016S02-M012D02-905.0-variance	MISC	M016S02	M012D02	905.0	ps^2
M016S02-M016D02-690.0-sum	MISC	M016S02	M016D02	690.0	
M016S02-M016D02-690.0-mean	MISC	M016S02	M016D02	690.0	ps
M016S02-M016D02-690.0-variance	MISC	M016S02	M016D02	690.0	ps^2
M016S02-M016D02-905.0-sum	MISC	M016S02	M016D02	905.0	
M016S02-M016D02-905.0-mean	MISC	M016S02	M016D02	905.0	ps
M016S02-M016D02-905.0-variance	MISC	M016S02	M016D02	905.0	ps^2
M016S02-M016D03-690.0-sum	MISC	M016S02	M016D03	690.0	
M016S02-M016D03-690.0-mean	MISC	M016S02	M016D03	690.0	ps
M016S02-M016D03-690.0-variance	MISC	M016S02	M016D03	690.0	ps^2
M016S02-M016D03-905.0-sum	MISC	M016S02	M016D03	905.0	
M016S02-M016D03-905.0-mean	MISC	M016S02	M016D03	905.0	ps
M016S02-M016D03-905.0-variance	MISC	M016S02	M016D03	905.0	ps^2
M016S02-M016D04-690.0-sum	MISC	M016S02	M016D04	690.0	
M016S02-M016D04-690.0-mean	MISC	M016S02	M016D04	690.0	ps
M016S02-M016D04-690.0-variance	MISC	M016S02	M016D04	690.0	ps^2
M016S02-M016D04-905.0-sum	MISC	M016S02	M016D04	905.0	
M016S02-M016D04-905.0-mean	MISC	M016S02	M016D04	905.0	ps
M016S02-M016D04-905.0-variance	MISC	M016S02	M016D04	905.0	ps^2
M016S02-M016D05-690.0-sum	MISC	M016S02	M016D05	690.0	
M016S02-M016D05-690.0-mean	MISC	M016S02	M016D05	690.0	ps
M016S02-M016D05-690.0-variance	MISC	M016S02	M016D05	690.0	ps^2
M016S02-M016D05-905.0-sum	MISC	M016S02	M016D05	905.0	
M016S02-M016D05-905.0-mean	MISC	M016S02	M016D05	905.0	ps
M016S02-M016D05-905.0-variance	MISC	M016S02	M016D05	905.0	ps^2
M017S00-M016D00-690.0-sum	MISC	M017S00	M016D00	690.0	
M017S00-M016D00-690.0-mean	MISC	M017S00	M016D00	690.0	ps
M017S00-M016D00-690.0-variance	MISC	M017S00	M016D00	690.0	ps^2
M017S00-M016D00-905.0-sum	MISC	M017S00	M016D00	905.0	
M017S00-M016D00-905.0-mean	MISC	M017S00	M016D00	905.0	ps
M017S00-M016D00-905.0-variance	MISC	M017S00	M016D00	905.0	ps^2
M017S00-M016D05-690.0-sum	MISC	M017S00	M016D05	690.0	
M017S00-M016D05-690.0-mean	MISC	M017S00	M016D05	690.0	ps
M017S00-M016D05-690.0-variance	MISC	M017S00	M016D05	690.0	ps^2
M017S00-M016D05-905.0-sum	MISC	M017S00	M016D05	905.0	
M017S00-M016D05-905.0-mean	MISC	M017S00	M016D05	905.0	ps
M017S00-M016D05-905.0-variance	MISC	M017S00	M016D05	905.0	ps^2
M017S00-M017D00-690.0-sum	MISC	M017S00	M017D00	690.0	
M017S00-M017D00-690.0-mean	MISC	M017S00	M017D00	690.0	ps
M017S00-M017D00-690.0-variance	MISC	M017S00	M017D00	690.0	ps^2
M017S00-M017D00-905.0-sum	MISC	M017S00	M017D00	905.0	
M017S00-M017D00-905.0-mean	MISC	M017S00	M017D00	905.0	ps
M017S00-M017D00-905.0-variance	MISC	M017S00	M017D00	905.0	ps^2
M017S00-M017D01-690.0-sum	MISC	M017S00	M017D01	690.0	
M017S00-M017D01-690.0-mean	MISC	M017S00	M017D01	690.0	ps
M017S00-M017D01-690.0-variance	MISC	M017S00	M017D01	690.0	ps^2
M017S00-M017D01-905.0-sum	MISC	M017S00	M017D01	905.0	
M017S00-M017D01-905.0-mean	MISC	M017S00	M017D01	905.0	ps
M017S00-M017D01-905.0-variance	MISC	M017S00	M017D01	905.0	ps^2
M017S00-M017D04-690.0-sum	MISC	M017S00	M017D04	690.0	
M017S00-M017D04-690.0-mean	MISC	M017S00	M017D04	690.0	ps
M017S00-M017D04-690.0-variance	MISC	M017S00	M017D04	690.0	ps^2
M017S00-M017D04-905.0-sum	MISC	M017S00	M017D04	905.0	
M017S00-M017D04-905.0-mean	MISC	M017S00	M017D04	905.0	ps
M017S00-M017D04-905.0-variance	MISC	M017S00	M017D04	905.0	ps^2
M017S00-M017D05-690.0-sum	MISC	M017S00	M017D05	690.0	
M017S00-M017D05-690.0-mean	MISC	M017S00	M017D05	690.0	ps
M017S00-M017D05-690.0-variance	MISC	M017S00	M017D05	690.0	ps^2
M017S00-M017D05-905.0-sum	MISC	M017S00	M017D05	905.0	
M017S00-M017D05-905.0-mean	MISC	M017S00	M017D05	905.0	ps
M017S00-M017D05-905.0-variance	MISC	M017S00	M017D05	905.0	ps^2
M017S01-M011D02-690.0-sum	MISC	M017S01	M011D02	690.0	
M017S01-M011D02-690.0-mean	MISC	M017S01	M011D02	690.0	ps
M017S01-M011D02-690.0-variance	MISC	M017S01	M011D02	690.0	ps^2
M017S01-M011D02-905.0-sum	MISC	M017S01	M011D02	905.0	
M017S01-M011D02-905.0-mean	MISC	M017S01	M011D02	905.0	ps
M017S01-M011D02-905.0-variance	MISC	M017S01	M011D02	905.0	ps^2
M017S01-M011D03-690.0-sum	MISC	M017S01	M011D03	690.0	
M017S01-M011D03-690.0-mean	MISC	M017S01	M011D03	690.0	ps
M017S01-M011D03-690.0-variance	MISC	M017S01	M011D03	690.0	ps^2
M017S01-M011D03-905.0-sum	MISC	M017S01	M011D03	905.0	
M017S01-M011D03-905.0-mean	MISC	M017S01	M011D03	905.0	ps
M017S01-M011D03-905.0-variance	MISC	M017S01	M011D03	905.0	ps^2
M017S01-M011D04-690.0-sum	MISC	M017S01	M011D04	690.0	
M017S01-M011D04-690.0-mean	MISC	M017S01	M011D04	690.0	ps
M017S01-M011D04-690.0-variance	MISC	M017S01	M011D04	690.0	ps^2
M017S01-M011D04-905.0-sum	MISC	M017S01	M011D04	905.0	
M017S01-M011D04-905.0-mean	MISC	M017S01	M011D04	905.0	ps
M017S01-M011D04-905.0-variance	MISC	M017S01	M011D04	905.0	ps^2
M017S01-M013D02-690.0-sum	MISC	M017S01	M013D02	690.0	
M017S01-M013D02-690.0-mean	MISC	M017S01	M013D02	690.0	ps
M017S01-M013D02-690.0-variance	MISC	M017S01	M013D02	690.0	ps^2
M017S01-M013D02-905.0-sum	MISC	M017S01	M013D02	905.0	
M017S01-M013D02-905.0-mean	MISC	M017S01	M013D02	905.0	ps
M017S01-M013D02-905.0-variance	MISC	M017S01	M013D02	905.0	ps^2
M017S01-M013D03-690.0-sum	MISC	M017S01	M013D03	690.0	
M017S01-M013D03-690.0-mean	MISC	M017S01	M013D03	690.0	ps
M017S01-M013D03-690.0-variance	MISC	M017S01	M013D03	690.0	ps^2
M017S01-M013D03-905.0-sum	MISC	M017S01	M013D03	905.0	
M017S01-M013D03-905.0-mean	MISC	M017S01	M013D03	905.0	ps
M017S01-M013D03-905.0-variance	MISC	M017S01	M013D03	905.0	ps^2
M017S01-M013D04-690.0-sum	MISC	M017S01	M013D04	690.0	
M017S01-M013D04-690.0-mean	MISC	M017S01	M013D04	690.0	ps
M017S01-M013D04-690.0-variance	MISC	M017S01	M013D04	690.0	ps^2
M017S01-M013D04-905.0-sum	MISC	M017S01	M013D04	905.0	
M017S01-M013D04-905.0-mean	MISC	M017S01	M013D04	905.0	ps
M017S01-M013D04-905.0-variance	MISC	M017S01	M013D04	905.0	ps^2
M017S01-M017D00-690.0-sum	MISC	M017S01	M017D00	690.0	
M017S01-M017D00-690.0-mean	MISC	M017S01	M017D00	690.0	ps
M017S01-M017D00-690.0-variance	MISC	M017S01	M017D00	690.0	ps^2
M017S01-M017D00-905.0-sum	MISC	M017S01	M017D00	905.0	
M017S01-M017D00-905.0-mean	MISC	M017S01	M017D00	905.0	ps
M017S01-M017D00-905.0-variance	MISC	M017S01	M017D00	905.0	ps^2
M017S01-M017D01-690.0-sum	MISC	M017S01	M017D01	690.0	
M017S01-M017D01-690.0-mean	MISC	M017S01	M017D01	690.0	ps
M017S01-M017D01-690.0-variance	MISC	M017S01	M017D01	690.0	ps^2
M017S01-M017D01-905.0-sum	MISC	M017S01	M017D01	905.0	
M017S01-M017D01-905.0-mean	MISC	M017S01	M017D01	905.0	ps
M017S01-M017D01-905.0-variance	MISC	M017S01	M017D01	905.0	ps^2
M017S01-M017D02-690.0-sum	MISC	M017S01	M017D02	690.0	
M017S01-M017D02-690.0-mean	MISC	M017S01	M017D02	690.0	ps
M017S01-M017D02-690.0-variance	MISC	M017S01	M017D02	690.0	ps^2
M017S01-M017D02-905.0-sum	MISC	M017S01	M017D02	905.0	
M017S01-M017D02-905.0-mean	MISC	M017S01	M017D02	905.0	ps
M017S01-M017D02-905.0-variance	MISC	M017S01	M017D02	905.0	ps^2
M017S01-M017D03-690.0-sum	MISC	M017S01	M017D03	690.0	
M017S01-M017D03-690.0-mean	MISC	M017S01	M017D03	690.0	ps
M017S01-M017D03-690.0-variance	MISC	M017S01	M017D03	690.0	ps^2
M017S01-M017D03-905.0-sum	MISC	M017S01	M017D03	905.0	
M017S01-M017D03-905.0-mean	MISC	M017S01	M017D03	905.0	ps
M017S01-M017D03-905.0-variance	MISC	M017S01	M017D03	905.0	ps^2
M017S02-M013D02-690.0-sum	MISC	M017S02	M013D02	690.0	
M017S02-M013D02-690.0-mean	MISC	M017S02	M013D02	690.0	ps
M017S02-M013D02-690.0-variance	MISC	M017S02	M013D02	690.0	ps^2
M017S02-M013D02-905.0-sum	MISC	M017S02	M013D02	905.0	
M017S02-M013D02-905.0-mean	MISC	M017S02	M013D02	905.0	ps
M017S02-M013D02-905.0-variance	MISC	M017S02	M013D02	905.0	ps^2
M017S02-M013D03-690.0-sum	MISC	M017S02	M013D03	690.0	
M017S02-M013D03-690.0-mean	MISC	M017S02	M013D03	690.0	ps
M017S02-M013D03-690.0-variance	MISC	M017S02	M013D03	690.0	ps^2
M017S02-M013D03-905.0-sum	MISC	M017S02	M013D03	905.0	
M017S02-M013D03-905.0-mean	MISC	M017S02	M013D03	905.0	ps
M017S02-M013D03-905.0-variance	MISC	M017S02	M013D03	905.0	ps^2
M017S02-M017D02-690.0-sum	MISC	M017S02	M017D02	690.0	
M017S02-M017D02-690.0-mean	MISC	M017S02	M017D02	690.0	ps
M017S02-M017D02-690.0-variance	MISC	M017S02	M017D02	690.0	ps^2
M017S02-M017D02-905.0-sum	MISC	M017S02	M017D02	905.0	
M017S02-M017D02-905.0-mean	MISC	M017S02	M017D02	905.0	ps
M017S02-M017D02-905.0-variance	MISC	M017S02	M017D02	905.0	ps^2
M017S02-M017D03-690.0-sum	MISC	M017S02	M017D03	690.0	
M017S02-M017D03-690.0-mean	MISC	M017S02	M017D03	690.0	ps
M017S02-M017D03-690.0-variance	MISC	M017S02	M017D03	690.0	ps^2
M017S02-M017D03-905.0-sum	MISC	M017S02	M017D03	905.0	
M017S02-M017D03-905.0-mean	MISC	M017S02	M017D03	905.0	ps
M017S02-M017D03-905.0-variance	MISC	M017S02	M017D03	905.0	ps^2
M017S02-M017D04-690.0-sum	MISC	M017S02	M017D04	690.0	
M017S02-M017D04-690.0-mean	MISC	M017S02	M017D04	690.0	ps
M017S02-M017D04-690.0-variance	MISC	M017S02	M017D04	690.0	ps^2
M017S02-M017D04-905.0-sum	MISC	M017S02	M017D04	905.0	
M017S02-M017D04-905.0-mean	MISC	M017S02	M017D04	905.0	ps
M017S02-M017D04-905.0-variance	MISC	M017S02	M017D04	905.0	ps^2
M017S02-M017D05-690.0-sum	MISC	M017S02	M017D05	690.0	
M017S02-M017D05-690.0-mean	MISC	M017S02	M017D05	690.0	ps
M017S02-M017D05-690.0-variance	MISC	M017S02	M017D05	690.0	ps^2
M017S02-M017D05-905.0-sum	MISC	M017S02	M017D05	905.0	
M017S02-M017D05-905.0-mean	MISC	M017S02	M017D05	905.0	ps
M017S02-M017D05-905.0-variance	MISC	M017S02	M017D05	905.0	ps^2
M017S02-M021D03-690.0-sum	MISC	M017S02	M021D03	690.0	
M017S02-M021D03-690.0-mean	MISC	M017S02	M021D03	690.0	ps
M017S02-M021D03-690.0-variance	MISC	M017S02	M021D03	690.0	ps^2
M017S02-M021D03-905.0-sum	MISC	M017S02	M021D03	905.0	
M017S02-M021D03-905.0-mean	MISC	M017S02	M021D03	905.0	ps
M017S02-M021D03-905.0-variance	MISC	M017S02	M021D03	905.0	ps^2
M017S02-M021D04-690.0-sum	MISC	M017S02	M021D04	690.0	
M017S02-M021D04-690.0-mean	MISC	M017S02	M021D04	690.0	ps
M017S02-M021D04-690.0-variance	MISC	M017S02	M021D04	690.0	ps^2
M017S02-M021D04-905.0-sum	MISC	M017S02	M021D04	905.0	
M017S02-M021D04-905.0-mean	MISC	M017S02	M021D04	905.0	ps
M017S02-M021D04-905.0-variance	MISC	M017S02	M021D04	905.0	ps^2
M017S02-M023D02-690.0-sum	MISC	M017S02	M023D02	690.0	
M017S02-M023D02-690.0-mean	MISC	M017S02	M023D02	690.0	ps
M017S02-M023D02-690.0-variance	MISC	M017S02	M023D02	690.0	ps^2
M017S02-M023D02-905.0-sum	MISC	M017S02	M023D02	905.0	
M017S02-M023D02-905.0-mean	MISC	M017S02	M023D02	905.0	ps
M017S02-M023D02-905.0-variance	MISC	M017S02	M023D02	905.0	ps^2
M017S02-M023D03-690.0-sum	MISC	M017S02	M023D03	690.0	
M017S02-M023D03-690.0-mean	MISC	M017S02	M023D03	690.0	ps
M017S02-M023D03-690.0-variance	MISC	M017S02	M023D03	690.0	ps^2
M017S02-M023D03-905.0-sum	MISC	M017S02	M023D03	905.0	
M017S02-M023D03-905.0-mean	MISC	M017S02	M023D03	905.0	ps
M017S02-M023D03-905.0-variance	MISC	M017S02	M023D03	905.0	ps^2
M018S00-M008D00-690.0-sum	MISC	M018S00	M008D00	690.0	
M018S00-M008D00-690.0-mean	MISC	M018S00	M008D00	690.0	ps
M018S00-M008D00-690.0-variance	MISC	M018S00	M008D00	690.0	ps^2
M018S00-M008D00-905.0-sum	MISC	M018S00	M008D00	905.0	
M018S00-M008D00-905.0-mean	MISC	M018S00	M008D00	905.0	ps
M018S00-M008D00-905.0-variance	MISC	M018S00	M008D00	905.0	ps^2
M018S00-M008D01-690.0-sum	MISC	M018S00	M008D01	690.0	
M018S00-M008D01-690.0-mean	MISC	M018S00	M008D01	690.0	ps
M018S00-M008D01-690.0-variance	MISC	M018S00	M008D01	690.0	ps^2
M018S00-M008D01-905.0-sum	MISC	M018S00	M008D01	905.0	
M018S00-M008D01-905.0-mean	MISC	M018S00	M008D01	905.0	ps
M018S00-M008D01-905.0-variance	MISC	M018S00	M008D01	905.0	ps^2
M018S00-M012D04-690.0-sum	MISC	M018S00	M012D04	690.0	
M018S00-M012D04-690.0-mean	MISC	M018S00	M012D04	690.0	ps
M018S00-M012D04-690.0-variance	MISC	M018S00	M012D04	690.0	ps^2
M018S00-M012D04-905.0-sum	MISC	M018S00	M012D04	905.0	
M018S00-M012D04-905.0-mean	MISC	M018S00	M012D04	905.0	ps
M018S00-M012D04-905.0-variance	MISC	M018S00	M012D04	905.0	ps^2
M018S00-M012D05-690.0-sum	MISC	M018S00	M012D05	690.0	
M018S00-M012D05-690.0-mean	MISC	M018S00	M012D05	690.0	ps
M018S00-M012D05-690.0-variance	MISC	M018S00	M012D05	690.0	ps^2
M018S00-M012D05-905.0-sum	MISC	M018S00	M012D05	905.0	
M018S00-M012D05-905.0-mean	MISC	M018S00	M012D05	905.0	ps
M018S00-M012D05-905.0-variance	MISC	M018S00	M012D05	905.0	ps^2
M018S00-M018D00-690.0-sum	MISC	M018S00	M018D00	690.0	
M018S00-M018D00-690.0-mean	MISC	M018S00	M018D00	690.0	ps
M018S00-M018D00-690.0-variance	MISC	M018S00	M018D00	690.0	ps^2
M018S00-M018D00-905.0-sum	MISC	M018S00	M018D00	905.0	
M018S00-M018D00-905.0-mean	MISC	M018S00	M018D00	905.0	ps
M018S00-M018D00-905.0-variance	MISC	M018S00	M018D00	905.0	ps^2
M018S00-M018D01-690.0-sum	MISC	M018S00	M018D01	690.0	
M018S00-M018D01-690.0-mean	MISC	M018S00	M018D01	690.0	ps
M018S00-M018D01-690.0-variance	MISC	M018S00	M018D01	690.0	ps^2
M018S00-M018D01-905.0-sum	MISC	M018S00	M018D01	905.0	
M018S00-M018D01-905.0-mean	MISC	M018S00	M018D01	905.0	ps
M018S00-M018D01-905.0-variance	MISC	M018S00	M018D01	905.0	ps^2
M018S00-M018D04-690.0-sum	MISC	M018S00	M018D04	690.0	
M018S00-M018D04-690.0-mean	MISC	M018S00	M018D04	690.0	ps
M018S00-M018D04-690.0-variance	MISC	M018S00	M018D04	690.0	ps^2
M018S00-M018D04-905.0-sum	MISC	M018S00	M018D04	905.0	
M018S00-M018D04-905.0-mean	MISC	M018S00	M018D04	905.0	ps
M018S00-M018D04-905.0-variance	MISC	M018S00	M018D04	905.0	ps^2
M018S00-M018D05-690.0-sum	MISC	M018S00	M018D05	690.0	
M018S00-M018D05-690.0-mean	MISC	M018S00	M018D05	690.0	ps
M018S00-M018D05-690.0-variance	MISC	M018S00	M018D05	690.0	ps^2
M018S00-M018D05-905.0-sum	MISC	M018S00	M018D05	905.0	
M018S00-M018D05-905.0-mean	MISC	M018S00	M018D05	905.0	ps
M018S00-M018D05-905.0-variance	MISC	M018S00	M018D05	905.0	ps^2
M018S01-M018D00-690.0-sum	MISC	M018S01	M018D00	690.0	
M018S01-M018D00-690.0-mean	MISC	M018S01	M018D00	690.0	ps
M018S01-M018D00-690.0-variance	MISC	M018S01	M018D00	690.0	ps^2
M018S01-M018D00-905.0-sum	MISC	M018S01	M018D00	905.0	
M018S01-M018D00-905.0-mean	MISC	M018S01	M018D00	905.0	ps
M018S01-M018D00-905.0-variance	MISC	M018S01	M018D00	905.0	ps^2
M018S01-M018D01-690.0-sum	MISC	M018S01	M018D01	690.0	
M018S01-M018D01-690.0-mean	MISC	M018S01	M018D01	690.0	ps
M018S01-M018D01-690.0-variance	MISC	M018S01	M018D01	690.0	ps^2
M018S01-M018D01-905.0-sum	MISC	M018S01	M018D01	905.0	
M018S01-M018D01-905.0-mean	MISC	M018S01	M018D01	905.0	ps
M018S01-M018D01-905.0-variance	MISC	M018S01	M018D01	905.0	ps^2
M018S01-M018D02-690.0-sum	MISC	M018S01	M018D02	690.0	
M018S01-M018D02-690.0-mean	MISC	M018S01	M018D02	690.0	ps
M018S01-M018D02-690.0-variance	MISC	M018S01	M018D02	690.0	ps^2
M018S01-M018D02-905.0-sum	MISC	M018S01	M018D02	905.0	
M018S01-M018D02-905.0-mean	MISC	M018S01	M018D02	905.0	ps
M018S01-M018D02-905.0-variance	MISC	M018S01	M018D02	905.0	ps^2
M018S01-M018D03-690.0-sum	MISC	M018S01	M018D03	690.0	
M018S01-M018D03-690.0-mean	MISC	M018S01	M018D03	690.0	ps
M018S01-M018D03-690.0-variance	MISC	M018S01	M018D03	690.0	ps^2
M018S01-M018D03-905.0-sum	MISC	M018S01	M018D03	905.0	
M018S01-M018D03-905.0-mean	MISC	M018S01	M018D03	905.0	ps
M018S01-M018D03-905.0-variance	MISC	M018S01	M018D03	905.0	ps^2
M018S01-M024D02-690.0-sum	MISC	M018S01	M024D02	690.0	
M018S01-M024D02-690.0-mean	MISC	M018S01	M024D02	690.0	ps
M018S01-M024D02-690.0-variance	MISC	M018S01	M024D02	690.0	ps^2
M018S01-M024D02-905.0-sum	MISC	M018S01	M024D02	905.0	
M018S01-M024D02-905.0-mean	MISC	M018S01	M024D02	905.0	ps
M018S01-M024D02-905.0-variance	MISC	M018S01	M024D02	905.0	ps^2
M018S01-M026D02-690.0-sum	MISC	M018S01	M026D02	690.0	
M018S01-M026D02-690.0-mean	MISC	M018S01	M026D02	690.0	ps
M018S01-M026D02-690.0-variance	MISC	M018S01	M026D02	690.0	ps^2
M018S01-M026D02-905.0-sum	MISC	M018S01	M026D02	905.0	
M018S01-M026D02-905.0-mean	MISC	M018S01	M026D02	905.0	ps
M018S01-M026D02-905.0-variance	MISC	M018S01	M026D02	905.0	ps^2
M018S02-M014D02-690.0-sum	MISC	M018S02	M014D02	690.0	
M018S02-M014D02-690.0-mean	MISC	M018S02	M014D02	690.0	ps
M018S02-M014D02-690.0-variance	MISC	M018S02	M014D02	690.0	ps^2
M018S02-M014D02-905.0-sum	MISC	M018S02	M014D02	905.0	
M018S02-M014D02-905.0-mean	MISC	M018S02	M014D02	905.0	ps
M018S02-M014D02-905.0-variance	MISC	M018S02	M014D02	905.0	ps^2
M018S02-M014D03-690.0-sum	MISC	M018S02	M014D03	690.0	
M018S02-M014D03-690.0-mean	MISC	M018S02	M014D03	690.0	ps
M018S02-M014D03-690.0-variance	MISC	M018S02	M014D03	690.0	ps^2
M018S02-M014D03-905.0-sum	MISC	M018S02	M014D03	905.0	
M018S02-M014D03-905.0-mean	MISC	M018S02	M014D03	905.0	ps
M018S02-M014D03-905.0-variance	MISC	M018S02	M014D03	905.0	ps^2
M018S02-M014D04-690.0-sum	MISC	M018S02	M014D04	690.0	
M018S02-M014D04-690.0-mean	MISC	M018S02	M014D04	690.0	ps
M018S02-M014D04-690.0-variance	MISC	M018S02	M014D04	690.0	ps^2
M018S02-M014D04-905.0-sum	MISC	M018S02	M014D04	905.0	
M018S02-M014D04-905.0-mean	MISC	M018S02	M014D04	905.0	ps
M018S02-M014D04-905.0-variance	MISC	M018S02	M014D04	905.0	ps^2
M018S02-M018D02-690.0-sum	MISC	M018S02	M018D02	690.0	
M018S02-M018D02-690.0-mean	MISC	M018S02	M018D02	690.0	ps
M018S02-M018D02-690.0-variance	MISC	M018S02	M018D02	690.0	ps^2
M018S02-M018D02-905.0-sum	MISC	M018S02	M018D02	905.0	
M018S02-M018D02-905.0-mean	MISC	M018S02	M018D02	905.0	ps
M018S02-M018D02-905.0-variance	MISC	M018S02	M018D02	905.0	ps^2
M018S02-M018D03-690.0-sum	MISC	M018S02	M018D03	690.0	
M018S02-M018D03-690.0-mean	MISC	M018S02	M018D03	690.0	ps
M018S02-M018D03-690.0-variance	MISC	M018S02	M018D03	690.0	ps^2
M018S02-M018D03-905.0-sum	MISC	M018S02	M018D03	905.0	
M018S02-M018D03-905.0-mean	MISC	M018S02	M018D03	905.0	ps
M018S02-M018D03-905.0-variance	MISC	M018S02	M018D03	905.0	ps^2
M018S02-M018D04-690.0-sum	MISC	M018S02	M018D04	690.0	
M018S02-M018D04-690.0-mean	MISC	M018S02	M018D04	690.0	ps
M018S02-M018D04-690.0-variance	MISC	M018S02	M018D04	690.0	ps^2
M018S02-M018D04-905.0-sum	MISC	M018S02	M018D04	905.0	
M018S02-M018D04-905.0-mean	MISC	M018S02	M018D04	905.0	ps
M018S02-M018D04-905.0-variance	MISC	M018S02	M018D04	905.0	ps^2
M018S02-M018D05-690.0-sum	MISC	M018S02	M018D05	690.0	
M018S02-M018D05-690.0-mean	MISC	M018S02	M018D05	690.0	ps
M018S02-M018D05-690.0-variance	MISC	M018S02	M018D05	690.0	ps^2
M018S02-M018D05-905.0-sum	MISC	M018S02	M018D05	905.0	
M018S02-M018D05-905.0-mean	MISC	M018S02	M018D05	905.0	ps
M018S02-M018D05-905.0-variance	MISC	M018S02	M018D05	905.0	ps^2
M018S02-M024D01-690.0-sum	MISC	M018S02	M024D01	690.0	
M018S02-M024D01-690.0-mean	MISC	M018S02	M024D01	690.0	ps
M018S02-M024D01-690.0-variance	MISC	M018S02	M024D01	690.0	ps^2
M018S02-M024D01-905.0-sum	MISC	M018S02	M024D01	905.0	
M018S02-M024D01-905.0-mean	MISC	M018S02	M024D01	905.0	ps
M018S02-M024D01-905.0-variance	MISC	M018S02	M024D01	905.0	ps^2
M018S02-M024D02-690.0-sum	MISC	M018S02	M024D02	690.0	
M018S02-M024D02-690.0-mean	MISC	M018S02	M024D02	690.0	ps
M018S02-M024D02-690.0-variance	MISC	M018S02	M024D02	690.0	ps^2
M018S02-M024D02-905.0-sum	MISC	M018S02	M024D02	905.0	
M018S02-M024D02-905.0-mean	MISC	M018S02	M024D02	905.0	ps
M018S02-M024D02-905.0-variance	MISC	M018S02	M024D02	905.0	ps^2
M019S00-M009D04-690.0-sum	MISC	M019S00	M009D04	690.0	
M019S00-M009D04-690.0-mean	MISC	M019S00	M009D04	690.0	ps
M019S00-M009D04-690.0-variance	MISC	M019S00	M009D04	690.0	ps^2
M019S00-M009D04-905.0-sum	MISC	M019S00	M009D04	905.0	
M019S00-M009D04-905.0-mean	MISC	M019S00	M009D04	905.0	ps
M019S00-M009D04-905.0-variance	MISC	M019S00	M009D04	905.0	ps^2
M019S00-M009D05-690.0-sum	MISC	M019S00	M009D05	690.0	
M019S00-M009D05-690.0-mean	MISC	M019S00	M009D05	690.0	ps
M019S00-M009D05-690.0-variance	MISC	M019S00	M009D05	690.0	ps^2
M019S00-M009D05-905.0-sum	MISC	M019S00	M009D05	905.0	
M019S00-M009D05-905.0-mean	MISC	M019S00	M009D05	905.0	ps
M019S00-M009D05-905.0-variance	MISC	M019S00	M009D05	905.0	ps^2
M019S00-M013D00-690.0-sum	MISC	M019S00	M013D00	690.0	
M019S00-M013D00-690.0-mean	MISC	M019S00	M013D00	690.0	ps
M019S00-M013D00-690.0-variance	MISC	M019S00	M013D00	690.0	ps^2
M019S00-M013D00-905.0-sum	MISC	M019S00	M013D00	905.0	
M019S00-M013D00-905.0-mean	MISC	M019S00	M013D00	905.0	ps
M019S00-M013D00-905.0-variance	MISC	M019S00	M013D00	905.0	ps^2
M019S00-M019D00-690.0-sum	MISC	M019S00	M019D00	690.0	
M019S00-M019D00-690.0-mean	MISC	M019S00	M019D00	690.0	ps
M019S00-M019D00-690.0-variance	MISC	M019S00	M019D00	690.0	ps^2
M019S00-M019D00-905.0-sum	MISC	M019S00	M019D00	905.0	
M019S00-M019D00-905.0-mean	MISC	M019S00	M019D00	905.0	ps
M019S00-M019D00-905.0-variance	MISC	M019S00	M019D00	905.0	ps^2
M019S00-M019D01-690.0-sum	MISC	M019S00	M019D01	690.0	
M019S00-M019D01-690.0-mean	MISC	M019S00	M019D01	690.0	ps
M019S00-M019D01-690.0-variance	MISC	M019S00	M019D01	690.0	ps^2
M019S00-M019D01-905.0-sum	MISC	M019S00	M019D01	905.0	
M019S00-M019D01-905.0-mean	MISC	M019S00	M019D01	905.0	ps
M019S00-M019D01-905.0-variance	MISC	M019S00	M019D01	905.0	ps^2
M019S00-M019D04-690.0-sum	MISC	M019S00	M019D04	690.0	
M019S00-M019D04-690.0-mean	MISC	M019S00	M019D04	690.0	ps
M019S00-M019D04-690.0-variance	MISC	M019S00	M019D04	690.0	ps^2
M019S00-M019D04-905.0-sum	MISC	M019S00	M019D04	905.0	
M019S00-M019D04-905.0-mean	MISC	M019S00	M019D04	905.0	ps
M019S00-M019D04-905.0-variance	MISC	M019S00	M019D04	905.0	ps^2
M019S00-M019D05-690.0-sum	MISC	M019S00	M019D05	690.0	
M019S00-M019D05-690.0-mean	MISC	M019S00	M019D05	690.0	ps
M019S00-M019D05-690.0-variance	MISC	M019S00	M019D05	690.0	ps^2
M019S00-M019D05-905.0-sum	MISC	M019S00	M019D05	905.0	
M019S00-M019D05-905.0-mean	MISC	M019S00	M019D05	905.0	ps
M019S00-M019D05-905.0-variance	MISC	M019S00	M019D05	905.0	ps^2
M019S01-M015D01-690.0-sum	MISC	M019S01	M015D01	690.0	
M019S01-M015D01-690.0-mean	MISC	M019S01	M015D01	690.0	ps
M019S01-M015D01-690.0-variance	MISC	M019S01	M015D01	690.0	ps^2
M019S01-M015D01-905.0-sum	MISC	M019S01	M015D01	905.0	
M019S01-M015D01-905.0-mean	MISC	M019S01	M015D01	905.0	ps
M019S01-M015D01-905.0-variance	MISC	M019S01	M015D01	905.0	ps^2
M019S01-M015D02-690.0-sum	MISC	M019S01	M015D02	690.0	
M019S01-M015D02-690.0-mean	MISC	M019S01	M015D02	690.0	ps
M019S01-M015D02-690.0-variance	MISC	M019S01	M015D02	690.0	ps^2
M019S01-M015D02-905.0-sum	MISC	M019S01	M015D02	905.0	
M019S01-M015D02-905.0-mean	MISC	M019S01	M015D02	905.0	ps
M019S01-M015D02-905.0-variance	MISC	M019S01	M015D02	905.0	ps^2
M019S01-M015D03-690.0-sum	MISC	M019S01	M015D03	690.0	
M019S01-M015D03-690.0-mean	MISC	M019S01	M015D03	690.0	ps
M019S01-M015D03-690.0-variance	MISC	M019S01	M015D03	690.0	ps^2
M019S01-M015D03-905.0-sum	MISC	M019S01	M015D03	905.0	
M019S01-M015D03-905.0-mean	MISC	M019S01	M015D03	905.0	ps
M019S01-M015D03-905.0-variance	MISC	M019S01	M015D03	905.0	ps^2
M019S01-M019D00-690.0-sum	MISC	M019S01	M019D00	690.0	
M019S01-M019D00-690.0-mean	MISC	M019S01	M019D00	690.0	ps
M019S01-M019D00-690.0-variance	MISC	M019S01	M019D00	690.0	ps^2
M019S01-M019D00-905.0-sum	MISC	M019S01	M019D00	905.0	
M019S01-M019D00-905.0-mean	MISC	M019S01	M019D00	905.0	ps
M019S01-M019D00-905.0-variance	MISC	M019S01	M019D00	905.0	ps^2
M019S01-M019D01-690.0-sum	MISC	M019S01	M019D01	690.0	
M019S01-M019D01-690.0-mean	MISC	M019S01	M019D01	690.0	ps
M019S01-M019D01-690.0-variance	MISC	M019S01	M019D01	690.0	ps^2
M019S01-M019D01-905.0-sum	MISC	M019S01	M019D01	905.0	
M019S01-M019D01-905.0-mean	MISC	M019S01	M019D01	905.0	ps
M019S01-M019D01-905.0-variance	MISC	M019S01	M019D01	905.0	ps^2
M019S01-M019D02-690.0-sum	MISC	M019S01	M019D02	690.0	
M019S01-M019D02-690.0-mean	MISC	M019S01	M019D02	690.0	ps
M019S01-M019D02-690.0-variance	MISC	M019S01	M019D02	690.0	ps^2
M019S01-M019D02-905.0-sum	MISC	M019S01	M019D02	905.0	
M019S01-M019D02-905.0-mean	MISC	M019S01	M019D02	905.0	ps
M019S01-M019D02-905.0-variance	MISC	M019S01	M019D02	905.0	ps^2
M019S01-M019D03-690.0-sum	MISC	M019S01	M019D03	690.0	
M019S01-M019D03-690.0-mean	MISC	M019S01	M019D03	690.0	ps
M019S01-M019D03-690.0-variance	MISC	M019S01	M019D03	690.0	ps^2
M019S01-M019D03-905.0-sum	MISC	M019S01	M019D03	905.0	
M019S01-M019D03-905.0-mean	MISC	M019S01	M019D03	905.0	ps
M019S01-M019D03-905.0-variance	MISC	M019S01	M019D03	905.0	ps^2
M019S01-M025D03-690.0-sum	MISC	M019S01	M025D03	690.0	
M019S01-M025D03-690.0-mean	MISC	M019S01	M025D03	690.0	ps
M019S01-M025D03-690.0-variance	MISC	M019S01	M025D03	690.0	ps^2
M019S01-M025D03-905.0-sum	MISC	M019S01	M025D03	905.0	
M019S01-M025D03-905.0-mean	MISC	M019S01	M025D03	905.0	ps
M019S01-M025D03-905.0-variance	MISC	M019S01	M025D03	905.0	ps^2
M019S01-M025D04-690.0-sum	MISC	M019S01	M025D04	690.0	
M019S01-M025D04-690.0-mean	MISC	M019S01	M025D04	690.0	ps
M019S01-M025D04-690.0-variance	MISC	M019S01	M025D04	690.0	ps^2
M019S01-M025D04-905.0-sum	MISC	M019S01	M025D04	905.0	
M019S01-M025D04-905.0-mean	MISC	M019S01	M025D04	905.0	ps
M019S01-M025D04-905.0-variance	MISC	M019S01	M025D04	905.0	ps^2
M019S02-M019D02-690.0-sum	MISC	M019S02	M019D02	690.0	
M019S02-M019D02-690.0-mean	MISC	M019S02	M019D02	690.0	ps
M019S02-M019D02-690.0-variance	MISC	M019S02	M019D02	690.0	ps^2
M019S02-M019D02-905.0-sum	MISC	M019S02	M019D02	905.0	
M019S02-M019D02-905.0-mean	MISC	M019S02	M019D02	905.0	ps
M019S02-M019D02-905.0-variance	MISC	M019S02	M019D02	905.0	ps^2
M019S02-M019D03-690.0-sum	MISC	M019S02	M019D03	690.0	
M019S02-M019D03-690.0-mean	MISC	M019S02	M019D03	690.0	ps
M019S02-M019D03-690.0-variance	MISC	M019S02	M019D03	690.0	ps^2
M019S02-M019D03-905.0-sum	MISC	M019S02	M019D03	905.0	
M019S02-M019D03-905.0-mean	MISC	M019S02	M019D03	905.0	ps
M019S02-M019D03-905.0-variance	MISC	M019S02	M019D03	905.0	ps^2
M019S02-M019D04-690.0-sum	MISC	M019S02	M019D04	690.0	
M019S02-M019D04-690.0-mean	MISC	M019S02	M019D04	690.0	ps
M019S02-M019D04-690.0-variance	MISC	M019S02	M019D04	690.0	ps^2
M019S02-M019D04-905.0-sum	MISC	M019S02	M019D04	905.0	
M019S02-M019D04-905.0-mean	MISC	M019S02	M019D04	905.0	ps
M019S02-M019D04-905.0-variance	MISC	M019S02	M019D04	905.0	ps^2
M019S02-M019D05-690.0-sum	MISC	M019S02	M019D05	690.0	
M019S02-M019D05-690.0-mean	MISC	M019S02	M019D05	690.0	ps
M019S02-M019D05-690.0-variance	MISC	M019S02	M019D05	690.0	ps^2
M019S02-M019D05-905.0-sum	MISC	M019S02	M019D05	905.0	
M019S02-M019D05-905.0-mean	MISC	M019S02	M019D05	905.0	ps
M019S02-M019D05-905.0-variance	MISC	M019S02	M019D05	905.0	ps^2
M019S02-M021D00-690.0-sum	MISC	M019S02	M021D00	690.0	
M019S02-M021D00-690.0-mean	MISC	M019S02	M021D00	690.0	ps
M019S02-M021D00-690.0-variance	MISC	M019S02	M021D00	690.0	ps^2
M019S02-M021D00-905.0-sum	MISC	M019S02	M021D00	905.0	
M019S02-M021D00-905.0-mean	MISC	M019S02	M021D00	905.0	ps
M019S02-M021D00-905.0-variance	MISC	M019S02	M021D00	905.0	ps^2
M019S02-M025D03-690.0-sum	MISC	M019S02	M025D03	690.0	
M019S02-M025D03-690.0-mean	MISC	M019S02	M025D03	690.0	ps
M019S02-M025D03-690.0-variance	MISC	M019S02	M025D03	690.0	ps^2
M019S02-M025D03-905.0-sum	MISC	M019S02	M025D03	905.0	
M019S02-M025D03-905.0-mean	MISC	M019S02	M025D03	905.0	ps
M019S02-M025D03-905.0-variance	MISC	M019S02	M025D03	905.0	ps^2
M019S02-M027D02-690.0-sum	MISC	M019S02	M027D02	690.0	
M019S02-M027D02-690.0-mean	MISC	M019S02	M027D02	690.0	ps
M019S02-M027D02-690.0-variance	MISC	M019S02	M027D02	690.0	ps^2
M019S02-M027D02-905.0-sum	MISC	M019S02	M027D02	905.0	
M019S02-M027D02-905.0-mean	MISC	M019S02	M027D02	905.0	ps
M019S02-M027D02-905.0-variance	MISC	M019S02	M027D02	905.0	ps^2
M019S02-M027D03-690.0-sum	MISC	M019S02	M027D03	690.0	
M019S02-M027D03-690.0-mean	MISC	M019S02	M027D03	690.0	ps
M019S02-M027D03-690.0-variance	MISC	M019S02	M027D03	690.0	ps^2
M019S02-M027D03-905.0-sum	MISC	M019S02	M027D03	905.0	
M019S02-M027D03-905.0-mean	MISC	M019S02	M027D03	905.0	ps
M019S02-M027D03-905.0-variance	MISC	M019S02	M027D03	905.0	ps^2
M020S00-M018D01-690.0-sum	MISC	M020S00	M018D01	690.0	
M020S00-M018D01-690.0-mean	MISC	M020S00	M018D01	690.0	ps
M020S00-M018D01-690.0-variance	MISC	M020S00	M018D01	690.0	ps^2
M020S00-M018D01-905.0-sum	MISC	M020S00	M018D01	905.0	
M020S00-M018D01-905.0-mean	MISC	M020S00	M018D01	905.0	ps
M020S00-M018D01-905.0-variance	MISC	M020S00	M018D01	905.0	ps^2
M020S00-M020D00-690.0-sum	MISC	M020S00	M020D00	690.0	
M020S00-M020D00-690.0-mean	MISC	M020S00	M020D00	690.0	ps
M020S00-M020D00-690.0-variance	MISC	M020S00	M020D00	690.0	ps^2
M020S00-M020D00-905.0-sum	MISC	M020S00	M020D00	905.0	
M020S00-M020D00-905.0-mean	MISC	M020S00	M020D00	905.0	ps
M020S00-M020D00-905.0-variance	MISC	M020S00	M020D00	905.0	ps^2
M020S00-M020D01-690.0-sum	MISC	M020S00	M020D01	690.0	
M020S00-M020D01-690.0-mean	MISC	M020S00	M020D01	690.0	ps
M020S00-M020D01-690.0-variance	MISC	M020S00	M020D01	690.0	ps^2
M020S00-M020D01-905.0-sum	MISC	M020S00	M020D01	905.0	
M020S00-M020D01-905.0-mean	MISC	M020S00	M020D01	905.0	ps
M020S00-M020D01-905.0-variance	MISC	M020S00	M020D01	905.0	ps^2
M020S00-M020D04-690.0-sum	MISC	M020S00	M020D04	690.0	
M020S00-M020D04-690.0-mean	MISC	M020S00	M020D04	690.0	ps
M020S00-M020D04-690.0-variance	MISC	M020S00	M020D04	690.0	ps^2
M020S00-M020D04-905.0-sum	MISC	M020S00	M020D04	905.0	
M020S00-M020D04-905.0-mean	MISC	M020S00	M020D04	905.0	ps
M020S00-M020D04-905.0-variance	MISC	M020S00	M020D04	905.0	ps^2
M020S00-M020D05-690.0-sum	MISC	M020S00	M020D05	690.0	
M020S00-M020D05-690.0-mean	MISC	M020S00	M020D05	690.0	ps
M020S00-M020D05-690.0-variance	MISC	M020S00	M020D05	690.0	ps^2
M020S00-M020D05-905.0-sum	MISC	M020S00	M020D05	905.0	
M020S00-M020D05-905.0-mean	MISC	M020S00	M020D05	905.0	ps
M020S00-M020D05-905.0-variance	MISC	M020S00	M020D05	905.0	ps^2
M020S00-M026D03-690.0-sum	MISC	M020S00	M026D03	690.0	
M020S00-M026D03-690.0-mean	MISC	M020S00	M026D03	690.0	ps
M020S00-M026D03-690.0-variance	MISC	M020S00	M026D03	690.0	ps^2
M020S00-M026D03-905.0-sum	MISC	M020S00	M026D03	905.0	
M020S00-M026D03-905.0-mean	MISC	M020S00	M026D03	905.0	ps
M020S00-M026D03-905.0-variance	MISC	M020S00	M026D03	905.0	ps^2
M020S01-M012D03-690.0-sum	MISC	M020S01	M012D03	690.0	
M020S01-M012D03-690.0-mean	MISC	M020S01	M012D03	690.0	ps
M020S01-M012D03-690.0-variance	MISC	M020S01	M012D03	690.0	ps^2
M020S01-M012D03-905.0-sum	MISC	M020S01	M012D03	905.0	
M020S01-M012D03-905.0-mean	MISC	M020S01	M012D03	905.0	ps
M020S01-M012D03-905.0-variance	MISC	M020S01	M012D03	905.0	ps^2
M020S01-M016D02-690.0-sum	MISC	M020S01	M016D02	690.0	
M020S01-M016D02-690.0-mean	MISC	M020S01	M016D02	690.0	ps
M020S01-M016D02-690.0-variance	MISC	M020S01	M016D02	690.0	ps^2
M020S01-M016D02-905.0-sum	MISC	M020S01	M016D02	905.0	
M020S01-M016D02-905.0-mean	MISC	M020S01	M016D02	905.0	ps
M020S01-M016D02-905.0-variance	MISC	M020S01	M016D02	905.0	ps^2
M020S01-M020D00-690.0-sum	MISC	M020S01	M020D00	690.0	
M020S01-M020D00-690.0-mean	MISC	M020S01	M020D00	690.0	ps
M020S01-M020D00-690.0-variance	MISC	M020S01	M020D00	690.0	ps^2
M020S01-M020D00-905.0-sum	MISC	M020S01	M020D00	905.0	
M020S01-M020D00-905.0-mean	MISC	M020S01	M020D00	905.0	ps
M020S01-M020D00-905.0-variance	MISC	M020S01	M020D00	905.0	ps^2
M020S01-M020D01-690.0-sum	MISC	M020S01	M020D01	690.0	
M020S01-M020D01-690.0-mean	MISC	M020S01	M020D01	690.0	ps
M020S01-M020D01-690.0-variance	MISC	M020S01	M020D01	690.0	ps^2
M020S01-M020D01-905.0-sum	MISC	M020S01	M020D01	905.0	
M020S01-M020D01-905.0-mean	MISC	M020S01	M020D01	905.0	ps
M020S01-M020D01-905.0-variance	MISC	M020S01	M020D01	905.0	ps^2
M020S01-M020D02-690.0-sum	MISC	M020S01	M020D02	690.0	
M020S01-M020D02-690.0-mean	MISC	M020S01	M020D02	690.0	ps
M020S01-M020D02-690.0-variance	MISC	M020S01	M020D02	690.0	ps^2
M020S01-M020D02-905.0-sum	MISC	M020S01	M020D02	905.0	
M020S01-M020D02-905.0-mean	MISC	M020S01	M020D02	905.0	ps
M020S01-M020D02-905.0-variance	MISC	M020S01	M020D02	905.0	ps^2
M020S01-M020D03-690.0-sum	MISC	M020S01	M020D03	690.0	
M020S01-M020D03-690.0-mean	MISC	M020S01	M020D03	690.0	ps
M020S01-M020D03-690.0-variance	MISC	M020S01	M020D03	690.0	ps^2
M020S01-M020D03-905.0-sum	MISC	M020S01	M020D03	905.0	
M020S01-M020D03-905.0-mean	MISC	M020S01	M020D03	905.0	ps
M020S01-M020D03-905.0-variance	MISC	M020S01	M020D03	905.0	ps^2
M020S01-M022D02-690.0-sum	MISC	M020S01	M022D02	690.0	
M020S01-M022D02-690.0-mean	MISC	M020S01	M022D02	690.0	ps
M020S01-M022D02-690.0-variance	MISC	M020S01	M022D02	690.0	ps^2
M020S01-M022D02-905.0-sum	MISC	M020S01	M022D02	905.0	
M020S01-M022D02-905.0-mean	MISC	M020S01	M022D02	905.0	ps
M020S01-M022D02-905.0-variance	MISC	M020S01	M022D02	905.0	ps^2
M020S02-M020D02-690.0-sum	MISC	M020S02	M020D02	690.0	
M020S02-M020D02-690.0-mean	MISC	M020S02	M020D02	690.0	ps
M020S02-M020D02-690.0-variance	MISC	M020S02	M020D02	690.0	ps^2
M020S02-M020D02-905.0-sum	MISC	M020S02	M020D02	905.0	
M020S02-M020D02-905.0-mean	MISC	M020S02	M020D02	905.0	ps
M020S02-M020D02-905.0-variance	MISC	M020S02	M020D02	905.0	ps^2
M020S02-M020D03-690.0-sum	MISC	M020S02	M020D03	690.0	
M020S02-M020D03-690.0-mean	MISC	M020S02	M020D03	690.0	ps
M020S02-M020D03-690.0-variance	MISC	M020S02	M020D03	690.0	ps^2
M020S02-M020D03-905.0-sum	MISC	M020S02	M020D03	905.0	
M020S02-M020D03-905.0-mean	MISC	M020S02	M020D03	905.0	ps
M020S02-M020D03-905.0-variance	MISC	M020S02	M020D03	905.0	ps^2
M020S02-M020D04-690.0-sum	MISC	M020S02	M020D04	690.0	
M020S02-M020D04-690.0-mean	MISC	M020S02	M020D04	690.0	ps
M020S02-M020D04-690.0-variance	MISC	M020S02	M020D04	690.0	ps^2
M020S02-M020D04-905.0-sum	MISC	M020S02	M020D04	905.0	
M020S02-M020D04-905.0-mean	MISC	M020S02	M020D04	905.0	ps
M020S02-M020D04-905.0-variance	MISC	M020S02	M020D04	905.0	ps^2
M020S02-M020D05-690.0-sum	MISC	M020S02	M020D05	690.0	
M020S02-M020D05-690.0-mean	MISC	M020S02	M020D05	690.0	ps
M020S02-M020D05-690.0-variance	MISC	M020S02	M020D05	690.0	ps^2
M020S02-M020D05-905.0-sum	MISC	M020S02	M020D05	905.0	
M020S02-M020D05-905.0-mean	MISC	M020S02	M020D05	905.0	ps
M020S02-M020D05-905.0-variance	MISC	M020S02	M020D05	905.0	ps^2
M020S02-M022D01-690.0-sum	MISC	M020S02	M022D01	690.0	
M020S02-M022D01-690.0-mean	MISC	M020S02	M022D01	690.0	ps
M020S02-M022D01-690.0-variance	MISC	M020S02	M022D01	690.0	ps^2
M020S02-M022D01-905.0-sum	MISC	M020S02	M022D01	905.0	
M020S02-M022D01-905.0-mean	MISC	M020S02	M022D01	905.0	ps
M020S02-M022D01-905.0-variance	MISC	M020S02	M022D01	905.0	ps^2
M021S00-M019D04-690.0-sum	MISC	M021S00	M019D04	690.0	
M021S00-M019D04-690.0-mean	MISC	M021S00	M019D04	690.0	ps
M021S00-M019D04-690.0-variance	MISC	M021S00	M019D04	690.0	ps^2
M021S00-M019D04-905.0-sum	MISC	M021S00	M019D04	905.0	
M021S00-M019D04-905.0-mean	MISC	M021S00	M019D04	905.0	ps
M021S00-M019D04-905.0-variance	MISC	M021S00	M019D04	905.0	ps^2
M021S00-M021D00-690.0-sum	MISC	M021S00	M021D00	690.0	
M021S00-M021D00-690.0-mean	MISC	M021S00	M021D00	690.0	ps
M021S00-M021D00-690.0-variance	MISC	M021S00	M021D00	690.0	ps^2
M021S00-M021D00-905.0-sum	MISC	M021S00	M021D00	905.0	
M021S00-M021D00-905.0-mean	MISC	M021S00	M021D00	905.0	ps
M021S00-M021D00-905.0-variance	MISC	M021S00	M021D00	905.0	ps^2
M021S00-M021D01-690.0-sum	MISC	M021S00	M021D01	690.0	
M021S00-M021D01-690.0-mean	MISC	M021S00	M021D01	690.0	ps
M021S00-M021D01-690.0-variance	MISC	M021S00	M021D01	690.0	ps^2
M021S00-M021D01-905.0-sum	MISC	M021S00	M021D01	905.0	
M021S00-M021D01-905.0-mean	MISC	M021S00	M021D01	905.0	ps
M021S00-M021D01-905.0-variance	MISC	M021S00	M021D01	905.0	ps^2
M021S00-M021D04-690.0-sum	MISC	M021S00	M021D04	690.0	
M021S00-M021D04-690.0-mean	MISC	M021S00	M021D04	690.0	ps
M021S00-M021D04-690.0-variance	MISC	M021S00	M021D04	690.0	ps^2
M021S00-M021D04-905.0-sum	MISC	M021S00	M021D04	905.0	
M021S00-M021D04-905.0-mean	MISC	M021S00	M021D04	905.0	ps
M021S00-M021D04-905.0-variance	MISC	M021S00	M021D04	905.0	ps^2
M021S00-M021D05-690.0-sum	MISC	M021S00	M021D05	690.0	
M021S00-M021D05-690.0-mean	MISC	M021S00	M021D05	690.0	ps
M021S00-M021D05-690.0-variance	MISC	M021S00	M021D05	690.0	ps^2
M021S00-M021D05-905.0-sum	MISC	M021S00	M021D05	905.0	
M021S00-M021D05-905.0-mean	MISC	M021S00	M021D05	905.0	ps
M021S00-M021D05-905.0-variance	MISC	M021S00	M021D05	905.0	ps^2
M021S00-M027D02-690.0-sum	MISC	M021S00	M027D02	690.0	
M021S00-M027D02-690.0-mean	MISC	M021S00	M027D02	690.0	ps
M021S00-M027D02-690.0-variance	MISC	M021S00	M027D02	690.0	ps^2
M021S00-M027D02-905.0-sum	MISC	M021S00	M027D02	905.0	
M021S00-M027D02-905.0-mean	MISC	M021S00	M027D02	905.0	ps
M021S00-M027D02-905.0-variance	MISC	M021S00	M027D02	905.0	ps^2
M021S01-M021D00-690.0-sum	MISC	M021S01	M021D00	690.0	
M021S01-M021D00-690.0-mean	MISC	M021S01	M021D00	690.0	ps
M021S01-M021D00-690.0-variance	MISC	M021S01	M021D00	690.0	ps^2
M021S01-M021D00-905.0-sum	MISC	M021S01	M021D00	905.0	
M021S01-M021D00-905.0-mean	MISC	M021S01	M021D00	905.0	ps
M021S01-M021D00-905.0-variance	MISC	M021S01	M021D00	905.0	ps^2
M021S01-M021D01-690.0-sum	MISC	M021S01	M021D01	690.0	
M021S01-M021D01-690.0-mean	MISC	M021S01	M021D01	690.0	ps
M021S01-M021D01-690.0-variance	MISC	M021S01	M021D01	690.0	ps^2
M021S01-M021D01-905.0-sum	MISC	M021S01	M021D01	905.0	
M021S01-M021D01-905.0-mean	MISC	M021S01	M021D01	905.0	ps
M021S01-M021D01-905.0-variance	MISC	M021S01	M021D01	905.0	ps^2
M021S01-M021D02-690.0-sum	MISC	M021S01	M021D02	690.0	
M021S01-M021D02-690.0-mean	MISC	M021S01	M021D02	690.0	ps
M021S01-M021D02-690.0-variance	MISC	M021S01	M021D02	690.0	ps^2
M021S01-M021D02-905.0-sum	MISC	M021S01	M021D02	905.0	
M021S01-M021D02-905.0-mean	MISC	M021S01	M021D02	905.0	ps
M021S01-M021D02-905.0-variance	MISC	M021S01	M021D02	905.0	ps^2
M021S01-M023D04-690.0-sum	MISC	M021S01	M023D04	690.0	
M021S01-M023D04-690.0-mean	MISC	M021S01	M023D04	690.0	ps
M021S01-M023D04-690.0-variance	MISC	M021S01	M023D04	690.0	ps^2
M021S01-M023D04-905.0-sum	MISC	M021S01	M023D04	905.0	
M021S01-M023D04-905.0-mean	MISC	M021S01	M023D04	905.0	ps
M021S01-M023D04-905.0-variance	MISC	M021S01	M023D04	905.0	ps^2
M021S02-M013D02-690.0-sum	MISC	M021S02	M013D02	690.0	
M021S02-M013D02-690.0-mean	MISC	M021S02	M013D02	690.0	ps
M021S02-M013D02-690.0-variance	MISC	M021S02	M013D02	690.0	ps^2
M021S02-M013D02-905.0-sum	MISC	M021S02	M013D02	905.0	
M021S02-M013D02-905.0-mean	MISC	M021S02	M013D02	905.0	ps
M021S02-M013D02-905.0-variance	MISC	M021S02	M013D02	905.0	ps^2
M021S02-M013D03-690.0-sum	MISC	M021S02	M013D03	690.0	
M021S02-M013D03-690.0-mean	MISC	M021S02	M013D03	690.0	ps
M021S02-M013D03-690.0-variance	MISC	M021S02	M013D03	690.0	ps^2
M021S02-M013D03-905.0-sum	MISC	M021S02	M013D03	905.0	
M021S02-M013D03-905.0-mean	MISC	M021S02	M013D03	905.0	ps
M021S02-M013D03-905.0-variance	MISC	M021S02	M013D03	905.0	ps^2
M021S02-M017D02-690.0-sum	MISC	M021S02	M017D02	690.0	
M021S02-M017D02-690.0-mean	MISC	M021S02	M017D02	690.0	ps
M021S02-M017D02-690.0-variance	MISC	M021S02	M017D02	690.0	ps^2
M021S02-M017D02-905.0-sum	MISC	M021S02	M017D02	905.0	
M021S02-M017D02-905.0-mean	MISC	M021S02	M017D02	905.0	ps
M021S02-M017D02-905.0-variance	MISC	M021S02	M017D02	905.0	ps^2
M021S02-M017D03-690.0-sum	MISC	M021S02	M017D03	690.0	
M021S02-M017D03-690.0-mean	MISC	M021S02	M017D03	690.0	ps
M021S02-M017D03-690.0-variance	MISC	M021S02	M017D03	690.0	ps^2
M021S02-M017D03-905.0-sum	MISC	M021S02	M017D03	905.0	
M021S02-M017D03-905.0-mean	MISC	M021S02	M017D03	905.0	ps
M021S02-M017D03-905.0-variance	MISC	M021S02	M017D03	905.0	ps^2
M021S02-M021D02-690.0-sum	MISC	M021S02	M021D02	690.0	
M021S02-M021D02-690.0-mean	MISC	M021S02	M021D02	690.0	ps
M021S02-M021D02-690.0-variance	MISC	M021S02	M021D02	690.0	ps^2
M021S02-M021D02-905.0-sum	MISC	M021S02	M021D02	905.0	
M021S02-M021D02-905.0-mean	MISC	M021S02	M021D02	905.0	ps
M021S02-M021D02-905.0-variance	MISC	M021S02	M021D02	905.0	ps^2
M021S02-M021D03-690.0-sum	MISC	M021S02	M021D03	690.0	
M021S02-M021D03-690.0-mean	MISC	M021S02	M021D03	690.0	ps
M021S02-M021D03-690.0-variance	MISC	M021S02	M021D03	690.0	ps^2
M021S02-M021D03-905.0-sum	MISC	M021S02	M021D03	905.0	
M021S02-M021D03-905.0-mean	MISC	M021S02	M021D03	905.0	ps
M021S02-M021D03-905.0-variance	MISC	M021S02	M021D03	905.0	ps^2
M021S02-M021D04-690.0-sum	MISC	M021S02	M021D04	690.0	
M021S02-M021D04-690.0-mean	MISC	M021S02	M021D04	690.0	ps
M021S02-M021D04-690.0-variance	MISC	M021S02	M021D04	690.0	ps^2
M021S02-M021D04-905.0-sum	MISC	M021S02	M021D04	905.0	
M021S02-M021D04-905.0-mean	MISC	M021S02	M021D04	905.0	ps
M021S02-M021D04-905.0-variance	MISC	M021S02	M021D04	905.0	ps^2
M021S02-M021D05-690.0-sum	MISC	M021S02	M021D05	690.0	
M021S02-M021D05-690.0-mean	MISC	M021S02	M021D05	690.0	ps
M021S02-M021D05-690.0-variance	MISC	M021S02	M021D05	690.0	ps^2
M021S02-M021D05-905.0-sum	MISC	M021S02	M021D05	905.0	
M021S02-M021D05-905.0-mean	MISC	M021S02	M021D05	905.0	ps
M021S02-M021D05-905.0-variance	MISC	M021S02	M021D05	905.0	ps^2
M021S02-M023D03-690.0-sum	MISC	M021S02	M023D03	690.0	
M021S02-M023D03-690.0-mean	MISC	M021S02	M023D03	690.0	ps
M021S02-M023D03-690.0-variance	MISC	M021S02	M023D03	690.0	ps^2
M021S02-M023D03-905.0-sum	MISC	M021S02	M023D03	905.0	
M021S02-M023D03-905.0-mean	MISC	M021S02	M023D03	905.0	ps
M021S02-M023D03-905.0-variance	MISC	M021S02	M023D03	905.0	ps^2
M022S00-M022D00-690.0-sum	MISC	M022S00	M022D00	690.0	
M022S00-M022D00-690.0-mean	MISC	M022S00	M022D00	690.0	ps
M022S00-M022D00-690.0-variance	MISC	M022S00	M022D00	690.0	ps^2
M022S00-M022D00-905.0-sum	MISC	M022S00	M022D00	905.0	
M022S00-M022D00-905.0-mean	MISC	M022S00	M022D00	905.0	ps
M022S00-M022D00-905.0-variance	MISC	M022S00	M022D00	905.0	ps^2
M022S00-M022D01-690.0-sum	MISC	M022S00	M022D01	690.0	
M022S00-M022D01-690.0-mean	MISC	M022S00	M022D01	690.0	ps
M022S00-M022D01-690.0-variance	MISC	M022S00	M022D01	690.0	ps^2
M022S00-M022D01-905.0-sum	MISC	M022S00	M022D01	905.0	
M022S00-M022D01-905.0-mean	MISC	M022S00	M022D01	905.0	ps
M022S00-M022D01-905.0-variance	MISC	M022S00	M022D01	905.0	ps^2
M022S00-M022D04-690.0-sum	MISC	M022S00	M022D04	690.0	
M022S00-M022D04-690.0-mean	MISC	M022S00	M022D04	690.0	ps
M022S00-M022D04-690.0-variance	MISC	M022S00	M022D04	690.0	ps^2
M022S00-M022D04-905.0-sum	MISC	M022S00	M022D04	905.0	
M022S00-M022D04-905.0-mean	MISC	M022S00	M022D04	905.0	ps
M022S00-M022D04-905.0-variance	MISC	M022S00	M022D04	905.0	ps^2
M022S00-M022D05-690.0-sum	MISC	M022S00	M022D05	690.0	
M022S00-M022D05-690.0-mean	MISC	M022S00	M022D05	690.0	ps
M022S00-M022D05-690.0-variance	MISC	M022S00	M022D05	690.0	ps^2
M022S00-M022D05-905.0-sum	MISC	M022S00	M022D05	905.0	
M022S00-M022D05-905.0-mean	MISC	M022S00	M022D05	905.0	ps
M022S00-M022D05-905.0-variance	MISC	M022S00	M022D05	905.0	ps^2
M022S01-M020D02-690.0-sum	MISC	M022S01	M020D02	690.0	
M022S01-M020D02-690.0-mean	MISC	M022S01	M020D02	690.0	ps
M022S01-M020D02-690.0-variance	MISC	M022S01	M020D02	690.0	ps^2
M022S01-M020D02-905.0-sum	MISC	M022S01	M020D02	905.0	
M022S01-M020D02-905.0-mean	MISC	M022S01	M020D02	905.0	ps
M022S01-M020D02-905.0-variance	MISC	M022S01	M020D02	905.0	ps^2
M022S01-M020D03-690.0-sum	MISC	M022S01	M020D03	690.0	
M022S01-M020D03-690.0-mean	MISC	M022S01	M020D03	690.0	ps
M022S01-M020D03-690.0-variance	MISC	M022S01	M020D03	690.0	ps^2
M022S01-M020D03-905.0-sum	MISC	M022S01	M020D03	905.0	
M022S01-M020D03-905.0-mean	MISC	M022S01	M020D03	905.0	ps
M022S01-M020D03-905.0-variance	MISC	M022S01	M020D03	905.0	ps^2
M022S01-M022D00-690.0-sum	MISC	M022S01	M022D00	690.0	
M022S01-M022D00-690.0-mean	MISC	M022S01	M022D00	690.0	ps
M022S01-M022D00-690.0-variance	MISC	M022S01	M022D00	690.0	ps^2
M022S01-M022D00-905.0-sum	MISC	M022S01	M022D00	905.0	
M022S01-M022D00-905.0-mean	MISC	M022S01	M022D00	905.0	ps
M022S01-M022D00-905.0-variance	MISC	M022S01	M022D00	905.0	ps^2
M022S01-M022D01-690.0-sum	MISC	M022S01	M022D01	690.0	
M022S01-M022D01-690.0-mean	MISC	M022S01	M022D01	690.0	ps
M022S01-M022D01-690.0-variance	MISC	M022S01	M022D01	690.0	ps^2
M022S01-M022D01-905.0-sum	MISC	M022S01	M022D01	905.0	
M022S01-M022D01-905.0-mean	MISC	M022S01	M022D01	905.0	ps
M022S01-M022D01-905.0-variance	MISC	M022S01	M022D01	905.0	ps^2
M022S01-M022D02-690.0-sum	MISC	M022S01	M022D02	690.0	
M022S01-M022D02-690.0-mean	MISC	M022S01	M022D02	690.0	ps
M022S01-M022D02-690.0-variance	MISC	M022S01	M022D02	690.0	ps^2
M022S01-M022D02-905.0-sum	MISC	M022S01	M022D02	905.0	
M022S01-M022D02-905.0-mean	MISC	M022S01	M022D02	905.0	ps
M022S01-M022D02-905.0-variance	MISC	M022S01	M022D02	905.0	ps^2
M022S01-M022D03-690.0-sum	MISC	M022S01	M022D03	690.0	
M022S01-M022D03-690.0-mean	MISC	M022S01	M022D03	690.0	ps
M022S01-M022D03-690.0-variance	MISC	M022S01	M022D03	690.0	ps^2
M022S01-M022D03-905.0-sum	MISC	M022S01	M022D03	905.0	
M022S01-M022D03-905.0-mean	MISC	M022S01	M022D03	905.0	ps
M022S01-M022D03-905.0-variance	MISC	M022S01	M022D03	905.0	ps^2
M022S02-M016D00-690.0-sum	MISC	M022S02	M016D00	690.0	
M022S02-M016D00-690.0-mean	MISC	M022S02	M016D00	690.0	ps
M022S02-M016D00-690.0-variance	MISC	M022S02	M016D00	690.0	ps^2
M022S02-M016D00-905.0-sum	MISC	M022S02	M016D00	905.0	
M022S02-M016D00-905.0-mean	MISC	M022S02	M016D00	905.0	ps
M022S02-M016D00-905.0-variance	MISC	M022S02	M016D00	905.0	ps^2
M022S02-M016D01-690.0-sum	MISC	M022S02	M016D01	690.0	
M022S02-M016D01-690.0-mean	MISC	M022S02	M016D01	690.0	ps
M022S02-M016D01-690.0-variance	MISC	M022S02	M016D01	690.0	ps^2
M022S02-M016D01-905.0-sum	MISC	M022S02	M016D01	905.0	
M022S02-M016D01-905.0-mean	MISC	M022S02	M016D01	905.0	ps
M022S02-M016D01-905.0-variance	MISC	M022S02	M016D01	905.0	ps^2
M022S02-M022D02-690.0-sum	MISC	M022S02	M022D02	690.0	
M022S02-M022D02-690.0-mean	MISC	M022S02	M022D02	690.0	ps
M022S02-M022D02-690.0-variance	MISC	M022S02	M022D02	690.0	ps^2
M022S02-M022D02-905.0-sum	MISC	M022S02	M022D02	905.0	
M022S02-M022D02-905.0-mean	MISC	M022S02	M022D02	905.0	ps
M022S02-M022D02-905.0-variance	MISC	M022S02	M022D02	905.0	ps^2
M022S02-M022D03-690.0-sum	MISC	M022S02	M022D03	690.0	
M022S02-M022D03-690.0-mean	MISC	M022S02	M022D03	690.0	ps
M022S02-M022D03-690.0-variance	MISC	M022S02	M022D03	690.0	ps^2
M022S02-M022D03-905.0-sum	MISC	M022S02	M022D03	905.0	
M022S02-M022D03-905.0-mean	MISC	M022S02	M022D03	905.0	ps
M022S02-M022D03-905.0-variance	MISC	M022S02	M022D03	905.0	ps^2
M022S02-M022D04-690.0-sum	MISC	M022S02	M022D04	690.0	
M022S02-M022D04-690.0-mean	MISC	M022S02	M022D04	690.0	ps
M022S02-M022D04-690.0-variance	MISC	M022S02	M022D04	690.0	ps^2
M022S02-M022D04-905.0-sum	MISC	M022S02	M022D04	905.0	
M022S02-M022D04-905.0-mean	MISC	M022S02	M022D04	905.0	ps
M022S02-M022D04-905.0-variance	MISC	M022S02	M022D04	905.0	ps^2
M022S02-M022D05-690.0-sum	MISC	M022S02	M022D05	690.0	
M022S02-M022D05-690.0-mean	MISC	M022S02	M022D05	690.0	ps
M022S02-M022D05-690.0-variance	MISC	M022S02	M022D05	690.0	ps^2
M022S02-M022D05-905.0-sum	MISC	M022S02	M022D05	905.0	
M022S02-M022D05-905.0-mean	MISC	M022S02	M022D05	905.0	ps
M022S02-M022D05-905.0-variance	MISC	M022S02	M022D05	905.0	ps^2
M022S02-M023D01-690.0-sum	MISC	M022S02	M023D01	690.0	
M022S02-M023D01-690.0-mean	MISC	M022S02	M023D01	690.0	ps
M022S02-M023D01-690.0-variance	MISC	M022S02	M023D01	690.0	ps^2
M022S02-M023D01-905.0-sum	MISC	M022S02	M023D01	905.0	
M022S02-M023D01-905.0-mean	MISC	M022S02	M023D01	905.0	ps
M022S02-M023D01-905.0-variance	MISC	M022S02	M023D01	905.0	ps^2
M023S00-M023D00-690.0-sum	MISC	M023S00	M023D00	690.0	
M023S00-M023D00-690.0-mean	MISC	M023S00	M023D00	690.0	ps
M023S00-M023D00-690.0-variance	MISC	M023S00	M023D00	690.0	ps^2
M023S00-M023D00-905.0-sum	MISC	M023S00	M023D00	905.0	
M023S00-M023D00-905.0-mean	MISC	M023S00	M023D00	905.0	ps
M023S00-M023D00-905.0-variance	MISC	M023S00	M023D00	905.0	ps^2
M023S00-M023D01-690.0-sum	MISC	M023S00	M023D01	690.0	
M023S00-M023D01-690.0-mean	MISC	M023S00	M023D01	690.0	ps
M023S00-M023D01-690.0-variance	MISC	M023S00	M023D01	690.0	ps^2
M023S00-M023D01-905.0-sum	MISC	M023S00	M023D01	905.0	
M023S00-M023D01-905.0-mean	MISC	M023S00	M023D01	905.0	ps
M023S00-M023D01-905.0-variance	MISC	M023S00	M023D01	905.0	ps^2
M023S00-M023D04-690.0-sum	MISC	M023S00	M023D04	690.0	
M023S00-M023D04-690.0-mean	MISC	M023S00	M023D04	690.0	ps
M023S00-M023D04-690.0-variance	MISC	M023S00	M023D04	690.0	ps^2
M023S00-M023D04-905.0-sum	MISC	M023S00	M023D04	905.0	
M023S00-M023D04-905.0-mean	MISC	M023S00	M023D04	905.0	ps
M023S00-M023D04-905.0-variance	MISC	M023S00	M023D04	905.0	ps^2
M023S00-M023D05-690.0-sum	MISC	M023S00	M023D05	690.0	
M023S00-M023D05-690.0-mean	MISC	M023S00	M023D05	690.0	ps
M023S00-M023D05-690.0-variance	MISC	M023S00	M023D05	690.0	ps^2
M023S00-M023D05-905.0-sum	MISC	M023S00	M023D05	905.0	
M023S00-M023D05-905.0-mean	MISC	M023S00	M023D05	905.0	ps
M023S00-M023D05-905.0-variance	MISC	M023S00	M023D05	905.0	ps^2
M023S01-M017D04-690.0-sum	MISC	M023S01	M017D04	690.0	
M023S01-M017D04-690.0-mean	MISC	M023S01	M017D04	690.0	ps
M023S01-M017D04-690.0-variance	MISC	M023S01	M017D04	690.0	ps^2
M023S01-M017D04-905.0-sum	MISC	M023S01	M017D04	905.0	
M023S01-M017D04-905.0-mean	MISC	M023S01	M017D04	905.0	ps
M023S01-M017D04-905.0-variance	MISC	M023S01	M017D04	905.0	ps^2
M023S01-M022D04-690.0-sum	MISC	M023S01	M022D04	690.0	
M023S01-M022D04-690.0-mean	MISC	M023S01	M022D04	690.0	ps
M023S01-M022D04-690.0-variance	MISC	M023S01	M022D04	690.0	ps^2
M023S01-M022D04-905.0-sum	MISC	M023S01	M022D04	905.0	
M023S01-M022D04-905.0-mean	MISC	M023S01	M022D04	905.0	ps
M023S01-M022D04-905.0-variance	MISC	M023S01	M022D04	905.0	ps^2
M023S01-M023D00-690.0-sum	MISC	M023S01	M023D00	690.0	
M023S01-M023D00-690.0-mean	MISC	M023S01	M023D00	690.0	ps
M023S01-M023D00-690.0-variance	MISC	M023S01	M023D00	690.0	ps^2
M023S01-M023D00-905.0-sum	MISC	M023S01	M023D00	905.0	
M023S01-M023D00-905.0-mean	MISC	M023S01	M023D00	905.0	ps
M023S01-M023D00-905.0-variance	MISC	M023S01	M023D00	905.0	ps^2
M023S01-M023D01-690.0-sum	MISC	M023S01	M023D01	690.0	
M023S01-M023D01-690.0-mean	MISC	M023S01	M023D01	690.0	ps
M023S01-M023D01-690.0-variance	MISC	M023S01	M023D01	690.0	ps^2
M023S01-M023D01-905.0-sum	MISC	M023S01	M023D01	905.0	
M023S01-M023D01-905.0-mean	MISC	M023S01	M023D01	905.0	ps
M023S01-M023D01-905.0-variance	MISC	M023S01	M023D01	905.0	ps^2
M023S01-M023D02-690.0-sum	MISC	M023S01	M023D02	690.0	
M023S01-M023D02-690.0-mean	MISC	M023S01	M023D02	690.0	ps
M023S01-M023D02-690.0-variance	MISC	M023S01	M023D02	690.0	ps^2
M023S01-M023D02-905.0-sum	MISC	M023S01	M023D02	905.0	
M023S01-M023D02-905.0-mean	MISC	M023S01	M023D02	905.0	ps
M023S01-M023D02-905.0-variance	MISC	M023S01	M023D02	905.0	ps^2
M023S01-M023D03-690.0-sum	MISC	M023S01	M023D03	690.0	
M023S01-M023D03-690.0-mean	MISC	M023S01	M023D03	690.0	ps
M023S01-M023D03-690.0-variance	MISC	M023S01	M023D03	690.0	ps^2
M023S01-M023D03-905.0-sum	MISC	M023S01	M023D03	905.0	
M023S01-M023D03-905.0-mean	MISC	M023S01	M023D03	905.0	ps
M023S01-M023D03-905.0-variance	MISC	M023S01	M023D03	905.0	ps^2
M023S02-M017D04-690.0-sum	MISC	M023S02	M017D04	690.0	
M023S02-M017D04-690.0-mean	MISC	M023S02	M017D04	690.0	ps
M023S02-M017D04-690.0-variance	MISC	M023S02	M017D04	690.0	ps^2
M023S02-M017D04-905.0-sum	MISC	M023S02	M017D04	905.0	
M023S02-M017D04-905.0-mean	MISC	M023S02	M017D04	905.0	ps
M023S02-M017D04-905.0-variance	MISC	M023S02	M017D04	905.0	ps^2
M023S02-M021D02-690.0-sum	MISC	M023S02	M021D02	690.0	
M023S02-M021D02-690.0-mean	MISC	M023S02	M021D02	690.0	ps
M023S02-M021D02-690.0-variance	MISC	M023S02	M021D02	690.0	ps^2
M023S02-M021D02-905.0-sum	MISC	M023S02	M021D02	905.0	
M023S02-M021D02-905.0-mean	MISC	M023S02	M021D02	905.0	ps
M023S02-M021D02-905.0-variance	MISC	M023S02	M021D02	905.0	ps^2
M023S02-M021D03-690.0-sum	MISC	M023S02	M021D03	690.0	
M023S02-M021D03-690.0-mean	MISC	M023S02	M021D03	690.0	ps
M023S02-M021D03-690.0-variance	MISC	M023S02	M021D03	690.0	ps^2
M023S02-M021D03-905.0-sum	MISC	M023S02	M021D03	905.0	
M023S02-M021D03-905.0-mean	MISC	M023S02	M021D03	905.0	ps
M023S02-M021D03-905.0-variance	MISC	M023S02	M021D03	905.0	ps^2
M023S02-M023D02-690.0-sum	MISC	M023S02	M023D02	690.0	
M023S02-M023D02-690.0-mean	MISC	M023S02	M023D02	690.0	ps
M023S02-M023D02-690.0-variance	MISC	M023S02	M023D02	690.0	ps^2
M023S02-M023D02-905.0-sum	MISC	M023S02	M023D02	905.0	
M023S02-M023D02-905.0-mean	MISC	M023S02	M023D02	905.0	ps
M023S02-M023D02-905.0-variance	MISC	M023S02	M023D02	905.0	ps^2
M023S02-M023D03-690.0-sum	MISC	M023S02	M023D03	690.0	
M023S02-M023D03-690.0-mean	MISC	M023S02	M023D03	690.0	ps
M023S02-M023D03-690.0-variance	MISC	M023S02	M023D03	690.0	ps^2
M023S02-M023D03-905.0-sum	MISC	M023S02	M023D03	905.0	
M023S02-M023D03-905.0-mean	MISC	M023S02	M023D03	905.0	ps
M023S02-M023D03-905.0-variance	MISC	M023S02	M023D03	905.0	ps^2
M023S02-M023D04-690.0-sum	MISC	M023S02	M023D04	690.0	
M023S02-M023D04-690.0-mean	MISC	M023S02	M023D04	690.0	ps
M023S02-M023D04-690.0-variance	MISC	M023S02	M023D04	690.0	ps^2
M023S02-M023D04-905.0-sum	MISC	M023S02	M023D04	905.0	
M023S02-M023D04-905.0-mean	MISC	M023S02	M023D04	905.0	ps
M023S02-M023D04-905.0-variance	MISC	M023S02	M023D04	905.0	ps^2
M023S02-M023D05-690.0-sum	MISC	M023S02	M023D05	690.0	
M023S02-M023D05-690.0-mean	MISC	M023S02	M023D05	690.0	ps
M023S02-M023D05-690.0-variance	MISC	M023S02	M023D05	690.0	ps^2
M023S02-M023D05-905.0-sum	MISC	M023S02	M023D05	905.0	
M023S02-M023D05-905.0-mean	MISC	M023S02	M023D05	905.0	ps
M023S02-M023D05-905.0-variance	MISC	M023S02	M023D05	905.0	ps^2
M024S00-M014D04-690.0-sum	MISC	M024S00	M014D04	690.0	
M024S00-M014D04-690.0-mean	MISC	M024S00	M014D04	690.0	ps
M024S00-M014D04-690.0-variance	MISC	M024S00	M014D04	690.0	ps^2
M024S00-M014D04-905.0-sum	MISC	M024S00	M014D04	905.0	
M024S00-M014D04-905.0-mean	MISC	M024S00	M014D04	905.0	ps
M024S00-M014D04-905.0-variance	MISC	M024S00	M014D04	905.0	ps^2
M024S00-M024D00-690.0-sum	MISC	M024S00	M024D00	690.0	
M024S00-M024D00-690.0-mean	MISC	M024S00	M024D00	690.0	ps
M024S00-M024D00-690.0-variance	MISC	M024S00	M024D00	690.0	ps^2
M024S00-M024D00-905.0-sum	MISC	M024S00	M024D00	905.0	
M024S00-M024D00-905.0-mean	MISC	M024S00	M024D00	905.0	ps
M024S00-M024D00-905.0-variance	MISC	M024S00	M024D00	905.0	ps^2
M024S00-M024D01-690.0-sum	MISC	M024S00	M024D01	690.0	
M024S00-M024D01-690.0-mean	MISC	M024S00	M024D01	690.0	ps
M024S00-M024D01-690.0-variance	MISC	M024S00	M024D01	690.0	ps^2
M024S00-M024D01-905.0-sum	MISC	M024S00	M024D01	905.0	
M024S00-M024D01-905.0-mean	MISC	M024S00	M024D01	905.0	ps
M024S00-M024D01-905.0-variance	MISC	M024S00	M024D01	905.0	ps^2
M024S00-M024D02-690.0-sum	MISC	M024S00	M024D02	690.0	
M024S00-M024D02-690.0-mean	MISC	M024S00	M024D02	690.0	ps
M024S00-M024D02-690.0-variance	MISC	M024S00	M024D02	690.0	ps^2
M024S00-M024D02-905.0-sum	MISC	M024S00	M024D02	905.0	
M024S00-M024D02-905.0-mean	MISC	M024S00	M024D02	905.0	ps
M024S00-M024D02-905.0-variance	MISC	M024S00	M024D02	905.0	ps^2
M024S00-M024D03-690.0-sum	MISC	M024S00	M024D03	690.0	
M024S00-M024D03-690.0-mean	MISC	M024S00	M024D03	690.0	ps
M024S00-M024D03-690.0-variance	MISC	M024S00	M024D03	690.0	ps^2
M024S00-M024D03-905.0-sum	MISC	M024S00	M024D03	905.0	
M024S00-M024D03-905.0-mean	MISC	M024S00	M024D03	905.0	ps
M024S00-M024D03-905.0-variance	MISC	M024S00	M024D03	905.0	ps^2
M024S00-M024D04-690.0-sum	MISC	M024S00	M024D04	690.0	
M024S00-M024D04-690.0-mean	MISC	M024S00	M024D04	690.0	ps
M024S00-M024D04-690.0-variance	MISC	M024S00	M024D04	690.0	ps^2
M024S00-M024D04-905.0-sum	MISC	M024S00	M024D04	905.0	
M024S00-M024D04-905.0-mean	MISC	M024S00	M024D04	905.0	ps
M024S00-M024D04-905.0-variance	MISC	M024S00	M024D04	905.0	ps^2
M024S00-M024D05-690.0-sum	MISC	M024S00	M024D05	690.0	
M024S00-M024D05-690.0-mean	MISC	M024S00	M024D05	690.0	ps
M024S00-M024D05-690.0-variance	MISC	M024S00	M024D05	690.0	ps^2
M024S00-M024D05-905.0-sum	MISC	M024S00	M024D05	905.0	
M024S00-M024D05-905.0-mean	MISC	M024S00	M024D05	905.0	ps
M024S00-M024D05-905.0-variance	MISC	M024S00	M024D05	905.0	ps^2
M024S01-M014D03-690.0-sum	MISC	M024S01	M014D03	690.0	
M024S01-M014D03-690.0-mean	MISC	M024S01	M014D03	690.0	ps
M024S01-M014D03-690.0-variance	MISC	M024S01	M014D03	690.0	ps^2
M024S01-M014D03-905.0-sum	MISC	M024S01	M014D03	905.0	
M024S01-M014D03-905.0-mean	MISC	M024S01	M014D03	905.0	ps
M024S01-M014D03-905.0-variance	MISC	M024S01	M014D03	905.0	ps^2
M024S01-M014D04-690.0-sum	MISC	M024S01	M014D04	690.0	
M024S01-M014D04-690.0-mean	MISC	M024S01	M014D04	690.0	ps
M024S01-M014D04-690.0-variance	MISC	M024S01	M014D04	690.0	ps^2
M024S01-M014D04-905.0-sum	MISC	M024S01	M014D04	905.0	
M024S01-M014D04-905.0-mean	MISC	M024S01	M014D04	905.0	ps
M024S01-M014D04-905.0-variance	MISC	M024S01	M014D04	905.0	ps^2
M024S01-M014D05-690.0-sum	MISC	M024S01	M014D05	690.0	
M024S01-M014D05-690.0-mean	MISC	M024S01	M014D05	690.0	ps
M024S01-M014D05-690.0-variance	MISC	M024S01	M014D05	690.0	ps^2
M024S01-M014D05-905.0-sum	MISC	M024S01	M014D05	905.0	
M024S01-M014D05-905.0-mean	MISC	M024S01	M014D05	905.0	ps
M024S01-M014D05-905.0-variance	MISC	M024S01	M014D05	905.0	ps^2
M024S01-M018D02-690.0-sum	MISC	M024S01	M018D02	690.0	
M024S01-M018D02-690.0-mean	MISC	M024S01	M018D02	690.0	ps
M024S01-M018D02-690.0-variance	MISC	M024S01	M018D02	690.0	ps^2
M024S01-M018D02-905.0-sum	MISC	M024S01	M018D02	905.0	
M024S01-M018D02-905.0-mean	MISC	M024S01	M018D02	905.0	ps
M024S01-M018D02-905.0-variance	MISC	M024S01	M018D02	905.0	ps^2
M024S01-M018D03-690.0-sum	MISC	M024S01	M018D03	690.0	
M024S01-M018D03-690.0-mean	MISC	M024S01	M018D03	690.0	ps
M024S01-M018D03-690.0-variance	MISC	M024S01	M018D03	690.0	ps^2
M024S01-M018D03-905.0-sum	MISC	M024S01	M018D03	905.0	
M024S01-M018D03-905.0-mean	MISC	M024S01	M018D03	905.0	ps
M024S01-M018D03-905.0-variance	MISC	M024S01	M018D03	905.0	ps^2
M024S01-M018D04-690.0-sum	MISC	M024S01	M018D04	690.0	
M024S01-M018D04-690.0-mean	MISC	M024S01	M018D04	690.0	ps
M024S01-M018D04-690.0-variance	MISC	M024S01	M018D04	690.0	ps^2
M024S01-M018D04-905.0-sum	MISC	M024S01	M018D04	905.0	
M024S01-M018D04-905.0-mean	MISC	M024S01	M018D04	905.0	ps
M024S01-M018D04-905.0-variance	MISC	M024S01	M018D04	905.0	ps^2
M024S01-M024D00-690.0-sum	MISC	M024S01	M024D00	690.0	
M024S01-M024D00-690.0-mean	MISC	M024S01	M024D00	690.0	ps
M024S01-M024D00-690.0-variance	MISC	M024S01	M024D00	690.0	ps^2
M024S01-M024D00-905.0-sum	MISC	M024S01	M024D00	905.0	
M024S01-M024D00-905.0-mean	MISC	M024S01	M024D00	905.0	ps
M024S01-M024D00-905.0-variance	MISC	M024S01	M024D00	905.0	ps^2
M024S01-M024D01-690.0-sum	MISC	M024S01	M024D01	690.0	
M024S01-M024D01-690.0-mean	MISC	M024S01	M024D01	690.0	ps
M024S01-M024D01-690.0-variance	MISC	M024S01	M024D01	690.0	ps^2
M024S01-M024D01-905.0-sum	MISC	M024S01	M024D01	905.0	
M024S01-M024D01-905.0-mean	MISC	M024S01	M024D01	905.0	ps
M024S01-M024D01-905.0-variance	MISC	M024S01	M024D01	905.0	ps^2
M024S01-M024D02-690.0-sum	MISC	M024S01	M024D02	690.0	
M024S01-M024D02-690.0-mean	MISC	M024S01	M024D02	690.0	ps
M024S01-M024D02-690.0-variance	MISC	M024S01	M024D02	690.0	ps^2
M024S01-M024D02-905.0-sum	MISC	M024S01	M024D02	905.0	
M024S01-M024D02-905.0-mean	MISC	M024S01	M024D02	905.0	ps
M024S01-M024D02-905.0-variance	MISC	M024S01	M024D02	905.0	ps^2
M024S01-M024D03-690.0-sum	MISC	M024S01	M024D03	690.0	
M024S01-M024D03-690.0-mean	MISC	M024S01	M024D03	690.0	ps
M024S01-M024D03-690.0-variance	MISC	M024S01	M024D03	690.0	ps^2
M024S01-M024D03-905.0-sum	MISC	M024S01	M024D03	905.0	
M024S01-M024D03-905.0-mean	MISC	M024S01	M024D03	905.0	ps
M024S01-M024D03-905.0-variance	MISC	M024S01	M024D03	905.0	ps^2
M024S01-M024D04-690.0-sum	MISC	M024S01	M024D04	690.0	
M024S01-M024D04-690.0-mean	MISC	M024S01	M024D04	690.0	ps
M024S01-M024D04-690.0-variance	MISC	M024S01	M024D04	690.0	ps^2
M024S01-M024D04-905.0-sum	MISC	M024S01	M024D04	905.0	
M024S01-M024D04-905.0-mean	MISC	M024S01	M024D04	905.0	ps
M024S01-M024D04-905.0-variance	MISC	M024S01	M024D04	905.0	ps^2
M024S01-M024D05-690.0-sum	MISC	M024S01	M024D05	690.0	
M024S01-M024D05-690.0-mean	MISC	M024S01	M024D05	690.0	ps
M024S01-M024D05-690.0-variance	MISC	M024S01	M024D05	690.0	ps^2
M024S01-M024D05-905.0-sum	MISC	M024S01	M024D05	905.0	
M024S01-M024D05-905.0-mean	MISC	M024S01	M024D05	905.0	ps
M024S01-M024D05-905.0-variance	MISC	M024S01	M024D05	905.0	ps^2
M024S02-M024D00-690.0-sum	MISC	M024S02	M024D00	690.0	
M024S02-M024D00-690.0-mean	MISC	M024S02	M024D00	690.0	ps
M024S02-M024D00-690.0-variance	MISC	M024S02	M024D00	690.0	ps^2
M024S02-M024D00-905.0-sum	MISC	M024S02	M024D00	905.0	
M024S02-M024D00-905.0-mean	MISC	M024S02	M024D00	905.0	ps
M024S02-M024D00-905.0-variance	MISC	M024S02	M024D00	905.0	ps^2
M024S02-M024D01-690.0-sum	MISC	M024S02	M024D01	690.0	
M024S02-M024D01-690.0-mean	MISC	M024S02	M024D01	690.0	ps
M024S02-M024D01-690.0-variance	MISC	M024S02	M024D01	690.0	ps^2
M024S02-M024D01-905.0-sum	MISC	M024S02	M024D01	905.0	
M024S02-M024D01-905.0-mean	MISC	M024S02	M024D01	905.0	ps
M024S02-M024D01-905.0-variance	MISC	M024S02	M024D01	905.0	ps^2
M024S02-M024D02-690.0-sum	MISC	M024S02	M024D02	690.0	
M024S02-M024D02-690.0-mean	MISC	M024S02	M024D02	690.0	ps
M024S02-M024D02-690.0-variance	MISC	M024S02	M024D02	690.0	ps^2
M024S02-M024D02-905.0-sum	MISC	M024S02	M024D02	905.0	
M024S02-M024D02-905.0-mean	MISC	M024S02	M024D02	905.0	ps
M024S02-M024D02-905.0-variance	MISC	M024S02	M024D02	905.0	ps^2
M024S02-M024D03-690.0-sum	MISC	M024S02	M024D03	690.0	
M024S02-M024D03-690.0-mean	MISC	M024S02	M024D03	690.0	ps
M024S02-M024D03-690.0-variance	MISC	M024S02	M024D03	690.0	ps^2
M024S02-M024D03-905.0-sum	MISC	M024S02	M024D03	905.0	
M024S02-M024D03-905.0-mean	MISC	M024S02	M024D03	905.0	ps
M024S02-M024D03-905.0-variance	MISC	M024S02	M024D03	905.0	ps^2
M024S02-M024D04-690.0-sum	MISC	M024S02	M024D04	690.0	
M024S02-M024D04-690.0-mean	MISC	M024S02	M024D04	690.0	ps
M024S02-M024D04-690.0-variance	MISC	M024S02	M024D04	690.0	ps^2
M024S02-M024D04-905.0-sum	MISC	M024S02	M024D04	905.0	
M024S02-M024D04-905.0-mean	MISC	M024S02	M024D04	905.0	ps
M024S02-M024D04-905.0-variance	MISC	M024S02	M024D04	905.0	ps^2
M024S02-M024D05-690.0-sum	MISC	M024S02	M024D05	690.0	
M024S02-M024D05-690.0-mean	MISC	M024S02	M024D05	690.0	ps
M024S02-M024D05-690.0-variance	MISC	M024S02	M024D05	690.0	ps^2
M024S02-M024D05-905.0-sum	MISC	M024S02	M024D05	905.0	
M024S02-M024D05-905.0-mean	MISC	M024S02	M024D05	905.0	ps
M024S02-M024D05-905.0-variance	MISC	M024S02	M024D05	905.0	ps^2
M024S02-M026D00-690.0-sum	MISC	M024S02	M026D00	690.0	
M024S02-M026D00-690.0-mean	MISC	M024S02	M026D00	690.0	ps
M024S02-M026D00-690.0-variance	MISC	M024S02	M026D00	690.0	ps^2
M024S02-M026D00-905.0-sum	MISC	M024S02	M026D00	905.0	
M024S02-M026D00-905.0-mean	MISC	M024S02	M026D00	905.0	ps
M024S02-M026D00-905.0-variance	MISC	M024S02	M026D00	905.0	ps^2
M024S02-M026D01-690.0-sum	MISC	M024S02	M026D01	690.0	
M024S02-M026D01-690.0-mean	MISC	M024S02	M026D01	690.0	ps
M024S02-M026D01-690.0-variance	MISC	M024S02	M026D01	690.0	ps^2
M024S02-M026D01-905.0-sum	MISC	M024S02	M026D01	905.0	
M024S02-M026D01-905.0-mean	MISC	M024S02	M026D01	905.0	ps
M024S02-M026D01-905.0-variance	MISC	M024S02	M026D01	905.0	ps^2
M025S00-M015D00-690.0-sum	MISC	M025S00	M015D00	690.0	
M025S00-M015D00-690.0-mean	MISC	M025S00	M015D00	690.0	ps
M025S00-M015D00-690.0-variance	MISC	M025S00	M015D00	690.0	ps^2
M025S00-M015D00-905.0-sum	MISC	M025S00	M015D00	905.0	
M025S00-M015D00-905.0-mean	MISC	M025S00	M015D00	905.0	ps
M025S00-M015D00-905.0-variance	MISC	M025S00	M015D00	905.0	ps^2
M025S00-M015D01-690.0-sum	MISC	M025S00	M015D01	690.0	
M025S00-M015D01-690.0-mean	MISC	M025S00	M015D01	690.0	ps
M025S00-M015D01-690.0-variance	MISC	M025S00	M015D01	690.0	ps^2
M025S00-M015D01-905.0-sum	MISC	M025S00	M015D01	905.0	
M025S00-M015D01-905.0-mean	MISC	M025S00	M015D01	905.0	ps
M025S00-M015D01-905.0-variance	MISC	M025S00	M015D01	905.0	ps^2
M025S00-M025D00-690.0-sum	MISC	M025S00	M025D00	690.0	
M025S00-M025D00-690.0-mean	MISC	M025S00	M025D00	690.0	ps
M025S00-M025D00-690.0-variance	MISC	M025S00	M025D00	690.0	ps^2
M025S00-M025D00-905.0-sum	MISC	M025S00	M025D00	905.0	
M025S00-M025D00-905.0-mean	MISC	M025S00	M025D00	905.0	ps
M025S00-M025D00-905.0-variance	MISC	M025S00	M025D00	905.0	ps^2
M025S00-M025D01-690.0-sum	MISC	M025S00	M025D01	690.0	
M025S00-M025D01-690.0-mean	MISC	M025S00	M025D01	690.0	ps
M025S00-M025D01-690.0-variance	MISC	M025S00	M025D01	690.0	ps^2
M025S00-M025D01-905.0-sum	MISC	M025S00	M025D01	905.0	
M025S00-M025D01-905.0-mean	MISC	M025S00	M025D01	905.0	ps
M025S00-M025D01-905.0-variance	MISC	M025S00	M025D01	905.0	ps^2
M025S00-M025D02-690.0-sum	MISC	M025S00	M025D02	690.0	
M025S00-M025D02-690.0-mean	MISC	M025S00	M025D02	690.0	ps
M025S00-M025D02-690.0-variance	MISC	M025S00	M025D02	690.0	ps^2
M025S00-M025D02-905.0-sum	MISC	M025S00	M025D02	905.0	
M025S00-M025D02-905.0-mean	MISC	M025S00	M025D02	905.0	ps
M025S00-M025D02-905.0-variance	MISC	M025S00	M025D02	905.0	ps^2
M025S00-M025D03-690.0-sum	MISC	M025S00	M025D03	690.0	
M025S00-M025D03-690.0-mean	MISC	M025S00	M025D03	690.0	ps
M025S00-M025D03-690.0-variance	MISC	M025S00	M025D03	690.0	ps^2
M025S00-M025D03-905.0-sum	MISC	M025S00	M025D03	905.0	
M025S00-M025D03-905.0-mean	MISC	M025S00	M025D03	905.0	ps
M025S00-M025D03-905.0-variance	MISC	M025S00	M025D03	905.0	ps^2
M025S00-M025D04-690.0-sum	MISC	M025S00	M025D04	690.0	
M025S00-M025D04-690.0-mean	MISC	M025S00	M025D04	690.0	ps
M025S00-M025D04-690.0-variance	MISC	M025S00	M025D04	690.0	ps^2
M025S00-M025D04-905.0-sum	MISC	M025S00	M025D04	905.0	
M025S00-M025D04-905.0-mean	MISC	M025S00	M025D04	905.0	ps
M025S00-M025D04-905.0-variance	MISC	M025S00	M025D04	905.0	ps^2
M025S00-M025D05-690.0-sum	MISC	M025S00	M025D05	690.0	
M025S00-M025D05-690.0-mean	MISC	M025S00	M025D05	690.0	ps
M025S00-M025D05-690.0-variance	MISC	M025S00	M025D05	690.0	ps^2
M025S00-M025D05-905.0-sum	MISC	M025S00	M025D05	905.0	
M025S00-M025D05-905.0-mean	MISC	M025S00	M025D05	905.0	ps
M025S00-M025D05-905.0-variance	MISC	M025S00	M025D05	905.0	ps^2
M025S01-M025D00-690.0-sum	MISC	M025S01	M025D00	690.0	
M025S01-M025D00-690.0-mean	MISC	M025S01	M025D00	690.0	ps
M025S01-M025D00-690.0-variance	MISC	M025S01	M025D00	690.0	ps^2
M025S01-M025D00-905.0-sum	MISC	M025S01	M025D00	905.0	
M025S01-M025D00-905.0-mean	MISC	M025S01	M025D00	905.0	ps
M025S01-M025D00-905.0-variance	MISC	M025S01	M025D00	905.0	ps^2
M025S01-M025D01-690.0-sum	MISC	M025S01	M025D01	690.0	
M025S01-M025D01-690.0-mean	MISC	M025S01	M025D01	690.0	ps
M025S01-M025D01-690.0-variance	MISC	M025S01	M025D01	690.0	ps^2
M025S01-M025D01-905.0-sum	MISC	M025S01	M025D01	905.0	
M025S01-M025D01-905.0-mean	MISC	M025S01	M025D01	905.0	ps
M025S01-M025D01-905.0-variance	MISC	M025S01	M025D01	905.0	ps^2
M025S01-M025D02-690.0-sum	MISC	M025S01	M025D02	690.0	
M025S01-M025D02-690.0-mean	MISC	M025S01	M025D02	690.0	ps
M025S01-M025D02-690.0-variance	MISC	M025S01	M025D02	690.0	ps^2
M025S01-M025D02-905.0-sum	MISC	M025S01	M025D02	905.0	
M025S01-M025D02-905.0-mean	MISC	M025S01	M025D02	905.0	ps
M025S01-M025D02-905.0-variance	MISC	M025S01	M025D02	905.0	ps^2
M025S01-M025D03-690.0-sum	MISC	M025S01	M025D03	690.0	
M025S01-M025D03-690.0-mean	MISC	M025S01	M025D03	690.0	ps
M025S01-M025D03-690.0-variance	MISC	M025S01	M025D03	690.0	ps^2
M025S01-M025D03-905.0-sum	MISC	M025S01	M025D03	905.0	
M025S01-M025D03-905.0-mean	MISC	M025S01	M025D03	905.0	ps
M025S01-M025D03-905.0-variance	MISC	M025S01	M025D03	905.0	ps^2
M025S01-M025D04-690.0-sum	MISC	M025S01	M025D04	690.0	
M025S01-M025D04-690.0-mean	MISC	M025S01	M025D04	690.0	ps
M025S01-M025D04-690.0-variance	MISC	M025S01	M025D04	690.0	ps^2
M025S01-M025D04-905.0-sum	MISC	M025S01	M025D04	905.0	
M025S01-M025D04-905.0-mean	MISC	M025S01	M025D04	905.0	ps
M025S01-M025D04-905.0-variance	MISC	M025S01	M025D04	905.0	ps^2
M025S01-M025D05-690.0-sum	MISC	M025S01	M025D05	690.0	
M025S01-M025D05-690.0-mean	MISC	M025S01	M025D05	690.0	ps
M025S01-M025D05-690.0-variance	MISC	M025S01	M025D05	690.0	ps^2
M025S01-M025D05-905.0-sum	MISC	M025S01	M025D05	905.0	
M025S01-M025D05-905.0-mean	MISC	M025S01	M025D05	905.0	ps
M025S01-M025D05-905.0-variance	MISC	M025S01	M025D05	905.0	ps^2
M025S01-M027D03-690.0-sum	MISC	M025S01	M027D03	690.0	
M025S01-M027D03-690.0-mean	MISC	M025S01	M027D03	690.0	ps
M025S01-M027D03-690.0-variance	MISC	M025S01	M027D03	690.0	ps^2
M025S01-M027D03-905.0-sum	MISC	M025S01	M027D03	905.0	
M025S01-M027D03-905.0-mean	MISC	M025S01	M027D03	905.0	ps
M025S01-M027D03-905.0-variance	MISC	M025S01	M027D03	905.0	ps^2
M025S01-M027D04-690.0-sum	MISC	M025S01	M027D04	690.0	
M025S01-M027D04-690.0-mean	MISC	M025S01	M027D04	690.0	ps
M025S01-M027D04-690.0-variance	MISC	M025S01	M027D04	690.0	ps^2
M025S01-M027D04-905.0-sum	MISC	M025S01	M027D04	905.0	
M025S01-M027D04-905.0-mean	MISC	M025S01	M027D04	905.0	ps
M025S01-M027D04-905.0-variance	MISC	M025S01	M027D04	905.0	ps^2
M025S01-M027D05-690.0-sum	MISC	M025S01	M027D05	690.0	
M025S01-M027D05-690.0-mean	MISC	M025S01	M027D05	690.0	ps
M025S01-M027D05-690.0-variance	MISC	M025S01	M027D05	690.0	ps^2
M025S01-M027D05-905.0-sum	MISC	M025S01	M027D05	905.0	
M025S01-M027D05-905.0-mean	MISC	M025S01	M027D05	905.0	ps
M025S01-M027D05-905.0-variance	MISC	M025S01	M027D05	905.0	ps^2
M025S02-M015D00-690.0-sum	MISC	M025S02	M015D00	690.0	
M025S02-M015D00-690.0-mean	MISC	M025S02	M015D00	690.0	ps
M025S02-M015D00-690.0-variance	MISC	M025S02	M015D00	690.0	ps^2
M025S02-M015D00-905.0-sum	MISC	M025S02	M015D00	905.0	
M025S02-M015D00-905.0-mean	MISC	M025S02	M015D00	905.0	ps
M025S02-M015D00-905.0-variance	MISC	M025S02	M015D00	905.0	ps^2
M025S02-M015D01-690.0-sum	MISC	M025S02	M015D01	690.0	
M025S02-M015D01-690.0-mean	MISC	M025S02	M015D01	690.0	ps
M025S02-M015D01-690.0-variance	MISC	M025S02	M015D01	690.0	ps^2
M025S02-M015D01-905.0-sum	MISC	M025S02	M015D01	905.0	
M025S02-M015D01-905.0-mean	MISC	M025S02	M015D01	905.0	ps
M025S02-M015D01-905.0-variance	MISC	M025S02	M015D01	905.0	ps^2
M025S02-M015D02-690.0-sum	MISC	M025S02	M015D02	690.0	
M025S02-M015D02-690.0-mean	MISC	M025S02	M015D02	690.0	ps
M025S02-M015D02-690.0-variance	MISC	M025S02	M015D02	690.0	ps^2
M025S02-M015D02-905.0-sum	MISC	M025S02	M015D02	905.0	
M025S02-M015D02-905.0-mean	MISC	M025S02	M015D02	905.0	ps
M025S02-M015D02-905.0-variance	MISC	M025S02	M015D02	905.0	ps^2
M025S02-M019D02-690.0-sum	MISC	M025S02	M019D02	690.0	
M025S02-M019D02-690.0-mean	MISC	M025S02	M019D02	690.0	ps
M025S02-M019D02-690.0-variance	MISC	M025S02	M019D02	690.0	ps^2
M025S02-M019D02-905.0-sum	MISC	M025S02	M019D02	905.0	
M025S02-M019D02-905.0-mean	MISC	M025S02	M019D02	905.0	ps
M025S02-M019D02-905.0-variance	MISC	M025S02	M019D02	905.0	ps^2
M025S02-M019D03-690.0-sum	MISC	M025S02	M019D03	690.0	
M025S02-M019D03-690.0-mean	MISC	M025S02	M019D03	690.0	ps
M025S02-M019D03-690.0-variance	MISC	M025S02	M019D03	690.0	ps^2
M025S02-M019D03-905.0-sum	MISC	M025S02	M019D03	905.0	
M025S02-M019D03-905.0-mean	MISC	M025S02	M019D03	905.0	ps
M025S02-M019D03-905.0-variance	MISC	M025S02	M019D03	905.0	ps^2
M025S02-M025D00-690.0-sum	MISC	M025S02	M025D00	690.0	
M025S02-M025D00-690.0-mean	MISC	M025S02	M025D00	690.0	ps
M025S02-M025D00-690.0-variance	MISC	M025S02	M025D00	690.0	ps^2
M025S02-M025D00-905.0-sum	MISC	M025S02	M025D00	905.0	
M025S02-M025D00-905.0-mean	MISC	M025S02	M025D00	905.0	ps
M025S02-M025D00-905.0-variance	MISC	M025S02	M025D00	905.0	ps^2
M025S02-M025D01-690.0-sum	MISC	M025S02	M025D01	690.0	
M025S02-M025D01-690.0-mean	MISC	M025S02	M025D01	690.0	ps
M025S02-M025D01-690.0-variance	MISC	M025S02	M025D01	690.0	ps^2
M025S02-M025D01-905.0-sum	MISC	M025S02	M025D01	905.0	
M025S02-M025D01-905.0-mean	MISC	M025S02	M025D01	905.0	ps
M025S02-M025D01-905.0-variance	MISC	M025S02	M025D01	905.0	ps^2
M025S02-M025D02-690.0-sum	MISC	M025S02	M025D02	690.0	
M025S02-M025D02-690.0-mean	MISC	M025S02	M025D02	690.0	ps
M025S02-M025D02-690.0-variance	MISC	M025S02	M025D02	690.0	ps^2
M025S02-M025D02-905.0-sum	MISC	M025S02	M025D02	905.0	
M025S02-M025D02-905.0-mean	MISC	M025S02	M025D02	905.0	ps
M025S02-M025D02-905.0-variance	MISC	M025S02	M025D02	905.0	ps^2
M025S02-M025D03-690.0-sum	MISC	M025S02	M025D03	690.0	
M025S02-M025D03-690.0-mean	MISC	M025S02	M025D03	690.0	ps
M025S02-M025D03-690.0-variance	MISC	M025S02	M025D03	690.0	ps^2
M025S02-M025D03-905.0-sum	MISC	M025S02	M025D03	905.0	
M025S02-M025D03-905.0-mean	MISC	M025S02	M025D03	905.0	ps
M025S02-M025D03-905.0-variance	MISC	M025S02	M025D03	905.0	ps^2
M025S02-M025D04-690.0-sum	MISC	M025S02	M025D04	690.0	
M025S02-M025D04-690.0-mean	MISC	M025S02	M025D04	690.0	ps
M025S02-M025D04-690.0-variance	MISC	M025S02	M025D04	690.0	ps^2
M025S02-M025D04-905.0-sum	MISC	M025S02	M025D04	905.0	
M025S02-M025D04-905.0-mean	MISC	M025S02	M025D04	905.0	ps
M025S02-M025D04-905.0-variance	MISC	M025S02	M025D04	905.0	ps^2
M025S02-M025D05-690.0-sum	MISC	M025S02	M025D05	690.0	
M025S02-M025D05-690.0-mean	MISC	M025S02	M025D05	690.0	ps
M025S02-M025D05-690.0-variance	MISC	M025S02	M025D05	690.0	ps^2
M025S02-M025D05-905.0-sum	MISC	M025S02	M025D05	905.0	
M025S02-M025D05-905.0-mean	MISC	M025S02	M025D05	905.0	ps
M025S02-M025D05-905.0-variance	MISC	M025S02	M025D05	905.0	ps^2
M026S00-M026D00-690.0-sum	MISC	M026S00	M026D00	690.0	
M026S00-M026D00-690.0-mean	MISC	M026S00	M026D00	690.0	ps
M026S00-M026D00-690.0-variance	MISC	M026S00	M026D00	690.0	ps^2
M026S00-M026D00-905.0-sum	MISC	M026S00	M026D00	905.0	
M026S00-M026D00-905.0-mean	MISC	M026S00	M026D00	905.0	ps
M026S00-M026D00-905.0-variance	MISC	M026S00	M026D00	905.0	ps^2
M026S00-M026D01-690.0-sum	MISC	M026S00	M026D01	690.0	
M026S00-M026D01-690.0-mean	MISC	M026S00	M026D01	690.0	ps
M026S00-M026D01-690.0-variance	MISC	M026S00	M026D01	690.0	ps^2
M026S00-M026D01-905.0-sum	MISC	M026S00	M026D01	905.0	
M026S00-M026D01-905.0-mean	MISC	M026S00	M026D01	905.0	ps
M026S00-M026D01-905.0-variance	MISC	M026S00	M026D01	905.0	ps^2
M026S00-M026D04-690.0-sum	MISC	M026S00	M026D04	690.0	
M026S00-M026D04-690.0-mean	MISC	M026S00	M026D04	690.0	ps
M026S00-M026D04-690.0-variance	MISC	M026S00	M026D04	690.0	ps^2
M026S00-M026D04-905.0-sum	MISC	M026S00	M026D04	905.0	
M026S00-M026D04-905.0-mean	MISC	M026S00	M026D04	905.0	ps
M026S00-M026D04-905.0-variance	MISC	M026S00	M026D04	905.0	ps^2
M026S00-M026D05-690.0-sum	MISC	M026S00	M026D05	690.0	
M026S00-M026D05-690.0-mean	MISC	M026S00	M026D05	690.0	ps
M026S00-M026D05-690.0-variance	MISC	M026S00	M026D05	690.0	ps^2
M026S00-M026D05-905.0-sum	MISC	M026S00	M026D05	905.0	
M026S00-M026D05-905.0-mean	MISC	M026S00	M026D05	905.0	ps
M026S00-M026D05-905.0-variance	MISC	M026S00	M026D05	905.0	ps^2
M026S01-M018D02-690.0-sum	MISC	M026S01	M018D02	690.0	
M026S01-M018D02-690.0-mean	MISC	M026S01	M018D02	690.0	ps
M026S01-M018D02-690.0-variance	MISC	M026S01	M018D02	690.0	ps^2
M026S01-M018D02-905.0-sum	MISC	M026S01	M018D02	905.0	
M026S01-M018D02-905.0-mean	MISC	M026S01	M018D02	905.0	ps
M026S01-M018D02-905.0-variance	MISC	M026S01	M018D02	905.0	ps^2
M026S01-M024D02-690.0-sum	MISC	M026S01	M024D02	690.0	
M026S01-M024D02-690.0-mean	MISC	M026S01	M024D02	690.0	ps
M026S01-M024D02-690.0-variance	MISC	M026S01	M024D02	690.0	ps^2
M026S01-M024D02-905.0-sum	MISC	M026S01	M024D02	905.0	
M026S01-M024D02-905.0-mean	MISC	M026S01	M024D02	905.0	ps
M026S01-M024D02-905.0-variance	MISC	M026S01	M024D02	905.0	ps^2
M026S01-M024D03-690.0-sum	MISC	M026S01	M024D03	690.0	
M026S01-M024D03-690.0-mean	MISC	M026S01	M024D03	690.0	ps
M026S01-M024D03-690.0-variance	MISC	M026S01	M024D03	690.0	ps^2
M026S01-M024D03-905.0-sum	MISC	M026S01	M024D03	905.0	
M026S01-M024D03-905.0-mean	MISC	M026S01	M024D03	905.0	ps
M026S01-M024D03-905.0-variance	MISC	M026S01	M024D03	905.0	ps^2
M026S01-M026D00-690.0-sum	MISC	M026S01	M026D00	690.0	
M026S01-M026D00-690.0-mean	MISC	M026S01	M026D00	690.0	ps
M026S01-M026D00-690.0-variance	MISC	M026S01	M026D00	690.0	ps^2
M026S01-M026D00-905.0-sum	MISC	M026S01	M026D00	905.0	
M026S01-M026D00-905.0-mean	MISC	M026S01	M026D00	905.0	ps
M026S01-M026D00-905.0-variance	MISC	M026S01	M026D00	905.0	ps^2
M026S01-M026D01-690.0-sum	MISC	M026S01	M026D01	690.0	
M026S01-M026D01-690.0-mean	MISC	M026S01	M026D01	690.0	ps
M026S01-M026D01-690.0-variance	MISC	M026S01	M026D01	690.0	ps^2
M026S01-M026D01-905.0-sum	MISC	M026S01	M026D01	905.0	
M026S01-M026D01-905.0-mean	MISC	M026S01	M026D01	905.0	ps
M026S01-M026D01-905.0-variance	MISC	M026S01	M026D01	905.0	ps^2
M026S01-M026D02-690.0-sum	MISC	M026S01	M026D02	690.0	
M026S01-M026D02-690.0-mean	MISC	M026S01	M026D02	690.0	ps
M026S01-M026D02-690.0-variance	MISC	M026S01	M026D02	690.0	ps^2
M026S01-M026D02-905.0-sum	MISC	M026S01	M026D02	905.0	
M026S01-M026D02-905.0-mean	MISC	M026S01	M026D02	905.0	ps
M026S01-M026D02-905.0-variance	MISC	M026S01	M026D02	905.0	ps^2
M026S01-M026D03-690.0-sum	MISC	M026S01	M026D03	690.0	
M026S01-M026D03-690.0-mean	MISC	M026S01	M026D03	690.0	ps
M026S01-M026D03-690.0-variance	MISC	M026S01	M026D03	690.0	ps^2
M026S01-M026D03-905.0-sum	MISC	M026S01	M026D03	905.0	
M026S01-M026D03-905.0-mean	MISC	M026S01	M026D03	905.0	ps
M026S01-M026D03-905.0-variance	MISC	M026S01	M026D03	905.0	ps^2
M026S02-M020D04-690.0-sum	MISC	M026S02	M020D04	690.0	
M026S02-M020D04-690.0-mean	MISC	M026S02	M020D04	690.0	ps
M026S02-M020D04-690.0-variance	MISC	M026S02	M020D04	690.0	ps^2
M026S02-M020D04-905.0-sum	MISC	M026S02	M020D04	905.0	
M026S02-M020D04-905.0-mean	MISC	M026S02	M020D04	905.0	ps
M026S02-M020D04-905.0-variance	MISC	M026S02	M020D04	905.0	ps^2
M026S02-M020D05-690.0-sum	MISC	M026S02	M020D05	690.0	
M026S02-M020D05-690.0-mean	MISC	M026S02	M020D05	690.0	ps
M026S02-M020D05-690.0-variance	MISC	M026S02	M020D05	690.0	ps^2
M026S02-M020D05-905.0-sum	MISC	M026S02	M020D05	905.0	
M026S02-M020D05-905.0-mean	MISC	M026S02	M020D05	905.0	ps
M026S02-M020D05-905.0-variance	MISC	M026S02	M020D05	905.0	ps^2
M026S02-M026D02-690.0-sum	MISC	M026S02	M026D02	690.0	
M026S02-M026D02-690.0-mean	MISC	M026S02	M026D02	690.0	ps
M026S02-M026D02-690.0-variance	MISC	M026S02	M026D02	690.0	ps^2
M026S02-M026D02-905.0-sum	MISC	M026S02	M026D02	905.0	
M026S02-M026D02-905.0-mean	MISC	M026S02	M026D02	905.0	ps
M026S02-M026D02-905.0-variance	MISC	M026S02	M026D02	905.0	ps^2
M026S02-M026D03-690.0-sum	MISC	M026S02	M026D03	690.0	
M026S02-M026D03-690.0-mean	MISC	M026S02	M026D03	690.0	ps
M026S02-M026D03-690.0-variance	MISC	M026S02	M026D03	690.0	ps^2
M026S02-M026D03-905.0-sum	MISC	M026S02	M026D03	905.0	
M026S02-M026D03-905.0-mean	MISC	M026S02	M026D03	905.0	ps
M026S02-M026D03-905.0-variance	MISC	M026S02	M026D03	905.0	ps^2
M026S02-M026D04-690.0-sum	MISC	M026S02	M026D04	690.0	
M026S02-M026D04-690.0-mean	MISC	M026S02	M026D04	690.0	ps
M026S02-M026D04-690.0-variance	MISC	M026S02	M026D04	690.0	ps^2
M026S02-M026D04-905.0-sum	MISC	M026S02	M026D04	905.0	
M026S02-M026D04-905.0-mean	MISC	M026S02	M026D04	905.0	ps
M026S02-M026D04-905.0-variance	MISC	M026S02	M026D04	905.0	ps^2
M026S02-M026D05-690.0-sum	MISC	M026S02	M026D05	690.0	
M026S02-M026D05-690.0-mean	MISC	M026S02	M026D05	690.0	ps
M026S02-M026D05-690.0-variance	MISC	M026S02	M026D05	690.0	ps^2
M026S02-M026D05-905.0-sum	MISC	M026S02	M026D05	905.0	
M026S02-M026D05-905.0-mean	MISC	M026S02	M026D05	905.0	ps
M026S02-M026D05-905.0-variance	MISC	M026S02	M026D05	905.0	ps^2
M027S00-M027D00-690.0-sum	MISC	M027S00	M027D00	690.0	
M027S00-M027D00-690.0-mean	MISC	M027S00	M027D00	690.0	ps
M027S00-M027D00-690.0-variance	MISC	M027S00	M027D00	690.0	ps^2
M027S00-M027D00-905.0-sum	MISC	M027S00	M027D00	905.0	
M027S00-M027D00-905.0-mean	MISC	M027S00	M027D00	905.0	ps
M027S00-M027D00-905.0-variance	MISC	M027S00	M027D00	905.0	ps^2
M027S00-M027D01-690.0-sum	MISC	M027S00	M027D01	690.0	
M027S00-M027D01-690.0-mean	MISC	M027S00	M027D01	690.0	ps
M027S00-M027D01-690.0-variance	MISC	M027S00	M027D01	690.0	ps^2
M027S00-M027D01-905.0-sum	MISC	M027S00	M027D01	905.0	
M027S00-M027D01-905.0-mean	MISC	M027S00	M027D01	905.0	ps
M027S00-M027D01-905.0-variance	MISC	M027S00	M027D01	905.0	ps^2
M027S00-M027D04-690.0-sum	MISC	M027S00	M027D04	690.0	
M027S00-M027D04-690.0-mean	MISC	M027S00	M027D04	690.0	ps
M027S00-M027D04-690.0-variance	MISC	M027S00	M027D04	690.0	ps^2
M027S00-M027D04-905.0-sum	MISC	M027S00	M027D04	905.0	
M027S00-M027D04-905.0-mean	MISC	M027S00	M027D04	905.0	ps
M027S00-M027D04-905.0-variance	MISC	M027S00	M027D04	905.0	ps^2
M027S00-M027D05-690.0-sum	MISC	M027S00	M027D05	690.0	
M027S00-M027D05-690.0-mean	MISC	M027S00	M027D05	690.0	ps
M027S00-M027D05-690.0-variance	MISC	M027S00	M027D05	690.0	ps^2
M027S00-M027D05-905.0-sum	MISC	M027S00	M027D05	905.0	
M027S00-M027D05-905.0-mean	MISC	M027S00	M027D05	905.0	ps
M027S00-M027D05-905.0-variance	MISC	M027S00	M027D05	905.0	ps^2
M027S01-M021D00-690.0-sum	MISC	M027S01	M021D00	690.0	
M027S01-M021D00-690.0-mean	MISC	M027S01	M021D00	690.0	ps
M027S01-M021D00-690.0-variance	MISC	M027S01	M021D00	690.0	ps^2
M027S01-M021D00-905.0-sum	MISC	M027S01	M021D00	905.0	
M027S01-M021D00-905.0-mean	MISC	M027S01	M021D00	905.0	ps
M027S01-M021D00-905.0-variance	MISC	M027S01	M021D00	905.0	ps^2
M027S01-M021D01-690.0-sum	MISC	M027S01	M021D01	690.0	
M027S01-M021D01-690.0-mean	MISC	M027S01	M021D01	690.0	ps
M027S01-M021D01-690.0-variance	MISC	M027S01	M021D01	690.0	ps^2
M027S01-M021D01-905.0-sum	MISC	M027S01	M021D01	905.0	
M027S01-M021D01-905.0-mean	MISC	M027S01	M021D01	905.0	ps
M027S01-M021D01-905.0-variance	MISC	M027S01	M021D01	905.0	ps^2
M027S01-M027D00-690.0-sum	MISC	M027S01	M027D00	690.0	
M027S01-M027D00-690.0-mean	MISC	M027S01	M027D00	690.0	ps
M027S01-M027D00-690.0-variance	MISC	M027S01	M027D00	690.0	ps^2
M027S01-M027D00-905.0-sum	MISC	M027S01	M027D00	905.0	
M027S01-M027D00-905.0-mean	MISC	M027S01	M027D00	905.0	ps
M027S01-M027D00-905.0-variance	MISC	M027S01	M027D00	905.0	ps^2
M027S01-M027D01-690.0-sum	MISC	M027S01	M027D01	690.0	
M027S01-M027D01-690.0-mean	MISC	M027S01	M027D01	690.0	ps
M027S01-M027D01-690.0-variance	MISC	M027S01	M027D01	690.0	ps^2
M027S01-M027D01-905.0-sum	MISC	M027S01	M027D01	905.0	
M027S01-M027D01-905.0-mean	MISC	M027S01	M027D01	905.0	ps
M027S01-M027D01-905.0-variance	MISC	M027S01	M027D01	905.0	ps^2
M027S01-M027D02-690.0-sum	MISC	M027S01	M027D02	690.0	
M027S01-M027D02-690.0-mean	MISC	M027S01	M027D02	690.0	ps
M027S01-M027D02-690.0-variance	MISC	M027S01	M027D02	690.0	ps^2
M027S01-M027D02-905.0-sum	MISC	M027S01	M027D02	905.0	
M027S01-M027D02-905.0-mean	MISC	M027S01	M027D02	905.0	ps
M027S01-M027D02-905.0-variance	MISC	M027S01	M027D02	905.0	ps^2
M027S01-M027D03-690.0-sum	MISC	M027S01	M027D03	690.0	
M027S01-M027D03-690.0-mean	MISC	M027S01	M027D03	690.0	ps
M027S01-M027D03-690.0-variance	MISC	M027S01	M027D03	690.0	ps^2
M027S01-M027D03-905.0-sum	MISC	M027S01	M027D03	905.0	
M027S01-M027D03-905.0-mean	MISC	M027S01	M027D03	905.0	ps
M027S01-M027D03-905.0-variance	MISC	M027S01	M027D03	905.0	ps^2
M027S02-M025D01-690.0-sum	MISC	M027S02	M025D01	690.0	
M027S02-M025D01-690.0-mean	MISC	M027S02	M025D01	690.0	ps
M027S02-M025D01-690.0-variance	MISC	M027S02	M025D01	690.0	ps^2
M027S02-M025D01-905.0-sum	MISC	M027S02	M025D01	905.0	
M027S02-M025D01-905.0-mean	MISC	M027S02	M025D01	905.0	ps
M027S02-M025D01-905.0-variance	MISC	M027S02	M025D01	905.0	ps^2
M027S02-M025D02-690.0-sum	MISC	M027S02	M025D02	690.0	
M027S02-M025D02-690.0-mean	MISC	M027S02	M025D02	690.0	ps
M027S02-M025D02-690.0-variance	MISC	M027S02	M025D02	690.0	ps^2
M027S02-M025D02-905.0-sum	MISC	M027S02	M025D02	905.0	
M027S02-M025D02-905.0-mean	MISC	M027S02	M025D02	905.0	ps
M027S02-M025D02-905.0-variance	MISC	M027S02	M025D02	905.0	ps^2
M027S02-M025D03-690.0-sum	MISC	M027S02	M025D03	690.0	
M027S02-M025D03-690.0-mean	MISC	M027S02	M025D03	690.0	ps
M027S02-M025D03-690.0-variance	MISC	M027S02	M025D03	690.0	ps^2
M027S02-M025D03-905.0-sum	MISC	M027S02	M025D03	905.0	
M027S02-M025D03-905.0-mean	MISC	M027S02	M025D03	905.0	ps
M027S02-M025D03-905.0-variance	MISC	M027S02	M025D03	905.0	ps^2
M027S02-M027D02-690.0-sum	MISC	M027S02	M027D02	690.0	
M027S02-M027D02-690.0-mean	MISC	M027S02	M027D02	690.0	ps
M027S02-M027D02-690.0-variance	MISC	M027S02	M027D02	690.0	ps^2
M027S02-M027D02-905.0-sum	MISC	M027S02	M027D02	905.0	
M027S02-M027D02-905.0-mean	MISC	M027S02	M027D02	905.0	ps
M027S02-M027D02-905.0-variance	MISC	M027S02	M027D02	905.0	ps^2
M027S02-M027D03-690.0-sum	MISC	M027S02	M027D03	690.0	
M027S02-M027D03-690.0-mean	MISC	M027S02	M027D03	690.0	ps
M027S02-M027D03-690.0-variance	MISC	M027S02	M027D03	690.0	ps^2
M027S02-M027D03-905.0-sum	MISC	M027S02	M027D03	905.0	
M027S02-M027D03-905.0-mean	MISC	M027S02	M027D03	905.0	ps
M027S02-M027D03-905.0-variance	MISC	M027S02	M027D03	905.0	ps^2
M027S02-M027D04-690.0-sum	MISC	M027S02	M027D04	690.0	
M027S02-M027D04-690.0-mean	MISC	M027S02	M027D04	690.0	ps
M027S02-M027D04-690.0-variance	MISC	M027S02	M027D04	690.0	ps^2
M027S02-M027D04-905.0-sum	MISC	M027S02	M027D04	905.0	
M027S02-M027D04-905.0-mean	MISC	M027S02	M027D04	905.0	ps
M027S02-M027D04-905.0-variance	MISC	M027S02	M027D04	905.0	ps^2
M027S02-M027D05-690.0-sum	MISC	M027S02	M027D05	690.0	
M027S02-M027D05-690.0-mean	MISC	M027S02	M027D05	690.0	ps
M027S02-M027D05-690.0-variance	MISC	M027S02	M027D05	690.0	ps^2
M027S02-M027D05-905.0-sum	MISC	M027S02	M027D05	905.0	
M027S02-M027D05-905.0-mean	MISC	M027S02	M027D05	905.0	ps
M027S02-M027D05-905.0-variance	MISC	M027S02	M027D05	905.0	ps^2
M028S00-M028D00-690.0-sum	MISC	M028S00	M028D00	690.0	
M028S00-M028D00-690.0-mean	MISC	M028S00	M028D00	690.0	ps
M028S00-M028D00-690.0-variance	MISC	M028S00	M028D00	690.0	ps^2
M028S00-M028D00-905.0-sum	MISC	M028S00	M028D00	905.0	
M028S00-M028D00-905.0-mean	MISC	M028S00	M028D00	905.0	ps
M028S00-M028D00-905.0-variance	MISC	M028S00	M028D00	905.0	ps^2
M028S00-M028D05-690.0-sum	MISC	M028S00	M028D05	690.0	
M028S00-M028D05-690.0-mean	MISC	M028S00	M028D05	690.0	ps
M028S00-M028D05-690.0-variance	MISC	M028S00	M028D05	690.0	ps^2
M028S00-M028D05-905.0-sum	MISC	M028S00	M028D05	905.0	
M028S00-M028D05-905.0-mean	MISC	M028S00	M028D05	905.0	ps
M028S00-M028D05-905.0-variance	MISC	M028S00	M028D05	905.0	ps^2
M028S01-M028D01-690.0-sum	MISC	M028S01	M028D01	690.0	
M028S01-M028D01-690.0-mean	MISC	M028S01	M028D01	690.0	ps
M028S01-M028D01-690.0-variance	MISC	M028S01	M028D01	690.0	ps^2
M028S01-M028D01-905.0-sum	MISC	M028S01	M028D01	905.0	
M028S01-M028D01-905.0-mean	MISC	M028S01	M028D01	905.0	ps
M028S01-M028D01-905.0-variance	MISC	M028S01	M028D01	905.0	ps^2
M028S01-M028D02-690.0-sum	MISC	M028S01	M028D02	690.0	
M028S01-M028D02-690.0-mean	MISC	M028S01	M028D02	690.0	ps
M028S01-M028D02-690.0-variance	MISC	M028S01	M028D02	690.0	ps^2
M028S01-M028D02-905.0-sum	MISC	M028S01	M028D02	905.0	
M028S01-M028D02-905.0-mean	MISC	M028S01	M028D02	905.0	ps
M028S01-M028D02-905.0-variance	MISC	M028S01	M028D02	905.0	ps^2
M028S02-M028D03-690.0-sum	MISC	M028S02	M028D03	690.0	
M028S02-M028D03-690.0-mean	MISC	M028S02	M028D03	690.0	ps
M028S02-M028D03-690.0-variance	MISC	M028S02	M028D03	690.0	ps^2
M028S02-M028D03-905.0-sum	MISC	M028S02	M028D03	905.0	
M028S02-M028D03-905.0-mean	MISC	M028S02	M028D03	905.0	ps
M028S02-M028D03-905.0-variance	MISC	M028S02	M028D03	905.0	ps^2
M028S02-M028D04-690.0-sum	MISC	M028S02	M028D04	690.0	
M028S02-M028D04-690.0-mean	MISC	M028S02	M028D04	690.0	ps
M028S02-M028D04-690.0-variance	MISC	M028S02	M028D04	690.0	ps^2
M028S02-M028D04-905.0-sum	MISC	M028S02	M028D04	905.0	
M028S02-M028D04-905.0-mean	MISC	M028S02	M028D04	905.0	ps
M028S02-M028D04-905.0-variance	MISC	M028S02	M028D04	905.0	ps^2
M028S02-M030D00-690.0-sum	MISC	M028S02	M030D00	690.0	
M028S02-M030D00-690.0-mean	MISC	M028S02	M030D00	690.0	ps
M028S02-M030D00-690.0-variance	MISC	M028S02	M030D00	690.0	ps^2
M028S02-M030D00-905.0-sum	MISC	M028S02	M030D00	905.0	
M028S02-M030D00-905.0-mean	MISC	M028S02	M030D00	905.0	ps
M028S02-M030D00-905.0-variance	MISC	M028S02	M030D00	905.0	ps^2
M028S02-M030D01-690.0-sum	MISC	M028S02	M030D01	690.0	
M028S02-M030D01-690.0-mean	MISC	M028S02	M030D01	690.0	ps
M028S02-M030D01-690.0-variance	MISC	M028S02	M030D01	690.0	ps^2
M028S02-M030D01-905.0-sum	MISC	M028S02	M030D01	905.0	
M028S02-M030D01-905.0-mean	MISC	M028S02	M030D01	905.0	ps
M028S02-M030D01-905.0-variance	MISC	M028S02	M030D01	905.0	ps^2
M029S00-M027D00-690.0-sum	MISC	M029S00	M027D00	690.0	
M029S00-M027D00-690.0-mean	MISC	M029S00	M027D00	690.0	ps
M029S00-M027D00-690.0-variance	MISC	M029S00	M027D00	690.0	ps^2
M029S00-M027D00-905.0-sum	MISC	M029S00	M027D00	905.0	
M029S00-M027D00-905.0-mean	MISC	M029S00	M027D00	905.0	ps
M029S00-M027D00-905.0-variance	MISC	M029S00	M027D00	905.0	ps^2
M029S00-M027D01-690.0-sum	MISC	M029S00	M027D01	690.0	
M029S00-M027D01-690.0-mean	MISC	M029S00	M027D01	690.0	ps
M029S00-M027D01-690.0-variance	MISC	M029S00	M027D01	690.0	ps^2
M029S00-M027D01-905.0-sum	MISC	M029S00	M027D01	905.0	
M029S00-M027D01-905.0-mean	MISC	M029S00	M027D01	905.0	ps
M029S00-M027D01-905.0-variance	MISC	M029S00	M027D01	905.0	ps^2
M029S00-M029D00-690.0-sum	MISC	M029S00	M029D00	690.0	
M029S00-M029D00-690.0-mean	MISC	M029S00	M029D00	690.0	ps
M029S00-M029D00-690.0-variance	MISC	M029S00	M029D00	690.0	ps^2
M029S00-M029D00-905.0-sum	MISC	M029S00	M029D00	905.0	
M029S00-M029D00-905.0-mean	MISC	M029S00	M029D00	905.0	ps
M029S00-M029D00-905.0-variance	MISC	M029S00	M029D00	905.0	ps^2
M029S00-M029D04-690.0-sum	MISC	M029S00	M029D04	690.0	
M029S00-M029D04-690.0-mean	MISC	M029S00	M029D04	690.0	ps
M029S00-M029D04-690.0-variance	MISC	M029S00	M029D04	690.0	ps^2
M029S00-M029D04-905.0-sum	MISC	M029S00	M029D04	905.0	
M029S00-M029D04-905.0-mean	MISC	M029S00	M029D04	905.0	ps
M029S00-M029D04-905.0-variance	MISC	M029S00	M029D04	905.0	ps^2
M029S00-M029D05-690.0-sum	MISC	M029S00	M029D05	690.0	
M029S00-M029D05-690.0-mean	MISC	M029S00	M029D05	690.0	ps
M029S00-M029D05-690.0-variance	MISC	M029S00	M029D05	690.0	ps^2
M029S00-M029D05-905.0-sum	MISC	M029S00	M029D05	905.0	
M029S00-M029D05-905.0-mean	MISC	M029S00	M029D05	905.0	ps
M029S00-M029D05-905.0-variance	MISC	M029S00	M029D05	905.0	ps^2
M029S01-M029D01-690.0-sum	MISC	M029S01	M029D01	690.0	
M029S01-M029D01-690.0-mean	MISC	M029S01	M029D01	690.0	ps
M029S01-M029D01-690.0-variance	MISC	M029S01	M029D01	690.0	ps^2
M029S01-M029D01-905.0-sum	MISC	M029S01	M029D01	905.0	
M029S01-M029D01-905.0-mean	MISC	M029S01	M029D01	905.0	ps
M029S01-M029D01-905.0-variance	MISC	M029S01	M029D01	905.0	ps^2
M029S01-M029D02-690.0-sum	MISC	M029S01	M029D02	690.0	
M029S01-M029D02-690.0-mean	MISC	M029S01	M029D02	690.0	ps
M029S01-M029D02-690.0-variance	MISC	M029S01	M029D02	690.0	ps^2
M029S01-M029D02-905.0-sum	MISC	M029S01	M029D02	905.0	
M029S01-M029D02-905.0-mean	MISC	M029S01	M029D02	905.0	ps
M029S01-M029D02-905.0-variance	MISC	M029S01	M029D02	905.0	ps^2
M029S01-M029D03-690.0-sum	MISC	M029S01	M029D03	690.0	
M029S01-M029D03-690.0-mean	MISC	M029S01	M029D03	690.0	ps
M029S01-M029D03-690.0-variance	MISC	M029S01	M029D03	690.0	ps^2
M029S01-M029D03-905.0-sum	MISC	M029S01	M029D03	905.0	
M029S01-M029D03-905.0-mean	MISC	M029S01	M029D03	905.0	ps
M029S01-M029D03-905.0-variance	MISC	M029S01	M029D03	905.0	ps^2
M029S01-M031D04-690.0-sum	MISC	M029S01	M031D04	690.0	
M029S01-M031D04-690.0-mean	MISC	M029S01	M031D04	690.0	ps
M029S01-M031D04-690.0-variance	MISC	M029S01	M031D04	690.0	ps^2
M029S01-M031D04-905.0-sum	MISC	M029S01	M031D04	905.0	
M029S01-M031D04-905.0-mean	MISC	M029S01	M031D04	905.0	ps
M029S01-M031D04-905.0-variance	MISC	M029S01	M031D04	905.0	ps^2
M029S02-M029D03-690.0-sum	MISC	M029S02	M029D03	690.0	
M029S02-M029D03-690.0-mean	MISC	M029S02	M029D03	690.0	ps
M029S02-M029D03-690.0-variance	MISC	M029S02	M029D03	690.0	ps^2
M029S02-M029D03-905.0-sum	MISC	M029S02	M029D03	905.0	
M029S02-M029D03-905.0-mean	MISC	M029S02	M029D03	905.0	ps
M029S02-M029D03-905.0-variance	MISC	M029S02	M029D03	905.0	ps^2
M029S02-M029D04-690.0-sum	MISC	M029S02	M029D04	690.0	
M029S02-M029D04-690.0-mean	MISC	M029S02	M029D04	690.0	ps
M029S02-M029D04-690.0-variance	MISC	M029S02	M029D04	690.0	ps^2
M029S02-M029D04-905.0-sum	MISC	M029S02	M029D04	905.0	
M029S02-M029D04-905.0-mean	MISC	M029S02	M029D04	905.0	ps
M029S02-M029D04-905.0-variance	MISC	M029S02	M029D04	905.0	ps^2
M030S00-M030D00-690.0-sum	MISC	M030S00	M030D00	690.0	
M030S00-M030D00-690.0-mean	MISC	M030S00	M030D00	690.0	ps
M030S00-M030D00-690.0-variance	MISC	M030S00	M030D00	690.0	ps^2
M030S00-M030D00-905.0-sum	MISC	M030S00	M030D00	905.0	
M030S00-M030D00-905.0-mean	MISC	M030S00	M030D00	905.0	ps
M030S00-M030D00-905.0-variance	MISC	M030S00	M030D00	905.0	ps^2
M030S00-M030D05-690.0-sum	MISC	M030S00	M030D05	690.0	
M030S00-M030D05-690.0-mean	MISC	M030S00	M030D05	690.0	ps
M030S00-M030D05-690.0-variance	MISC	M030S00	M030D05	690.0	ps^2
M030S00-M030D05-905.0-sum	MISC	M030S00	M030D05	905.0	
M030S00-M030D05-905.0-mean	MISC	M030S00	M030D05	905.0	ps
M030S00-M030D05-905.0-variance	MISC	M030S00	M030D05	905.0	ps^2
M030S01-M028D03-690.0-sum	MISC	M030S01	M028D03	690.0	
M030S01-M028D03-690.0-mean	MISC	M030S01	M028D03	690.0	ps
M030S01-M028D03-690.0-variance	MISC	M030S01	M028D03	690.0	ps^2
M030S01-M028D03-905.0-sum	MISC	M030S01	M028D03	905.0	
M030S01-M028D03-905.0-mean	MISC	M030S01	M028D03	905.0	ps
M030S01-M028D03-905.0-variance	MISC	M030S01	M028D03	905.0	ps^2
M030S01-M030D01-690.0-sum	MISC	M030S01	M030D01	690.0	
M030S01-M030D01-690.0-mean	MISC	M030S01	M030D01	690.0	ps
M030S01-M030D01-690.0-variance	MISC	M030S01	M030D01	690.0	ps^2
M030S01-M030D01-905.0-sum	MISC	M030S01	M030D01	905.0	
M030S01-M030D01-905.0-mean	MISC	M030S01	M030D01	905.0	ps
M030S01-M030D01-905.0-variance	MISC	M030S01	M030D01	905.0	ps^2
M030S01-M030D02-690.0-sum	MISC	M030S01	M030D02	690.0	
M030S01-M030D02-690.0-mean	MISC	M030S01	M030D02	690.0	ps
M030S01-M030D02-690.0-variance	MISC	M030S01	M030D02	690.0	ps^2
M030S01-M030D02-905.0-sum	MISC	M030S01	M030D02	905.0	
M030S01-M030D02-905.0-mean	MISC	M030S01	M030D02	905.0	ps
M030S01-M030D02-905.0-variance	MISC	M030S01	M030D02	905.0	ps^2
M030S01-M030D03-690.0-sum	MISC	M030S01	M030D03	690.0	
M030S01-M030D03-690.0-mean	MISC	M030S01	M030D03	690.0	ps
M030S01-M030D03-690.0-variance	MISC	M030S01	M030D03	690.0	ps^2
M030S01-M030D03-905.0-sum	MISC	M030S01	M030D03	905.0	
M030S01-M030D03-905.0-mean	MISC	M030S01	M030D03	905.0	ps
M030S01-M030D03-905.0-variance	MISC	M030S01	M030D03	905.0	ps^2
M030S01-M038D00-690.0-sum	MISC	M030S01	M038D00	690.0	
M030S01-M038D00-690.0-mean	MISC	M030S01	M038D00	690.0	ps
M030S01-M038D00-690.0-variance	MISC	M030S01	M038D00	690.0	ps^2
M030S01-M038D00-905.0-sum	MISC	M030S01	M038D00	905.0	
M030S01-M038D00-905.0-mean	MISC	M030S01	M038D00	905.0	ps
M030S01-M038D00-905.0-variance	MISC	M030S01	M038D00	905.0	ps^2
M030S01-M038D01-690.0-sum	MISC	M030S01	M038D01	690.0	
M030S01-M038D01-690.0-mean	MISC	M030S01	M038D01	690.0	ps
M030S01-M038D01-690.0-variance	MISC	M030S01	M038D01	690.0	ps^2
M030S01-M038D01-905.0-sum	MISC	M030S01	M038D01	905.0	
M030S01-M038D01-905.0-mean	MISC	M030S01	M038D01	905.0	ps
M030S01-M038D01-905.0-variance	MISC	M030S01	M038D01	905.0	ps^2
M030S02-M030D03-690.0-sum	MISC	M030S02	M030D03	690.0	
M030S02-M030D03-690.0-mean	MISC	M030S02	M030D03	690.0	ps
M030S02-M030D03-690.0-variance	MISC	M030S02	M030D03	690.0	ps^2
M030S02-M030D03-905.0-sum	MISC	M030S02	M030D03	905.0	
M030S02-M030D03-905.0-mean	MISC	M030S02	M030D03	905.0	ps
M030S02-M030D03-905.0-variance	MISC	M030S02	M030D03	905.0	ps^2
M030S02-M030D04-690.0-sum	MISC	M030S02	M030D04	690.0	
M030S02-M030D04-690.0-mean	MISC	M030S02	M030D04	690.0	ps
M030S02-M030D04-690.0-variance	MISC	M030S02	M030D04	690.0	ps^2
M030S02-M030D04-905.0-sum	MISC	M030S02	M030D04	905.0	
M030S02-M030D04-905.0-mean	MISC	M030S02	M030D04	905.0	ps
M030S02-M030D04-905.0-variance	MISC	M030S02	M030D04	905.0	ps^2
M030S02-M030D05-690.0-sum	MISC	M030S02	M030D05	690.0	
M030S02-M030D05-690.0-mean	MISC	M030S02	M030D05	690.0	ps
M030S02-M030D05-690.0-variance	MISC	M030S02	M030D05	690.0	ps^2
M030S02-M030D05-905.0-sum	MISC	M030S02	M030D05	905.0	
M030S02-M030D05-905.0-mean	MISC	M030S02	M030D05	905.0	ps
M030S02-M030D05-905.0-variance	MISC	M030S02	M030D05	905.0	ps^2
M031S00-M031D00-690.0-sum	MISC	M031S00	M031D00	690.0	
M031S00-M031D00-690.0-mean	MISC	M031S00	M031D00	690.0	ps
M031S00-M031D00-690.0-variance	MISC	M031S00	M031D00	690.0	ps^2
M031S00-M031D00-905.0-sum	MISC	M031S00	M031D00	905.0	
M031S00-M031D00-905.0-mean	MISC	M031S00	M031D00	905.0	ps
M031S00-M031D00-905.0-variance	MISC	M031S00	M031D00	905.0	ps^2
M031S00-M031D01-690.0-sum	MISC	M031S00	M031D01	690.0	
M031S00-M031D01-690.0-mean	MISC	M031S00	M031D01	690.0	ps
M031S00-M031D01-690.0-variance	MISC	M031S00	M031D01	690.0	ps^2
M031S00-M031D01-905.0-sum	MISC	M031S00	M031D01	905.0	
M031S00-M031D01-905.0-mean	MISC	M031S00	M031D01	905.0	ps
M031S00-M031D01-905.0-variance	MISC	M031S00	M031D01	905.0	ps^2
M031S00-M031D05-690.0-sum	MISC	M031S00	M031D05	690.0	
M031S00-M031D05-690.0-mean	MISC	M031S00	M031D05	690.0	ps
M031S00-M031D05-690.0-variance	MISC	M031S00	M031D05	690.0	ps^2
M031S00-M031D05-905.0-sum	MISC	M031S00	M031D05	905.0	
M031S00-M031D05-905.0-mean	MISC	M031S00	M031D05	905.0	ps
M031S00-M031D05-905.0-variance	MISC	M031S00	M031D05	905.0	ps^2
M031S00-M033D03-690.0-sum	MISC	M031S00	M033D03	690.0	
M031S00-M033D03-690.0-mean	MISC	M031S00	M033D03	690.0	ps
M031S00-M033D03-690.0-variance	MISC	M031S00	M033D03	690.0	ps^2
M031S00-M033D03-905.0-sum	MISC	M031S00	M033D03	905.0	
M031S00-M033D03-905.0-mean	MISC	M031S00	M033D03	905.0	ps
M031S00-M033D03-905.0-variance	MISC	M031S00	M033D03	905.0	ps^2
M031S01-M031D00-690.0-sum	MISC	M031S01	M031D00	690.0	
M031S01-M031D00-690.0-mean	MISC	M031S01	M031D00	690.0	ps
M031S01-M031D00-690.0-variance	MISC	M031S01	M031D00	690.0	ps^2
M031S01-M031D00-905.0-sum	MISC	M031S01	M031D00	905.0	
M031S01-M031D00-905.0-mean	MISC	M031S01	M031D00	905.0	ps
M031S01-M031D00-905.0-variance	MISC	M031S01	M031D00	905.0	ps^2
M031S01-M031D01-690.0-sum	MISC	M031S01	M031D01	690.0	
M031S01-M031D01-690.0-mean	MISC	M031S01	M031D01	690.0	ps
M031S01-M031D01-690.0-variance	MISC	M031S01	M031D01	690.0	ps^2
M031S01-M031D01-905.0-sum	MISC	M031S01	M031D01	905.0	
M031S01-M031D01-905.0-mean	MISC	M031S01	M031D01	905.0	ps
M031S01-M031D01-905.0-variance	MISC	M031S01	M031D01	905.0	ps^2
M031S01-M031D02-690.0-sum	MISC	M031S01	M031D02	690.0	
M031S01-M031D02-690.0-mean	MISC	M031S01	M031D02	690.0	ps
M031S01-M031D02-690.0-variance	MISC	M031S01	M031D02	690.0	ps^2
M031S01-M031D02-905.0-sum	MISC	M031S01	M031D02	905.0	
M031S01-M031D02-905.0-mean	MISC	M031S01	M031D02	905.0	ps
M031S01-M031D02-905.0-variance	MISC	M031S01	M031D02	905.0	ps^2
M031S01-M031D03-690.0-sum	MISC	M031S01	M031D03	690.0	
M031S01-M031D03-690.0-mean	MISC	M031S01	M031D03	690.0	ps
M031S01-M031D03-690.0-variance	MISC	M031S01	M031D03	690.0	ps^2
M031S01-M031D03-905.0-sum	MISC	M031S01	M031D03	905.0	
M031S01-M031D03-905.0-mean	MISC	M031S01	M031D03	905.0	ps
M031S01-M031D03-905.0-variance	MISC	M031S01	M031D03	905.0	ps^2
M031S02-M031D03-690.0-sum	MISC	M031S02	M031D03	690.0	
M031S02-M031D03-690.0-mean	MISC	M031S02	M031D03	690.0	ps
M031S02-M031D03-690.0-variance	MISC	M031S02	M031D03	690.0	ps^2
M031S02-M031D03-905.0-sum	MISC	M031S02	M031D03	905.0	
M031S02-M031D03-905.0-mean	MISC	M031S02	M031D03	905.0	ps
M031S02-M031D03-905.0-variance	MISC	M031S02	M031D03	905.0	ps^2
M031S02-M031D04-690.0-sum	MISC	M031S02	M031D04	690.0	
M031S02-M031D04-690.0-mean	MISC	M031S02	M031D04	690.0	ps
M031S02-M031D04-690.0-variance	MISC	M031S02	M031D04	690.0	ps^2
M031S02-M031D04-905.0-sum	MISC	M031S02	M031D04	905.0	
M031S02-M031D04-905.0-mean	MISC	M031S02	M031D04	905.0	ps
M031S02-M031D04-905.0-variance	MISC	M031S02	M031D04	905.0	ps^2
M031S02-M038D04-690.0-sum	MISC	M031S02	M038D04	690.0	
M031S02-M038D04-690.0-mean	MISC	M031S02	M038D04	690.0	ps
M031S02-M038D04-690.0-variance	MISC	M031S02	M038D04	690.0	ps^2
M031S02-M038D04-905.0-sum	MISC	M031S02	M038D04	905.0	
M031S02-M038D04-905.0-mean	MISC	M031S02	M038D04	905.0	ps
M031S02-M038D04-905.0-variance	MISC	M031S02	M038D04	905.0	ps^2
M031S02-M038D05-690.0-sum	MISC	M031S02	M038D05	690.0	
M031S02-M038D05-690.0-mean	MISC	M031S02	M038D05	690.0	ps
M031S02-M038D05-690.0-variance	MISC	M031S02	M038D05	690.0	ps^2
M031S02-M038D05-905.0-sum	MISC	M031S02	M038D05	905.0	
M031S02-M038D05-905.0-mean	MISC	M031S02	M038D05	905.0	ps
M031S02-M038D05-905.0-variance	MISC	M031S02	M038D05	905.0	ps^2
M032S00-M032D00-690.0-sum	MISC	M032S00	M032D00	690.0	
M032S00-M032D00-690.0-mean	MISC	M032S00	M032D00	690.0	ps
M032S00-M032D00-690.0-variance	MISC	M032S00	M032D00	690.0	ps^2
M032S00-M032D00-905.0-sum	MISC	M032S00	M032D00	905.0	
M032S00-M032D00-905.0-mean	MISC	M032S00	M032D00	905.0	ps
M032S00-M032D00-905.0-variance	MISC	M032S00	M032D00	905.0	ps^2
M032S00-M032D04-690.0-sum	MISC	M032S00	M032D04	690.0	
M032S00-M032D04-690.0-mean	MISC	M032S00	M032D04	690.0	ps
M032S00-M032D04-690.0-variance	MISC	M032S00	M032D04	690.0	ps^2
M032S00-M032D04-905.0-sum	MISC	M032S00	M032D04	905.0	
M032S00-M032D04-905.0-mean	MISC	M032S00	M032D04	905.0	ps
M032S00-M032D04-905.0-variance	MISC	M032S00	M032D04	905.0	ps^2
M032S00-M032D05-690.0-sum	MISC	M032S00	M032D05	690.0	
M032S00-M032D05-690.0-mean	MISC	M032S00	M032D05	690.0	ps
M032S00-M032D05-690.0-variance	MISC	M032S00	M032D05	690.0	ps^2
M032S00-M032D05-905.0-sum	MISC	M032S00	M032D05	905.0	
M032S00-M032D05-905.0-mean	MISC	M032S00	M032D05	905.0	ps
M032S00-M032D05-905.0-variance	MISC	M032S00	M032D05	905.0	ps^2
M032S01-M032D01-690.0-sum	MISC	M032S01	M032D01	690.0	
M032S01-M032D01-690.0-mean	MISC	M032S01	M032D01	690.0	ps
M032S01-M032D01-690.0-variance	MISC	M032S01	M032D01	690.0	ps^2
M032S01-M032D01-905.0-sum	MISC	M032S01	M032D01	905.0	
M032S01-M032D01-905.0-mean	MISC	M032S01	M032D01	905.0	ps
M032S01-M032D01-905.0-variance	MISC	M032S01	M032D01	905.0	ps^2
M032S01-M032D02-690.0-sum	MISC	M032S01	M032D02	690.0	
M032S01-M032D02-690.0-mean	MISC	M032S01	M032D02	690.0	ps
M032S01-M032D02-690.0-variance	MISC	M032S01	M032D02	690.0	ps^2
M032S01-M032D02-905.0-sum	MISC	M032S01	M032D02	905.0	
M032S01-M032D02-905.0-mean	MISC	M032S01	M032D02	905.0	ps
M032S01-M032D02-905.0-variance	MISC	M032S01	M032D02	905.0	ps^2
M032S02-M032D02-690.0-sum	MISC	M032S02	M032D02	690.0	
M032S02-M032D02-690.0-mean	MISC	M032S02	M032D02	690.0	ps
M032S02-M032D02-690.0-variance	MISC	M032S02	M032D02	690.0	ps^2
M032S02-M032D02-905.0-sum	MISC	M032S02	M032D02	905.0	
M032S02-M032D02-905.0-mean	MISC	M032S02	M032D02	905.0	ps
M032S02-M032D02-905.0-variance	MISC	M032S02	M032D02	905.0	ps^2
M032S02-M032D03-690.0-sum	MISC	M032S02	M032D03	690.0	
M032S02-M032D03-690.0-mean	MISC	M032S02	M032D03	690.0	ps
M032S02-M032D03-690.0-variance	MISC	M032S02	M032D03	690.0	ps^2
M032S02-M032D03-905.0-sum	MISC	M032S02	M032D03	905.0	
M032S02-M032D03-905.0-mean	MISC	M032S02	M032D03	905.0	ps
M032S02-M032D03-905.0-variance	MISC	M032S02	M032D03	905.0	ps^2
M032S02-M032D04-690.0-sum	MISC	M032S02	M032D04	690.0	
M032S02-M032D04-690.0-mean	MISC	M032S02	M032D04	690.0	ps
M032S02-M032D04-690.0-variance	MISC	M032S02	M032D04	690.0	ps^2
M032S02-M032D04-905.0-sum	MISC	M032S02	M032D04	905.0	
M032S02-M032D04-905.0-mean	MISC	M032S02	M032D04	905.0	ps
M032S02-M032D04-905.0-variance	MISC	M032S02	M032D04	905.0	ps^2
M032S02-M032D05-690.0-sum	MISC	M032S02	M032D05	690.0	
M032S02-M032D05-690.0-mean	MISC	M032S02	M032D05	690.0	ps
M032S02-M032D05-690.0-variance	MISC	M032S02	M032D05	690.0	ps^2
M032S02-M032D05-905.0-sum	MISC	M032S02	M032D05	905.0	
M032S02-M032D05-905.0-mean	MISC	M032S02	M032D05	905.0	ps
M032S02-M032D05-905.0-variance	MISC	M032S02	M032D05	905.0	ps^2
M033S00-M033D00-690.0-sum	MISC	M033S00	M033D00	690.0	
M033S00-M033D00-690.0-mean	MISC	M033S00	M033D00	690.0	ps
M033S00-M033D00-690.0-variance	MISC	M033S00	M033D00	690.0	ps^2
M033S00-M033D00-905.0-sum	MISC	M033S00	M033D00	905.0	
M033S00-M033D00-905.0-mean	MISC	M033S00	M033D00	905.0	ps
M033S00-M033D00-905.0-variance	MISC	M033S00	M033D00	905.0	ps^2
M033S00-M033D01-690.0-sum	MISC	M033S00	M033D01	690.0	
M033S00-M033D01-690.0-mean	MISC	M033S00	M033D01	690.0	ps
M033S00-M033D01-690.0-variance	MISC	M033S00	M033D01	690.0	ps^2
M033S00-M033D01-905.0-sum	MISC	M033S00	M033D01	905.0	
M033S00-M033D01-905.0-mean	MISC	M033S00	M033D01	905.0	ps
M033S00-M033D01-905.0-variance	MISC	M033S00	M033D01	905.0	ps^2
M033S00-M033D04-690.0-sum	MISC	M033S00	M033D04	690.0	
M033S00-M033D04-690.0-mean	MISC	M033S00	M033D04	690.0	ps
M033S00-M033D04-690.0-variance	MISC	M033S00	M033D04	690.0	ps^2
M033S00-M033D04-905.0-sum	MISC	M033S00	M033D04	905.0	
M033S00-M033D04-905.0-mean	MISC	M033S00	M033D04	905.0	ps
M033S00-M033D04-905.0-variance	MISC	M033S00	M033D04	905.0	ps^2
M033S00-M033D05-690.0-sum	MISC	M033S00	M033D05	690.0	
M033S00-M033D05-690.0-mean	MISC	M033S00	M033D05	690.0	ps
M033S00-M033D05-690.0-variance	MISC	M033S00	M033D05	690.0	ps^2
M033S00-M033D05-905.0-sum	MISC	M033S00	M033D05	905.0	
M033S00-M033D05-905.0-mean	MISC	M033S00	M033D05	905.0	ps
M033S00-M033D05-905.0-variance	MISC	M033S00	M033D05	905.0	ps^2
M033S01-M033D00-690.0-sum	MISC	M033S01	M033D00	690.0	
M033S01-M033D00-690.0-mean	MISC	M033S01	M033D00	690.0	ps
M033S01-M033D00-690.0-variance	MISC	M033S01	M033D00	690.0	ps^2
M033S01-M033D00-905.0-sum	MISC	M033S01	M033D00	905.0	
M033S01-M033D00-905.0-mean	MISC	M033S01	M033D00	905.0	ps
M033S01-M033D00-905.0-variance	MISC	M033S01	M033D00	905.0	ps^2
M033S01-M033D01-690.0-sum	MISC	M033S01	M033D01	690.0	
M033S01-M033D01-690.0-mean	MISC	M033S01	M033D01	690.0	ps
M033S01-M033D01-690.0-variance	MISC	M033S01	M033D01	690.0	ps^2
M033S01-M033D01-905.0-sum	MISC	M033S01	M033D01	905.0	
M033S01-M033D01-905.0-mean	MISC	M033S01	M033D01	905.0	ps
M033S01-M033D01-905.0-variance	MISC	M033S01	M033D01	905.0	ps^2
M033S01-M033D02-690.0-sum	MISC	M033S01	M033D02	690.0	
M033S01-M033D02-690.0-mean	MISC	M033S01	M033D02	690.0	ps
M033S01-M033D02-690.0-variance	MISC	M033S01	M033D02	690.0	ps^2
M033S01-M033D02-905.0-sum	MISC	M033S01	M033D02	905.0	
M033S01-M033D02-905.0-mean	MISC	M033S01	M033D02	905.0	ps
M033S01-M033D02-905.0-variance	MISC	M033S01	M033D02	905.0	ps^2
M033S01-M033D03-690.0-sum	MISC	M033S01	M033D03	690.0	
M033S01-M033D03-690.0-mean	MISC	M033S01	M033D03	690.0	ps
M033S01-M033D03-690.0-variance	MISC	M033S01	M033D03	690.0	ps^2
M033S01-M033D03-905.0-sum	MISC	M033S01	M033D03	905.0	
M033S01-M033D03-905.0-mean	MISC	M033S01	M033D03	905.0	ps
M033S01-M033D03-905.0-variance	MISC	M033S01	M033D03	905.0	ps^2
M033S02-M031D00-690.0-sum	MISC	M033S02	M031D00	690.0	
M033S02-M031D00-690.0-mean	MISC	M033S02	M031D00	690.0	ps
M033S02-M031D00-690.0-variance	MISC	M033S02	M031D00	690.0	ps^2
M033S02-M031D00-905.0-sum	MISC	M033S02	M031D00	905.0	
M033S02-M031D00-905.0-mean	MISC	M033S02	M031D00	905.0	ps
M033S02-M031D00-905.0-variance	MISC	M033S02	M031D00	905.0	ps^2
M033S02-M033D02-690.0-sum	MISC	M033S02	M033D02	690.0	
M033S02-M033D02-690.0-mean	MISC	M033S02	M033D02	690.0	ps
M033S02-M033D02-690.0-variance	MISC	M033S02	M033D02	690.0	ps^2
M033S02-M033D02-905.0-sum	MISC	M033S02	M033D02	905.0	
M033S02-M033D02-905.0-mean	MISC	M033S02	M033D02	905.0	ps
M033S02-M033D02-905.0-variance	MISC	M033S02	M033D02	905.0	ps^2
M033S02-M033D03-690.0-sum	MISC	M033S02	M033D03	690.0	
M033S02-M033D03-690.0-mean	MISC	M033S02	M033D03	690.0	ps
M033S02-M033D03-690.0-variance	MISC	M033S02	M033D03	690.0	ps^2
M033S02-M033D03-905.0-sum	MISC	M033S02	M033D03	905.0	
M033S02-M033D03-905.0-mean	MISC	M033S02	M033D03	905.0	ps
M033S02-M033D03-905.0-variance	MISC	M033S02	M033D03	905.0	ps^2
M033S02-M033D04-690.0-sum	MISC	M033S02	M033D04	690.0	
M033S02-M033D04-690.0-mean	MISC	M033S02	M033D04	690.0	ps
M033S02-M033D04-690.0-variance	MISC	M033S02	M033D04	690.0	ps^2
M033S02-M033D04-905.0-sum	MISC	M033S02	M033D04	905.0	
M033S02-M033D04-905.0-mean	MISC	M033S02	M033D04	905.0	ps
M033S02-M033D04-905.0-variance	MISC	M033S02	M033D04	905.0	ps^2
M033S02-M033D05-690.0-sum	MISC	M033S02	M033D05	690.0	
M033S02-M033D05-690.0-mean	MISC	M033S02	M033D05	690.0	ps
M033S02-M033D05-690.0-variance	MISC	M033S02	M033D05	690.0	ps^2
M033S02-M033D05-905.0-sum	MISC	M033S02	M033D05	905.0	
M033S02-M033D05-905.0-mean	MISC	M033S02	M033D05	905.0	ps
M033S02-M033D05-905.0-variance	MISC	M033S02	M033D05	905.0	ps^2
M038S00-M030D02-690.0-sum	MISC	M038S00	M030D02	690.0	
M038S00-M030D02-690.0-mean	MISC	M038S00	M030D02	690.0	ps
M038S00-M030D02-690.0-variance	MISC	M038S00	M030D02	690.0	ps^2
M038S00-M030D02-905.0-sum	MISC	M038S00	M030D02	905.0	
M038S00-M030D02-905.0-mean	MISC	M038S00	M030D02	905.0	ps
M038S00-M030D02-905.0-variance	MISC	M038S00	M030D02	905.0	ps^2
M038S00-M031D03-690.0-sum	MISC	M038S00	M031D03	690.0	
M038S00-M031D03-690.0-mean	MISC	M038S00	M031D03	690.0	ps
M038S00-M031D03-690.0-variance	MISC	M038S00	M031D03	690.0	ps^2
M038S00-M031D03-905.0-sum	MISC	M038S00	M031D03	905.0	
M038S00-M031D03-905.0-mean	MISC	M038S00	M031D03	905.0	ps
M038S00-M031D03-905.0-variance	MISC	M038S00	M031D03	905.0	ps^2
M038S00-M038D00-690.0-sum	MISC	M038S00	M038D00	690.0	
M038S00-M038D00-690.0-mean	MISC	M038S00	M038D00	690.0	ps
M038S00-M038D00-690.0-variance	MISC	M038S00	M038D00	690.0	ps^2
M038S00-M038D00-905.0-sum	MISC	M038S00	M038D00	905.0	
M038S00-M038D00-905.0-mean	MISC	M038S00	M038D00	905.0	ps
M038S00-M038D00-905.0-variance	MISC	M038S00	M038D00	905.0	ps^2
M038S00-M038D05-690.0-sum	MISC	M038S00	M038D05	690.0	
M038S00-M038D05-690.0-mean	MISC	M038S00	M038D05	690.0	ps
M038S00-M038D05-690.0-variance	MISC	M038S00	M038D05	690.0	ps^2
M038S00-M038D05-905.0-sum	MISC	M038S00	M038D05	905.0	
M038S00-M038D05-905.0-mean	MISC	M038S00	M038D05	905.0	ps
M038S00-M038D05-905.0-variance	MISC	M038S00	M038D05	905.0	ps^2
M038S01-M028D02-690.0-sum	MISC	M038S01	M028D02	690.0	
M038S01-M028D02-690.0-mean	MISC	M038S01	M028D02	690.0	ps
M038S01-M028D02-690.0-variance	MISC	M038S01	M028D02	690.0	ps^2
M038S01-M028D02-905.0-sum	MISC	M038S01	M028D02	905.0	
M038S01-M028D02-905.0-mean	MISC	M038S01	M028D02	905.0	ps
M038S01-M028D02-905.0-variance	MISC	M038S01	M028D02	905.0	ps^2
M038S01-M028D03-690.0-sum	MISC	M038S01	M028D03	690.0	
M038S01-M028D03-690.0-mean	MISC	M038S01	M028D03	690.0	ps
M038S01-M028D03-690.0-variance	MISC	M038S01	M028D03	690.0	ps^2
M038S01-M028D03-905.0-sum	MISC	M038S01	M028D03	905.0	
M038S01-M028D03-905.0-mean	MISC	M038S01	M028D03	905.0	ps
M038S01-M028D03-905.0-variance	MISC	M038S01	M028D03	905.0	ps^2
M038S01-M038D01-690.0-sum	MISC	M038S01	M038D01	690.0	
M038S01-M038D01-690.0-mean	MISC	M038S01	M038D01	690.0	ps
M038S01-M038D01-690.0-variance	MISC	M038S01	M038D01	690.0	ps^2
M038S01-M038D01-905.0-sum	MISC	M038S01	M038D01	905.0	
M038S01-M038D01-905.0-mean	MISC	M038S01	M038D01	905.0	ps
M038S01-M038D01-905.0-variance	MISC	M038S01	M038D01	905.0	ps^2
M038S01-M038D02-690.0-sum	MISC	M038S01	M038D02	690.0	
M038S01-M038D02-690.0-mean	MISC	M038S01	M038D02	690.0	ps
M038S01-M038D02-690.0-variance	MISC	M038S01	M038D02	690.0	ps^2
M038S01-M038D02-905.0-sum	MISC	M038S01	M038D02	905.0	
M038S01-M038D02-905.0-mean	MISC	M038S01	M038D02	905.0	ps
M038S01-M038D02-905.0-variance	MISC	M038S01	M038D02	905.0	ps^2
M038S02-M029D02-690.0-sum	MISC	M038S02	M029D02	690.0	
M038S02-M029D02-690.0-mean	MISC	M038S02	M029D02	690.0	ps
M038S02-M029D02-690.0-variance	MISC	M038S02	M029D02	690.0	ps^2
M038S02-M029D02-905.0-sum	MISC	M038S02	M029D02	905.0	
M038S02-M029D02-905.0-mean	MISC	M038S02	M029D02	905.0	ps
M038S02-M029D02-905.0-variance	MISC	M038S02	M029D02	905.0	ps^2
M038S02-M029D03-690.0-sum	MISC	M038S02	M029D03	690.0	
M038S02-M029D03-690.0-mean	MISC	M038S02	M029D03	690.0	ps
M038S02-M029D03-690.0-variance	MISC	M038S02	M029D03	690.0	ps^2
M038S02-M029D03-905.0-sum	MISC	M038S02	M029D03	905.0	
M038S02-M029D03-905.0-mean	MISC	M038S02	M029D03	905.0	ps
M038S02-M029D03-905.0-variance	MISC	M038S02	M029D03	905.0	ps^2
M038S02-M038D03-690.0-sum	MISC	M038S02	M038D03	690.0	
M038S02-M038D03-690.0-mean	MISC	M038S02	M038D03	690.0	ps
M038S02-M038D03-690.0-variance	MISC	M038S02	M038D03	690.0	ps^2
M038S02-M038D03-905.0-sum	MISC	M038S02	M038D03	905.0	
M038S02-M038D03-905.0-mean	MISC	M038S02	M038D03	905.0	ps
M038S02-M038D03-905.0-variance	MISC	M038S02	M038D03	905.0	ps^2
M038S02-M038D04-690.0-sum	MISC	M038S02	M038D04	690.0	
M038S02-M038D04-690.0-mean	MISC	M038S02	M038D04	690.0	ps
M038S02-M038D04-690.0-variance	MISC	M038S02	M038D04	690.0	ps^2
M038S02-M038D04-905.0-sum	MISC	M038S02	M038D04	905.0	
M038S02-M038D04-905.0-mean	MISC	M038S02	M038D04	905.0	ps
M038S02-M038D04-905.0-variance	MISC	M038S02	M038D04	905.0	ps^2
